adc_file,source_file,mode,chunk_size,chunk_index,original_offset,original_size,compressed_size,compression_ratio,best_compressor,entropy,text_ratio,zero_ratio,unique_byte_count,feature_size_bytes
results/phase3_interleaved/interleaved_256kb_oracle.adc,data/ml_data/phase3_interleaved_ml_artifact_512mb.bin,chunk_oracle_best_size,262144,0,0,262144,1892,0.0072174072265625,lzma_6,4.7464371058915935,1.0,0.0,46,262144
results/phase3_interleaved/interleaved_256kb_oracle.adc,data/ml_data/phase3_interleaved_ml_artifact_512mb.bin,chunk_oracle_best_size,262144,1,262144,262144,102,0.00038909912109375,zstd_19,0.0066727787465866726,0.000324249267578125,0.99957275390625,14,262144
results/phase3_interleaved/interleaved_256kb_oracle.adc,data/ml_data/phase3_interleaved_ml_artifact_512mb.bin,chunk_oracle_best_size,262144,2,524288,262144,184580,0.7041168212890625,lzma_6,7.288526656184728,0.4249839782714844,0.00234222412109375,256,262144
results/phase3_interleaved/interleaved_256kb_oracle.adc,data/ml_data/phase3_interleaved_ml_artifact_512mb.bin,chunk_oracle_best_size,262144,3,786432,262144,74,0.00028228759765625,zstd_10,1.7996677981511775,0.03753662109375,0.76251220703125,20,262144
results/phase3_interleaved/interleaved_256kb_oracle.adc,data/ml_data/phase3_interleaved_ml_artifact_512mb.bin,chunk_oracle_best_size,262144,4,1048576,262144,9016,0.034393310546875,lzma_6,4.424523000495287,1.0,0.0,34,262144
results/phase3_interleaved/interleaved_256kb_oracle.adc,data/ml_data/phase3_interleaved_ml_artifact_512mb.bin,chunk_oracle_best_size,262144,5,1310720,262144,262144,1.0,store,7.999361318885548,0.38234710693359375,0.00383758544921875,256,262144
results/phase3_interleaved/interleaved_256kb_oracle.adc,data/ml_data/phase3_interleaved_ml_artifact_512mb.bin,chunk_oracle_best_size,262144,6,1572864,262144,101,0.000385284423828125,zstd_19,0.0066727787465866726,0.000324249267578125,0.99957275390625,14,262144
results/phase3_interleaved/interleaved_256kb_oracle.adc,data/ml_data/phase3_interleaved_ml_artifact_512mb.bin,chunk_oracle_best_size,262144,7,1835008,262144,254,0.00096893310546875,zstd_10,3.4750401111387323,0.2729454040527344,0.2708473205566406,109,262144
results/phase3_interleaved/interleaved_256kb_oracle.adc,data/ml_data/phase3_interleaved_ml_artifact_512mb.bin,chunk_oracle_best_size,262144,8,2097152,262144,1900,0.0072479248046875,lzma_6,4.755080645317489,1.0,0.0,46,262144
results/phase3_interleaved/interleaved_256kb_oracle.adc,data/ml_data/phase3_interleaved_ml_artifact_512mb.bin,chunk_oracle_best_size,262144,9,2359296,262144,185116,0.7061614990234375,lzma_6,7.2962326252761445,0.4265594482421875,0.002635955810546875,256,262144
results/phase3_interleaved/interleaved_256kb_oracle.adc,data/ml_data/phase3_interleaved_ml_artifact_512mb.bin,chunk_oracle_best_size,262144,10,2621440,262144,83,0.000316619873046875,zstd_10,1.9277406931939804,0.02783203125,0.75927734375,27,262144
results/phase3_interleaved/interleaved_256kb_oracle.adc,data/ml_data/phase3_interleaved_ml_artifact_512mb.bin,chunk_oracle_best_size,262144,11,2883584,262144,262144,1.0,store,7.99934445449297,0.38465118408203125,0.003658294677734375,256,262144
results/phase3_interleaved/interleaved_256kb_oracle.adc,data/ml_data/phase3_interleaved_ml_artifact_512mb.bin,chunk_oracle_best_size,262144,12,3145728,262144,8576,0.03271484375,zstd_19,4.43798953545463,1.0,0.0,34,262144
results/phase3_interleaved/interleaved_256kb_oracle.adc,data/ml_data/phase3_interleaved_ml_artifact_512mb.bin,chunk_oracle_best_size,262144,13,3407872,262144,101,0.000385284423828125,zstd_19,0.0066727787465866726,0.000324249267578125,0.99957275390625,14,262144
results/phase3_interleaved/interleaved_256kb_oracle.adc,data/ml_data/phase3_interleaved_ml_artifact_512mb.bin,chunk_oracle_best_size,262144,14,3670016,262144,1856,0.007080078125,lzma_6,4.757776060019232,1.0,0.0,46,262144
results/phase3_interleaved/interleaved_256kb_oracle.adc,data/ml_data/phase3_interleaved_ml_artifact_512mb.bin,chunk_oracle_best_size,262144,15,3932160,262144,101,0.000385284423828125,zstd_19,0.0066727787465866726,0.000324249267578125,0.99957275390625,14,262144
results/phase3_interleaved/interleaved_256kb_oracle.adc,data/ml_data/phase3_interleaved_ml_artifact_512mb.bin,chunk_oracle_best_size,262144,16,4194304,262144,187220,0.7141876220703125,lzma_6,7.317726554856077,0.4425392150878906,0.00406646728515625,256,262144
results/phase3_interleaved/interleaved_256kb_oracle.adc,data/ml_data/phase3_interleaved_ml_artifact_512mb.bin,chunk_oracle_best_size,262144,17,4456448,262144,75,0.000286102294921875,zstd_10,1.8205400655918629,0.03570556640625,0.761962890625,21,262144
results/phase3_interleaved/interleaved_256kb_oracle.adc,data/ml_data/phase3_interleaved_ml_artifact_512mb.bin,chunk_oracle_best_size,262144,18,4718592,262144,8772,0.0334625244140625,lzma_6,4.441666338647037,1.0,0.0,34,262144
results/phase3_interleaved/interleaved_256kb_oracle.adc,data/ml_data/phase3_interleaved_ml_artifact_512mb.bin,chunk_oracle_best_size,262144,19,4980736,262144,262144,1.0,store,7.999352265676456,0.382476806640625,0.0040435791015625,256,262144
results/phase3_interleaved/interleaved_256kb_oracle.adc,data/ml_data/phase3_interleaved_ml_artifact_512mb.bin,chunk_oracle_best_size,262144,20,5242880,262144,101,0.000385284423828125,zstd_19,0.0066727787465866726,0.000324249267578125,0.99957275390625,14,262144
results/phase3_interleaved/interleaved_256kb_oracle.adc,data/ml_data/phase3_interleaved_ml_artifact_512mb.bin,chunk_oracle_best_size,262144,21,5505024,262144,272,0.00103759765625,zstd_3,4.220821405135011,0.2719573974609375,0.22803878784179688,111,262144
results/phase3_interleaved/interleaved_256kb_oracle.adc,data/ml_data/phase3_interleaved_ml_artifact_512mb.bin,chunk_oracle_best_size,262144,22,5767168,262144,1856,0.007080078125,lzma_6,4.757772630042056,1.0,0.0,46,262144
results/phase3_interleaved/interleaved_256kb_oracle.adc,data/ml_data/phase3_interleaved_ml_artifact_512mb.bin,chunk_oracle_best_size,262144,23,6029312,262144,184356,0.7032623291015625,lzma_6,7.2867891271387375,0.48950958251953125,0.002201080322265625,256,262144
results/phase3_interleaved/interleaved_256kb_oracle.adc,data/ml_data/phase3_interleaved_ml_artifact_512mb.bin,chunk_oracle_best_size,262144,24,6291456,262144,85,0.000324249267578125,zstd_10,1.9428040212458586,0.0267333984375,0.75897216796875,28,262144
results/phase3_interleaved/interleaved_256kb_oracle.adc,data/ml_data/phase3_interleaved_ml_artifact_512mb.bin,chunk_oracle_best_size,262144,25,6553600,262144,262144,1.0,store,7.9993571543382505,0.3833656311035156,0.003875732421875,256,262144
results/phase3_interleaved/interleaved_256kb_oracle.adc,data/ml_data/phase3_interleaved_ml_artifact_512mb.bin,chunk_oracle_best_size,262144,26,6815744,262144,8262,0.03151702880859375,zstd_19,4.443303072589177,1.0,0.0,34,262144
results/phase3_interleaved/interleaved_256kb_oracle.adc,data/ml_data/phase3_interleaved_ml_artifact_512mb.bin,chunk_oracle_best_size,262144,27,7077888,262144,101,0.000385284423828125,zstd_19,0.0066727787465866726,0.000324249267578125,0.99957275390625,14,262144
results/phase3_interleaved/interleaved_256kb_oracle.adc,data/ml_data/phase3_interleaved_ml_artifact_512mb.bin,chunk_oracle_best_size,262144,28,7340032,262144,1856,0.007080078125,lzma_6,4.762779289442341,1.0,0.0,46,262144
results/phase3_interleaved/interleaved_256kb_oracle.adc,data/ml_data/phase3_interleaved_ml_artifact_512mb.bin,chunk_oracle_best_size,262144,29,7602176,262144,101,0.000385284423828125,zstd_19,0.0066727787465866726,0.000324249267578125,0.99957275390625,14,262144
results/phase3_interleaved/interleaved_256kb_oracle.adc,data/ml_data/phase3_interleaved_ml_artifact_512mb.bin,chunk_oracle_best_size,262144,30,7864320,262144,184352,0.7032470703125,lzma_6,7.272936051632525,0.438262939453125,0.00231170654296875,256,262144
results/phase3_interleaved/interleaved_256kb_oracle.adc,data/ml_data/phase3_interleaved_ml_artifact_512mb.bin,chunk_oracle_best_size,262144,31,8126464,262144,77,0.000293731689453125,zstd_10,1.8406283492670494,0.0340576171875,0.76141357421875,22,262144
results/phase3_interleaved/interleaved_256kb_oracle.adc,data/ml_data/phase3_interleaved_ml_artifact_512mb.bin,chunk_oracle_best_size,262144,32,8388608,262144,8333,0.031787872314453125,zstd_19,4.442376012755131,1.0,0.0,34,262144
results/phase3_interleaved/interleaved_256kb_oracle.adc,data/ml_data/phase3_interleaved_ml_artifact_512mb.bin,chunk_oracle_best_size,262144,33,8650752,262144,262144,1.0,store,7.999318071900816,0.3819770812988281,0.003925323486328125,256,262144
results/phase3_interleaved/interleaved_256kb_oracle.adc,data/ml_data/phase3_interleaved_ml_artifact_512mb.bin,chunk_oracle_best_size,262144,34,8912896,262144,101,0.000385284423828125,zstd_19,0.0066727787465866726,0.000324249267578125,0.99957275390625,14,262144
results/phase3_interleaved/interleaved_256kb_oracle.adc,data/ml_data/phase3_interleaved_ml_artifact_512mb.bin,chunk_oracle_best_size,262144,35,9175040,262144,272,0.00103759765625,zstd_3,4.21377795223807,0.2710609436035156,0.22803878784179688,110,262144
results/phase3_interleaved/interleaved_256kb_oracle.adc,data/ml_data/phase3_interleaved_ml_artifact_512mb.bin,chunk_oracle_best_size,262144,36,9437184,262144,1856,0.007080078125,lzma_6,4.756038637683515,1.0,0.0,46,262144
results/phase3_interleaved/interleaved_256kb_oracle.adc,data/ml_data/phase3_interleaved_ml_artifact_512mb.bin,chunk_oracle_best_size,262144,37,9699328,262144,186368,0.7109375,lzma_6,7.279513881662404,0.5059623718261719,0.00402069091796875,256,262144
results/phase3_interleaved/interleaved_256kb_oracle.adc,data/ml_data/phase3_interleaved_ml_artifact_512mb.bin,chunk_oracle_best_size,262144,38,9961472,262144,85,0.000324249267578125,zstd_10,1.9574219614934496,0.02581787109375,0.7586669921875,29,262144
results/phase3_interleaved/interleaved_256kb_oracle.adc,data/ml_data/phase3_interleaved_ml_artifact_512mb.bin,chunk_oracle_best_size,262144,39,10223616,262144,262144,1.0,store,7.999256847470589,0.3817863464355469,0.003948211669921875,256,262144
results/phase3_interleaved/interleaved_256kb_oracle.adc,data/ml_data/phase3_interleaved_ml_artifact_512mb.bin,chunk_oracle_best_size,262144,40,10485760,262144,9020,0.0344085693359375,lzma_6,4.4471782275084095,1.0,0.0,34,262144
results/phase3_interleaved/interleaved_256kb_oracle.adc,data/ml_data/phase3_interleaved_ml_artifact_512mb.bin,chunk_oracle_best_size,262144,41,10747904,262144,101,0.000385284423828125,zstd_19,0.0066727787465866726,0.000324249267578125,0.99957275390625,14,262144
results/phase3_interleaved/interleaved_256kb_oracle.adc,data/ml_data/phase3_interleaved_ml_artifact_512mb.bin,chunk_oracle_best_size,262144,42,11010048,262144,1856,0.007080078125,lzma_6,4.757776060019232,1.0,0.0,46,262144
results/phase3_interleaved/interleaved_256kb_oracle.adc,data/ml_data/phase3_interleaved_ml_artifact_512mb.bin,chunk_oracle_best_size,262144,43,11272192,262144,101,0.000385284423828125,zstd_19,0.0066727787465866726,0.000324249267578125,0.99957275390625,14,262144
results/phase3_interleaved/interleaved_256kb_oracle.adc,data/ml_data/phase3_interleaved_ml_artifact_512mb.bin,chunk_oracle_best_size,262144,44,11534336,262144,180408,0.688201904296875,lzma_6,7.301085885652805,0.4809761047363281,0.003643035888671875,256,262144
results/phase3_interleaved/interleaved_256kb_oracle.adc,data/ml_data/phase3_interleaved_ml_artifact_512mb.bin,chunk_oracle_best_size,262144,45,11796480,262144,78,0.00029754638671875,zstd_10,1.8596352327448284,0.0325927734375,0.76092529296875,23,262144
results/phase3_interleaved/interleaved_256kb_oracle.adc,data/ml_data/phase3_interleaved_ml_artifact_512mb.bin,chunk_oracle_best_size,262144,46,12058624,262144,8280,0.031585693359375,zstd_19,4.445991779578501,1.0,0.0,34,262144
results/phase3_interleaved/interleaved_256kb_oracle.adc,data/ml_data/phase3_interleaved_ml_artifact_512mb.bin,chunk_oracle_best_size,262144,47,12320768,262144,262144,1.0,store,7.999272292430955,0.38433074951171875,0.003681182861328125,256,262144
results/phase3_interleaved/interleaved_256kb_oracle.adc,data/ml_data/phase3_interleaved_ml_artifact_512mb.bin,chunk_oracle_best_size,262144,48,12582912,262144,101,0.000385284423828125,zstd_19,0.0066727787465866726,0.000324249267578125,0.99957275390625,14,262144
results/phase3_interleaved/interleaved_256kb_oracle.adc,data/ml_data/phase3_interleaved_ml_artifact_512mb.bin,chunk_oracle_best_size,262144,49,12845056,262144,272,0.00103759765625,zstd_3,4.206719423966731,0.2719573974609375,0.22803878784179688,109,262144
results/phase3_interleaved/interleaved_256kb_oracle.adc,data/ml_data/phase3_interleaved_ml_artifact_512mb.bin,chunk_oracle_best_size,262144,50,13107200,262144,1856,0.007080078125,lzma_6,4.757085591235707,1.0,0.0,46,262144
results/phase3_interleaved/interleaved_256kb_oracle.adc,data/ml_data/phase3_interleaved_ml_artifact_512mb.bin,chunk_oracle_best_size,262144,51,13369344,262144,178952,0.682647705078125,lzma_6,7.314012899119324,0.4199676513671875,0.004913330078125,256,262144
results/phase3_interleaved/interleaved_256kb_oracle.adc,data/ml_data/phase3_interleaved_ml_artifact_512mb.bin,chunk_oracle_best_size,262144,52,13631488,262144,67,0.000255584716796875,zstd_10,1.728282418908997,0.04412841796875,0.76470947265625,17,262144
results/phase3_interleaved/interleaved_256kb_oracle.adc,data/ml_data/phase3_interleaved_ml_artifact_512mb.bin,chunk_oracle_best_size,262144,53,13893632,262144,262144,1.0,store,7.999304570843928,0.3841400146484375,0.00389862060546875,256,262144
results/phase3_interleaved/interleaved_256kb_oracle.adc,data/ml_data/phase3_interleaved_ml_artifact_512mb.bin,chunk_oracle_best_size,262144,54,14155776,262144,8764,0.0334320068359375,lzma_6,4.4454625611034055,1.0,0.0,34,262144
results/phase3_interleaved/interleaved_256kb_oracle.adc,data/ml_data/phase3_interleaved_ml_artifact_512mb.bin,chunk_oracle_best_size,262144,55,14417920,262144,101,0.000385284423828125,zstd_19,0.0066727787465866726,0.000324249267578125,0.99957275390625,14,262144
results/phase3_interleaved/interleaved_256kb_oracle.adc,data/ml_data/phase3_interleaved_ml_artifact_512mb.bin,chunk_oracle_best_size,262144,56,14680064,262144,1856,0.007080078125,lzma_6,4.760741813541052,1.0,0.0,46,262144
results/phase3_interleaved/interleaved_256kb_oracle.adc,data/ml_data/phase3_interleaved_ml_artifact_512mb.bin,chunk_oracle_best_size,262144,57,14942208,262144,101,0.000385284423828125,zstd_19,0.0066727787465866726,0.000324249267578125,0.99957275390625,14,262144
results/phase3_interleaved/interleaved_256kb_oracle.adc,data/ml_data/phase3_interleaved_ml_artifact_512mb.bin,chunk_oracle_best_size,262144,58,15204352,262144,181256,0.691436767578125,lzma_6,7.222272352665483,0.4144134521484375,0.002788543701171875,256,262144
results/phase3_interleaved/interleaved_256kb_oracle.adc,data/ml_data/phase3_interleaved_ml_artifact_512mb.bin,chunk_oracle_best_size,262144,59,15466496,262144,80,0.00030517578125,zstd_10,1.8779894615960075,0.03131103515625,0.76043701171875,24,262144
results/phase3_interleaved/interleaved_256kb_oracle.adc,data/ml_data/phase3_interleaved_ml_artifact_512mb.bin,chunk_oracle_best_size,262144,60,15728640,262144,8912,0.03399658203125,lzma_6,4.448295737073682,1.0,0.0,34,262144
results/phase3_interleaved/interleaved_256kb_oracle.adc,data/ml_data/phase3_interleaved_ml_artifact_512mb.bin,chunk_oracle_best_size,262144,61,15990784,262144,262144,1.0,store,7.999319594301051,0.3840827941894531,0.00405120849609375,256,262144
results/phase3_interleaved/interleaved_256kb_oracle.adc,data/ml_data/phase3_interleaved_ml_artifact_512mb.bin,chunk_oracle_best_size,262144,62,16252928,262144,101,0.000385284423828125,zstd_19,0.0066727787465866726,0.000324249267578125,0.99957275390625,14,262144
results/phase3_interleaved/interleaved_256kb_oracle.adc,data/ml_data/phase3_interleaved_ml_artifact_512mb.bin,chunk_oracle_best_size,262144,63,16515072,262144,272,0.00103759765625,zstd_3,4.220821405135012,0.27016448974609375,0.22803878784179688,111,262144
results/phase3_interleaved/interleaved_256kb_oracle.adc,data/ml_data/phase3_interleaved_ml_artifact_512mb.bin,chunk_oracle_best_size,262144,64,16777216,262144,1856,0.007080078125,lzma_6,4.756042067660692,1.0,0.0,46,262144
results/phase3_interleaved/interleaved_256kb_oracle.adc,data/ml_data/phase3_interleaved_ml_artifact_512mb.bin,chunk_oracle_best_size,262144,65,17039360,262144,184020,0.7019805908203125,lzma_6,7.319252860875048,0.4509544372558594,0.002582550048828125,256,262144
results/phase3_interleaved/interleaved_256kb_oracle.adc,data/ml_data/phase3_interleaved_ml_artifact_512mb.bin,chunk_oracle_best_size,262144,66,17301504,262144,70,0.00026702880859375,zstd_10,1.7534509016363693,0.0416259765625,0.763916015625,18,262144
results/phase3_interleaved/interleaved_256kb_oracle.adc,data/ml_data/phase3_interleaved_ml_artifact_512mb.bin,chunk_oracle_best_size,262144,67,17563648,262144,262144,1.0,store,7.999395650079436,0.3821563720703125,0.003917694091796875,256,262144
results/phase3_interleaved/interleaved_256kb_oracle.adc,data/ml_data/phase3_interleaved_ml_artifact_512mb.bin,chunk_oracle_best_size,262144,68,17825792,262144,8792,0.033538818359375,lzma_6,4.447348541681952,1.0,0.0,34,262144
results/phase3_interleaved/interleaved_256kb_oracle.adc,data/ml_data/phase3_interleaved_ml_artifact_512mb.bin,chunk_oracle_best_size,262144,69,18087936,262144,104,0.000396728515625,zstd_19,0.0066727787465866726,0.000324249267578125,0.99957275390625,14,262144
results/phase3_interleaved/interleaved_256kb_oracle.adc,data/ml_data/phase3_interleaved_ml_artifact_512mb.bin,chunk_oracle_best_size,262144,70,18350080,262144,1856,0.007080078125,lzma_6,4.757210350919776,1.0,0.0,46,262144
results/phase3_interleaved/interleaved_256kb_oracle.adc,data/ml_data/phase3_interleaved_ml_artifact_512mb.bin,chunk_oracle_best_size,262144,71,18612224,262144,104,0.000396728515625,zstd_19,0.0066727787465866726,0.000324249267578125,0.99957275390625,14,262144
results/phase3_interleaved/interleaved_256kb_oracle.adc,data/ml_data/phase3_interleaved_ml_artifact_512mb.bin,chunk_oracle_best_size,262144,72,18874368,262144,182576,0.69647216796875,lzma_6,7.324293972773274,0.4282341003417969,0.0037841796875,256,262144
results/phase3_interleaved/interleaved_256kb_oracle.adc,data/ml_data/phase3_interleaved_ml_artifact_512mb.bin,chunk_oracle_best_size,262144,73,19136512,262144,81,0.000308990478515625,zstd_10,1.8953693672656133,0.030029296875,0.760009765625,25,262144
results/phase3_interleaved/interleaved_256kb_oracle.adc,data/ml_data/phase3_interleaved_ml_artifact_512mb.bin,chunk_oracle_best_size,262144,74,19398656,262144,8266,0.03153228759765625,zstd_19,4.4459448691531245,1.0,0.0,34,262144
results/phase3_interleaved/interleaved_256kb_oracle.adc,data/ml_data/phase3_interleaved_ml_artifact_512mb.bin,chunk_oracle_best_size,262144,75,19660800,262144,262144,1.0,store,7.999354884247154,0.38205718994140625,0.003833770751953125,256,262144
results/phase3_interleaved/interleaved_256kb_oracle.adc,data/ml_data/phase3_interleaved_ml_artifact_512mb.bin,chunk_oracle_best_size,262144,76,19922944,262144,104,0.000396728515625,zstd_19,0.0066727787465866726,0.000324249267578125,0.99957275390625,14,262144
results/phase3_interleaved/interleaved_256kb_oracle.adc,data/ml_data/phase3_interleaved_ml_artifact_512mb.bin,chunk_oracle_best_size,262144,77,20185088,262144,272,0.00103759765625,zstd_3,4.228223057687382,0.2674751281738281,0.22803878784179688,111,262144
results/phase3_interleaved/interleaved_256kb_oracle.adc,data/ml_data/phase3_interleaved_ml_artifact_512mb.bin,chunk_oracle_best_size,262144,78,20447232,262144,1856,0.007080078125,lzma_6,4.765828447171232,1.0,0.0,46,262144
results/phase3_interleaved/interleaved_256kb_oracle.adc,data/ml_data/phase3_interleaved_ml_artifact_512mb.bin,chunk_oracle_best_size,262144,79,20709376,262144,188240,0.71807861328125,lzma_6,7.289794988353293,0.48040771484375,0.002330780029296875,256,262144
results/phase3_interleaved/interleaved_256kb_oracle.adc,data/ml_data/phase3_interleaved_ml_artifact_512mb.bin,chunk_oracle_best_size,262144,80,20971520,262144,71,0.000270843505859375,zstd_10,1.7772116148855726,0.03948974609375,0.76318359375,19,262144
results/phase3_interleaved/interleaved_256kb_oracle.adc,data/ml_data/phase3_interleaved_ml_artifact_512mb.bin,chunk_oracle_best_size,262144,81,21233664,262144,262144,1.0,store,7.999295865622231,0.38262176513671875,0.00411224365234375,256,262144
results/phase3_interleaved/interleaved_256kb_oracle.adc,data/ml_data/phase3_interleaved_ml_artifact_512mb.bin,chunk_oracle_best_size,262144,82,21495808,262144,8280,0.031585693359375,zstd_19,4.44340669774179,1.0,0.0,34,262144
results/phase3_interleaved/interleaved_256kb_oracle.adc,data/ml_data/phase3_interleaved_ml_artifact_512mb.bin,chunk_oracle_best_size,262144,83,21757952,262144,104,0.000396728515625,zstd_19,0.0066727787465866726,0.000324249267578125,0.99957275390625,14,262144
results/phase3_interleaved/interleaved_256kb_oracle.adc,data/ml_data/phase3_interleaved_ml_artifact_512mb.bin,chunk_oracle_best_size,262144,84,22020096,262144,1856,0.007080078125,lzma_6,4.761003941606804,1.0,0.0,46,262144
results/phase3_interleaved/interleaved_256kb_oracle.adc,data/ml_data/phase3_interleaved_ml_artifact_512mb.bin,chunk_oracle_best_size,262144,85,22282240,262144,104,0.000396728515625,zstd_19,0.0066727787465866726,0.000324249267578125,0.99957275390625,14,262144
results/phase3_interleaved/interleaved_256kb_oracle.adc,data/ml_data/phase3_interleaved_ml_artifact_512mb.bin,chunk_oracle_best_size,262144,86,22544384,262144,183584,0.7003173828125,lzma_6,7.3046276291909855,0.47551727294921875,0.003063201904296875,256,262144
results/phase3_interleaved/interleaved_256kb_oracle.adc,data/ml_data/phase3_interleaved_ml_artifact_512mb.bin,chunk_oracle_best_size,262144,87,22806528,262144,82,0.00031280517578125,zstd_10,1.91181155523121,0.0289306640625,0.7596435546875,26,262144
results/phase3_interleaved/interleaved_256kb_oracle.adc,data/ml_data/phase3_interleaved_ml_artifact_512mb.bin,chunk_oracle_best_size,262144,88,23068672,262144,8860,0.0337982177734375,lzma_6,4.437487602921182,1.0,0.0,34,262144
results/phase3_interleaved/interleaved_256kb_oracle.adc,data/ml_data/phase3_interleaved_ml_artifact_512mb.bin,chunk_oracle_best_size,262144,89,23330816,262144,262144,1.0,store,7.9992146410947775,0.3823738098144531,0.004116058349609375,256,262144
results/phase3_interleaved/interleaved_256kb_oracle.adc,data/ml_data/phase3_interleaved_ml_artifact_512mb.bin,chunk_oracle_best_size,262144,90,23592960,262144,104,0.000396728515625,zstd_19,0.0066727787465866726,0.000324249267578125,0.99957275390625,14,262144
results/phase3_interleaved/interleaved_256kb_oracle.adc,data/ml_data/phase3_interleaved_ml_artifact_512mb.bin,chunk_oracle_best_size,262144,91,23855104,262144,272,0.00103759765625,zstd_3,4.224407220564699,0.27016448974609375,0.22803878784179688,113,262144
results/phase3_interleaved/interleaved_256kb_oracle.adc,data/ml_data/phase3_interleaved_ml_artifact_512mb.bin,chunk_oracle_best_size,262144,92,24117248,262144,1856,0.007080078125,lzma_6,4.758136011254466,1.0,0.0,46,262144
results/phase3_interleaved/interleaved_256kb_oracle.adc,data/ml_data/phase3_interleaved_ml_artifact_512mb.bin,chunk_oracle_best_size,262144,93,24379392,262144,182024,0.694366455078125,lzma_6,7.313911266641341,0.4584083557128906,0.0052490234375,256,262144
results/phase3_interleaved/interleaved_256kb_oracle.adc,data/ml_data/phase3_interleaved_ml_artifact_512mb.bin,chunk_oracle_best_size,262144,94,24641536,262144,74,0.00028228759765625,zstd_10,1.7996677981511775,0.03753662109375,0.76251220703125,20,262144
results/phase3_interleaved/interleaved_256kb_oracle.adc,data/ml_data/phase3_interleaved_ml_artifact_512mb.bin,chunk_oracle_best_size,262144,95,24903680,262144,262144,1.0,store,7.999339879320056,0.3836212158203125,0.004131317138671875,256,262144
results/phase3_interleaved/interleaved_256kb_oracle.adc,data/ml_data/phase3_interleaved_ml_artifact_512mb.bin,chunk_oracle_best_size,262144,96,25165824,262144,8792,0.033538818359375,lzma_6,4.446985910912321,1.0,0.0,34,262144
results/phase3_interleaved/interleaved_256kb_oracle.adc,data/ml_data/phase3_interleaved_ml_artifact_512mb.bin,chunk_oracle_best_size,262144,97,25427968,262144,104,0.000396728515625,zstd_19,0.0066727787465866726,0.000324249267578125,0.99957275390625,14,262144
results/phase3_interleaved/interleaved_256kb_oracle.adc,data/ml_data/phase3_interleaved_ml_artifact_512mb.bin,chunk_oracle_best_size,262144,98,25690112,262144,1856,0.007080078125,lzma_6,4.761363892842038,1.0,0.0,46,262144
results/phase3_interleaved/interleaved_256kb_oracle.adc,data/ml_data/phase3_interleaved_ml_artifact_512mb.bin,chunk_oracle_best_size,262144,99,25952256,262144,104,0.000396728515625,zstd_19,0.0066727787465866726,0.000324249267578125,0.99957275390625,14,262144
results/phase3_interleaved/interleaved_256kb_oracle.adc,data/ml_data/phase3_interleaved_ml_artifact_512mb.bin,chunk_oracle_best_size,262144,100,26214400,262144,180052,0.6868438720703125,lzma_6,7.318373476734256,0.4735107421875,0.003910064697265625,256,262144
results/phase3_interleaved/interleaved_256kb_oracle.adc,data/ml_data/phase3_interleaved_ml_artifact_512mb.bin,chunk_oracle_best_size,262144,101,26476544,262144,83,0.000316619873046875,zstd_10,1.9277406931939804,0.02783203125,0.75927734375,27,262144
results/phase3_interleaved/interleaved_256kb_oracle.adc,data/ml_data/phase3_interleaved_ml_artifact_512mb.bin,chunk_oracle_best_size,262144,102,26738688,262144,8256,0.031494140625,zstd_19,4.460420315797714,1.0,0.0,34,262144
results/phase3_interleaved/interleaved_256kb_oracle.adc,data/ml_data/phase3_interleaved_ml_artifact_512mb.bin,chunk_oracle_best_size,262144,103,27000832,262144,262144,1.0,store,7.999362910201538,0.3837928771972656,0.003940582275390625,256,262144
results/phase3_interleaved/interleaved_256kb_oracle.adc,data/ml_data/phase3_interleaved_ml_artifact_512mb.bin,chunk_oracle_best_size,262144,104,27262976,262144,104,0.000396728515625,zstd_19,0.0066727787465866726,0.000324249267578125,0.99957275390625,14,262144
results/phase3_interleaved/interleaved_256kb_oracle.adc,data/ml_data/phase3_interleaved_ml_artifact_512mb.bin,chunk_oracle_best_size,262144,105,27525120,262144,183,0.000698089599609375,zstd_10,4.072031556044306,0.257965087890625,0.229644775390625,97,262144
results/phase3_interleaved/interleaved_256kb_oracle.adc,data/ml_data/phase3_interleaved_ml_artifact_512mb.bin,chunk_oracle_best_size,262144,106,27787264,262144,1916,0.0073089599609375,lzma_6,4.76011195989087,1.0,0.0,46,262144
results/phase3_interleaved/interleaved_256kb_oracle.adc,data/ml_data/phase3_interleaved_ml_artifact_512mb.bin,chunk_oracle_best_size,262144,107,28049408,262144,182196,0.6950225830078125,lzma_6,7.227517139460882,0.4741058349609375,0.002628326416015625,256,262144
results/phase3_interleaved/interleaved_256kb_oracle.adc,data/ml_data/phase3_interleaved_ml_artifact_512mb.bin,chunk_oracle_best_size,262144,108,28311552,262144,75,0.000286102294921875,zstd_10,1.8205400655918629,0.03570556640625,0.761962890625,21,262144
results/phase3_interleaved/interleaved_256kb_oracle.adc,data/ml_data/phase3_interleaved_ml_artifact_512mb.bin,chunk_oracle_best_size,262144,109,28573696,262144,262144,1.0,store,7.999358199834969,0.3805122375488281,0.003864288330078125,256,262144
results/phase3_interleaved/interleaved_256kb_oracle.adc,data/ml_data/phase3_interleaved_ml_artifact_512mb.bin,chunk_oracle_best_size,262144,110,28835840,262144,8291,0.031627655029296875,zstd_10,4.451588375512617,1.0,0.0,34,262144
results/phase3_interleaved/interleaved_256kb_oracle.adc,data/ml_data/phase3_interleaved_ml_artifact_512mb.bin,chunk_oracle_best_size,262144,111,29097984,262144,104,0.000396728515625,zstd_19,0.0066727787465866726,0.000324249267578125,0.99957275390625,14,262144
results/phase3_interleaved/interleaved_256kb_oracle.adc,data/ml_data/phase3_interleaved_ml_artifact_512mb.bin,chunk_oracle_best_size,262144,112,29360128,262144,1900,0.0072479248046875,lzma_6,4.765433153509025,1.0,0.0,46,262144
results/phase3_interleaved/interleaved_256kb_oracle.adc,data/ml_data/phase3_interleaved_ml_artifact_512mb.bin,chunk_oracle_best_size,262144,113,29622272,262144,104,0.000396728515625,zstd_19,0.0066727787465866726,0.000324249267578125,0.99957275390625,14,262144
results/phase3_interleaved/interleaved_256kb_oracle.adc,data/ml_data/phase3_interleaved_ml_artifact_512mb.bin,chunk_oracle_best_size,262144,114,29884416,262144,181296,0.69158935546875,lzma_6,7.320495565013477,0.4266700744628906,0.002750396728515625,256,262144
results/phase3_interleaved/interleaved_256kb_oracle.adc,data/ml_data/phase3_interleaved_ml_artifact_512mb.bin,chunk_oracle_best_size,262144,115,30146560,262144,85,0.000324249267578125,zstd_10,1.9428040212458586,0.0267333984375,0.75897216796875,28,262144
results/phase3_interleaved/interleaved_256kb_oracle.adc,data/ml_data/phase3_interleaved_ml_artifact_512mb.bin,chunk_oracle_best_size,262144,116,30408704,262144,8063,0.030757904052734375,zstd_19,4.4499313385696935,1.0,0.0,34,262144
results/phase3_interleaved/interleaved_256kb_oracle.adc,data/ml_data/phase3_interleaved_ml_artifact_512mb.bin,chunk_oracle_best_size,262144,117,30670848,262144,262144,1.0,store,7.99930380303987,0.38382720947265625,0.004024505615234375,256,262144
results/phase3_interleaved/interleaved_256kb_oracle.adc,data/ml_data/phase3_interleaved_ml_artifact_512mb.bin,chunk_oracle_best_size,262144,118,30932992,262144,104,0.000396728515625,zstd_19,0.0066727787465866726,0.000324249267578125,0.99957275390625,14,262144
results/phase3_interleaved/interleaved_256kb_oracle.adc,data/ml_data/phase3_interleaved_ml_artifact_512mb.bin,chunk_oracle_best_size,262144,119,31195136,262144,183,0.000698089599609375,zstd_10,4.0746059879144765,0.252655029296875,0.229644775390625,94,262144
results/phase3_interleaved/interleaved_256kb_oracle.adc,data/ml_data/phase3_interleaved_ml_artifact_512mb.bin,chunk_oracle_best_size,262144,120,31457280,262144,1912,0.007293701171875,lzma_6,4.761835380759419,1.0,0.0,46,262144
results/phase3_interleaved/interleaved_256kb_oracle.adc,data/ml_data/phase3_interleaved_ml_artifact_512mb.bin,chunk_oracle_best_size,262144,121,31719424,262144,178260,0.6800079345703125,lzma_6,7.291563110478949,0.4484748840332031,0.003833770751953125,256,262144
results/phase3_interleaved/interleaved_256kb_oracle.adc,data/ml_data/phase3_interleaved_ml_artifact_512mb.bin,chunk_oracle_best_size,262144,122,31981568,262144,77,0.000293731689453125,zstd_10,1.8406283492670494,0.0340576171875,0.76141357421875,22,262144
results/phase3_interleaved/interleaved_256kb_oracle.adc,data/ml_data/phase3_interleaved_ml_artifact_512mb.bin,chunk_oracle_best_size,262144,123,32243712,262144,262144,1.0,store,7.999331976393339,0.3839225769042969,0.0037841796875,256,262144
results/phase3_interleaved/interleaved_256kb_oracle.adc,data/ml_data/phase3_interleaved_ml_artifact_512mb.bin,chunk_oracle_best_size,262144,124,32505856,262144,8050,0.03070831298828125,zstd_19,4.458239757154707,1.0,0.0,34,262144
results/phase3_interleaved/interleaved_256kb_oracle.adc,data/ml_data/phase3_interleaved_ml_artifact_512mb.bin,chunk_oracle_best_size,262144,125,32768000,262144,104,0.000396728515625,zstd_19,0.0066727787465866726,0.000324249267578125,0.99957275390625,14,262144
results/phase3_interleaved/interleaved_256kb_oracle.adc,data/ml_data/phase3_interleaved_ml_artifact_512mb.bin,chunk_oracle_best_size,262144,126,33030144,262144,1912,0.007293701171875,lzma_6,4.765481381174941,1.0,0.0,46,262144
results/phase3_interleaved/interleaved_256kb_oracle.adc,data/ml_data/phase3_interleaved_ml_artifact_512mb.bin,chunk_oracle_best_size,262144,127,33292288,262144,104,0.000396728515625,zstd_19,0.0066727787465866726,0.000324249267578125,0.99957275390625,14,262144
results/phase3_interleaved/interleaved_256kb_oracle.adc,data/ml_data/phase3_interleaved_ml_artifact_512mb.bin,chunk_oracle_best_size,262144,128,33554432,262144,183144,0.698638916015625,lzma_6,7.281728624811716,0.439453125,0.003093719482421875,256,262144
results/phase3_interleaved/interleaved_256kb_oracle.adc,data/ml_data/phase3_interleaved_ml_artifact_512mb.bin,chunk_oracle_best_size,262144,129,33816576,262144,85,0.000324249267578125,zstd_10,1.9574219614934496,0.02581787109375,0.7586669921875,29,262144
results/phase3_interleaved/interleaved_256kb_oracle.adc,data/ml_data/phase3_interleaved_ml_artifact_512mb.bin,chunk_oracle_best_size,262144,130,34078720,262144,8303,0.031673431396484375,zstd_19,4.463019677112449,1.0,0.0,34,262144
results/phase3_interleaved/interleaved_256kb_oracle.adc,data/ml_data/phase3_interleaved_ml_artifact_512mb.bin,chunk_oracle_best_size,262144,131,34340864,262144,262144,1.0,store,7.999322580196289,0.383544921875,0.0040283203125,256,262144
results/phase3_interleaved/interleaved_256kb_oracle.adc,data/ml_data/phase3_interleaved_ml_artifact_512mb.bin,chunk_oracle_best_size,262144,132,34603008,262144,101,0.000385284423828125,zstd_19,0.0066727787465866726,0.000324249267578125,0.99957275390625,14,262144
results/phase3_interleaved/interleaved_256kb_oracle.adc,data/ml_data/phase3_interleaved_ml_artifact_512mb.bin,chunk_oracle_best_size,262144,133,34865152,262144,183,0.000698089599609375,zstd_10,4.077065896079331,0.25177001953125,0.228759765625,93,262144
results/phase3_interleaved/interleaved_256kb_oracle.adc,data/ml_data/phase3_interleaved_ml_artifact_512mb.bin,chunk_oracle_best_size,262144,134,35127296,262144,1912,0.007293701171875,lzma_6,4.763670077087747,1.0,0.0,46,262144
results/phase3_interleaved/interleaved_256kb_oracle.adc,data/ml_data/phase3_interleaved_ml_artifact_512mb.bin,chunk_oracle_best_size,262144,135,35389440,262144,182236,0.6951751708984375,lzma_6,7.234406329894203,0.4651222229003906,0.002292633056640625,256,262144
results/phase3_interleaved/interleaved_256kb_oracle.adc,data/ml_data/phase3_interleaved_ml_artifact_512mb.bin,chunk_oracle_best_size,262144,136,35651584,262144,78,0.00029754638671875,zstd_10,1.8596352327448284,0.0325927734375,0.76092529296875,23,262144
results/phase3_interleaved/interleaved_256kb_oracle.adc,data/ml_data/phase3_interleaved_ml_artifact_512mb.bin,chunk_oracle_best_size,262144,137,35913728,262144,262144,1.0,store,7.999321416414115,0.3837432861328125,0.00417327880859375,256,262144
results/phase3_interleaved/interleaved_256kb_oracle.adc,data/ml_data/phase3_interleaved_ml_artifact_512mb.bin,chunk_oracle_best_size,262144,138,36175872,262144,8848,0.03375244140625,lzma_6,4.461664497631108,1.0,0.0,34,262144
results/phase3_interleaved/interleaved_256kb_oracle.adc,data/ml_data/phase3_interleaved_ml_artifact_512mb.bin,chunk_oracle_best_size,262144,139,36438016,262144,101,0.000385284423828125,zstd_19,0.0066727787465866726,0.000324249267578125,0.99957275390625,14,262144
results/phase3_interleaved/interleaved_256kb_oracle.adc,data/ml_data/phase3_interleaved_ml_artifact_512mb.bin,chunk_oracle_best_size,262144,140,36700160,262144,1912,0.007293701171875,lzma_6,4.760068875868164,1.0,0.0,46,262144
results/phase3_interleaved/interleaved_256kb_oracle.adc,data/ml_data/phase3_interleaved_ml_artifact_512mb.bin,chunk_oracle_best_size,262144,141,36962304,262144,101,0.000385284423828125,zstd_19,0.0066727787465866726,0.000324249267578125,0.99957275390625,14,262144
results/phase3_interleaved/interleaved_256kb_oracle.adc,data/ml_data/phase3_interleaved_ml_artifact_512mb.bin,chunk_oracle_best_size,262144,142,37224448,262144,178420,0.6806182861328125,lzma_6,7.275145214290672,0.44956207275390625,0.0036163330078125,256,262144
results/phase3_interleaved/interleaved_256kb_oracle.adc,data/ml_data/phase3_interleaved_ml_artifact_512mb.bin,chunk_oracle_best_size,262144,143,37486592,262144,67,0.000255584716796875,zstd_10,1.728282418908997,0.04412841796875,0.76470947265625,17,262144
results/phase3_interleaved/interleaved_256kb_oracle.adc,data/ml_data/phase3_interleaved_ml_artifact_512mb.bin,chunk_oracle_best_size,262144,144,37748736,262144,8051,0.030712127685546875,zstd_19,4.451740897548494,1.0,0.0,34,262144
results/phase3_interleaved/interleaved_256kb_oracle.adc,data/ml_data/phase3_interleaved_ml_artifact_512mb.bin,chunk_oracle_best_size,262144,145,38010880,262144,262144,1.0,store,7.999287822545316,0.38249969482421875,0.003932952880859375,256,262144
results/phase3_interleaved/interleaved_256kb_oracle.adc,data/ml_data/phase3_interleaved_ml_artifact_512mb.bin,chunk_oracle_best_size,262144,146,38273024,262144,101,0.000385284423828125,zstd_19,0.0066727787465866726,0.000324249267578125,0.99957275390625,14,262144
results/phase3_interleaved/interleaved_256kb_oracle.adc,data/ml_data/phase3_interleaved_ml_artifact_512mb.bin,chunk_oracle_best_size,262144,147,38535168,262144,183,0.000698089599609375,zstd_10,4.080348415852654,0.25885009765625,0.229644775390625,98,262144
results/phase3_interleaved/interleaved_256kb_oracle.adc,data/ml_data/phase3_interleaved_ml_artifact_512mb.bin,chunk_oracle_best_size,262144,148,38797312,262144,1900,0.0072479248046875,lzma_6,4.7686631339974,1.0,0.0,46,262144
results/phase3_interleaved/interleaved_256kb_oracle.adc,data/ml_data/phase3_interleaved_ml_artifact_512mb.bin,chunk_oracle_best_size,262144,149,39059456,262144,179516,0.6847991943359375,lzma_6,7.297732876749446,0.43222808837890625,0.00301361083984375,256,262144
results/phase3_interleaved/interleaved_256kb_oracle.adc,data/ml_data/phase3_interleaved_ml_artifact_512mb.bin,chunk_oracle_best_size,262144,150,39321600,262144,80,0.00030517578125,zstd_10,1.8779894615960075,0.03131103515625,0.76043701171875,24,262144
results/phase3_interleaved/interleaved_256kb_oracle.adc,data/ml_data/phase3_interleaved_ml_artifact_512mb.bin,chunk_oracle_best_size,262144,151,39583744,262144,262144,1.0,store,7.999155419771432,0.38263702392578125,0.003604888916015625,256,262144
results/phase3_interleaved/interleaved_256kb_oracle.adc,data/ml_data/phase3_interleaved_ml_artifact_512mb.bin,chunk_oracle_best_size,262144,152,39845888,262144,8063,0.030757904052734375,zstd_19,4.458664156150416,1.0,0.0,34,262144
results/phase3_interleaved/interleaved_256kb_oracle.adc,data/ml_data/phase3_interleaved_ml_artifact_512mb.bin,chunk_oracle_best_size,262144,153,40108032,262144,101,0.000385284423828125,zstd_19,0.0066727787465866726,0.000324249267578125,0.99957275390625,14,262144
results/phase3_interleaved/interleaved_256kb_oracle.adc,data/ml_data/phase3_interleaved_ml_artifact_512mb.bin,chunk_oracle_best_size,262144,154,40370176,262144,1900,0.0072479248046875,lzma_6,4.768345160106467,1.0,0.0,46,262144
results/phase3_interleaved/interleaved_256kb_oracle.adc,data/ml_data/phase3_interleaved_ml_artifact_512mb.bin,chunk_oracle_best_size,262144,155,40632320,262144,101,0.000385284423828125,zstd_19,0.0066727787465866726,0.000324249267578125,0.99957275390625,14,262144
results/phase3_interleaved/interleaved_256kb_oracle.adc,data/ml_data/phase3_interleaved_ml_artifact_512mb.bin,chunk_oracle_best_size,262144,156,40894464,262144,184612,0.7042388916015625,lzma_6,7.317354242618128,0.4559135437011719,0.002239227294921875,256,262144
results/phase3_interleaved/interleaved_256kb_oracle.adc,data/ml_data/phase3_interleaved_ml_artifact_512mb.bin,chunk_oracle_best_size,262144,157,41156608,262144,70,0.00026702880859375,zstd_10,1.7534509016363693,0.0416259765625,0.763916015625,18,262144
results/phase3_interleaved/interleaved_256kb_oracle.adc,data/ml_data/phase3_interleaved_ml_artifact_512mb.bin,chunk_oracle_best_size,262144,158,41418752,262144,8080,0.03082275390625,zstd_19,4.462616838959989,1.0,0.0,34,262144
results/phase3_interleaved/interleaved_256kb_oracle.adc,data/ml_data/phase3_interleaved_ml_artifact_512mb.bin,chunk_oracle_best_size,262144,159,41680896,262144,262144,1.0,store,7.999181882040605,0.3850250244140625,0.003757476806640625,256,262144
results/phase3_interleaved/interleaved_256kb_oracle.adc,data/ml_data/phase3_interleaved_ml_artifact_512mb.bin,chunk_oracle_best_size,262144,160,41943040,262144,101,0.000385284423828125,zstd_19,0.0066727787465866726,0.000324249267578125,0.99957275390625,14,262144
results/phase3_interleaved/interleaved_256kb_oracle.adc,data/ml_data/phase3_interleaved_ml_artifact_512mb.bin,chunk_oracle_best_size,262144,161,42205184,262144,183,0.000698089599609375,zstd_10,4.082309572135572,0.25177001953125,0.228759765625,95,262144
results/phase3_interleaved/interleaved_256kb_oracle.adc,data/ml_data/phase3_interleaved_ml_artifact_512mb.bin,chunk_oracle_best_size,262144,162,42467328,262144,1912,0.007293701171875,lzma_6,4.765481381174941,1.0,0.0,46,262144
results/phase3_interleaved/interleaved_256kb_oracle.adc,data/ml_data/phase3_interleaved_ml_artifact_512mb.bin,chunk_oracle_best_size,262144,163,42729472,262144,179804,0.6858978271484375,lzma_6,7.282280464063269,0.46502685546875,0.004150390625,256,262144
results/phase3_interleaved/interleaved_256kb_oracle.adc,data/ml_data/phase3_interleaved_ml_artifact_512mb.bin,chunk_oracle_best_size,262144,164,42991616,262144,81,0.000308990478515625,zstd_10,1.8953693672656133,0.030029296875,0.760009765625,25,262144
results/phase3_interleaved/interleaved_256kb_oracle.adc,data/ml_data/phase3_interleaved_ml_artifact_512mb.bin,chunk_oracle_best_size,262144,165,43253760,262144,262144,1.0,store,7.999277484184319,0.38431549072265625,0.003810882568359375,256,262144
results/phase3_interleaved/interleaved_256kb_oracle.adc,data/ml_data/phase3_interleaved_ml_artifact_512mb.bin,chunk_oracle_best_size,262144,166,43515904,262144,8275,0.031566619873046875,zstd_19,4.453119554070614,1.0,0.0,34,262144
results/phase3_interleaved/interleaved_256kb_oracle.adc,data/ml_data/phase3_interleaved_ml_artifact_512mb.bin,chunk_oracle_best_size,262144,167,43778048,262144,101,0.000385284423828125,zstd_19,0.0066727787465866726,0.000324249267578125,0.99957275390625,14,262144
results/phase3_interleaved/interleaved_256kb_oracle.adc,data/ml_data/phase3_interleaved_ml_artifact_512mb.bin,chunk_oracle_best_size,262144,168,44040192,262144,1900,0.0072479248046875,lzma_6,4.768706218020107,1.0,0.0,46,262144
results/phase3_interleaved/interleaved_256kb_oracle.adc,data/ml_data/phase3_interleaved_ml_artifact_512mb.bin,chunk_oracle_best_size,262144,169,44302336,262144,101,0.000385284423828125,zstd_19,0.0066727787465866726,0.000324249267578125,0.99957275390625,14,262144
results/phase3_interleaved/interleaved_256kb_oracle.adc,data/ml_data/phase3_interleaved_ml_artifact_512mb.bin,chunk_oracle_best_size,262144,170,44564480,262144,186456,0.711273193359375,lzma_6,7.311429099520075,0.4294242858886719,0.002056121826171875,256,262144
results/phase3_interleaved/interleaved_256kb_oracle.adc,data/ml_data/phase3_interleaved_ml_artifact_512mb.bin,chunk_oracle_best_size,262144,171,44826624,262144,71,0.000270843505859375,zstd_10,1.7772116148855726,0.03948974609375,0.76318359375,19,262144
results/phase3_interleaved/interleaved_256kb_oracle.adc,data/ml_data/phase3_interleaved_ml_artifact_512mb.bin,chunk_oracle_best_size,262144,172,45088768,262144,8190,0.03124237060546875,zstd_19,4.459021677984531,1.0,0.0,34,262144
results/phase3_interleaved/interleaved_256kb_oracle.adc,data/ml_data/phase3_interleaved_ml_artifact_512mb.bin,chunk_oracle_best_size,262144,173,45350912,262144,262144,1.0,store,7.999320724566425,0.3835716247558594,0.003814697265625,256,262144
results/phase3_interleaved/interleaved_256kb_oracle.adc,data/ml_data/phase3_interleaved_ml_artifact_512mb.bin,chunk_oracle_best_size,262144,174,45613056,262144,101,0.000385284423828125,zstd_19,0.0066727787465866726,0.000324249267578125,0.99957275390625,14,262144
results/phase3_interleaved/interleaved_256kb_oracle.adc,data/ml_data/phase3_interleaved_ml_artifact_512mb.bin,chunk_oracle_best_size,262144,175,45875200,262144,183,0.000698089599609375,zstd_10,4.08168458147538,0.256195068359375,0.229644775390625,98,262144
results/phase3_interleaved/interleaved_256kb_oracle.adc,data/ml_data/phase3_interleaved_ml_artifact_512mb.bin,chunk_oracle_best_size,262144,176,46137344,262144,1900,0.0072479248046875,lzma_6,4.768512714443622,1.0,0.0,46,262144
results/phase3_interleaved/interleaved_256kb_oracle.adc,data/ml_data/phase3_interleaved_ml_artifact_512mb.bin,chunk_oracle_best_size,262144,177,46399488,262144,183544,0.700164794921875,lzma_6,7.337397895099616,0.4489555358886719,0.002719879150390625,256,262144
results/phase3_interleaved/interleaved_256kb_oracle.adc,data/ml_data/phase3_interleaved_ml_artifact_512mb.bin,chunk_oracle_best_size,262144,178,46661632,262144,82,0.00031280517578125,zstd_10,1.91181155523121,0.0289306640625,0.7596435546875,26,262144
results/phase3_interleaved/interleaved_256kb_oracle.adc,data/ml_data/phase3_interleaved_ml_artifact_512mb.bin,chunk_oracle_best_size,262144,179,46923776,262144,262144,1.0,store,7.999393398995945,0.3834800720214844,0.003978729248046875,256,262144
results/phase3_interleaved/interleaved_256kb_oracle.adc,data/ml_data/phase3_interleaved_ml_artifact_512mb.bin,chunk_oracle_best_size,262144,180,47185920,262144,8178,0.03119659423828125,zstd_19,4.464366143966397,1.0,0.0,34,262144
results/phase3_interleaved/interleaved_256kb_oracle.adc,data/ml_data/phase3_interleaved_ml_artifact_512mb.bin,chunk_oracle_best_size,262144,181,47448064,262144,101,0.000385284423828125,zstd_19,0.0066727787465866726,0.000324249267578125,0.99957275390625,14,262144
results/phase3_interleaved/interleaved_256kb_oracle.adc,data/ml_data/phase3_interleaved_ml_artifact_512mb.bin,chunk_oracle_best_size,262144,182,47710208,262144,1912,0.007293701171875,lzma_6,4.770429638888655,1.0,0.0,46,262144
results/phase3_interleaved/interleaved_256kb_oracle.adc,data/ml_data/phase3_interleaved_ml_artifact_512mb.bin,chunk_oracle_best_size,262144,183,47972352,262144,101,0.000385284423828125,zstd_19,0.0066727787465866726,0.000324249267578125,0.99957275390625,14,262144
results/phase3_interleaved/interleaved_256kb_oracle.adc,data/ml_data/phase3_interleaved_ml_artifact_512mb.bin,chunk_oracle_best_size,262144,184,48234496,262144,182400,0.69580078125,lzma_6,7.322535796227929,0.4582061767578125,0.002613067626953125,256,262144
results/phase3_interleaved/interleaved_256kb_oracle.adc,data/ml_data/phase3_interleaved_ml_artifact_512mb.bin,chunk_oracle_best_size,262144,185,48496640,262144,74,0.00028228759765625,zstd_10,1.7996677981511775,0.03753662109375,0.76251220703125,20,262144
results/phase3_interleaved/interleaved_256kb_oracle.adc,data/ml_data/phase3_interleaved_ml_artifact_512mb.bin,chunk_oracle_best_size,262144,186,48758784,262144,8269,0.031543731689453125,zstd_19,4.462656455855593,1.0,0.0,34,262144
results/phase3_interleaved/interleaved_256kb_oracle.adc,data/ml_data/phase3_interleaved_ml_artifact_512mb.bin,chunk_oracle_best_size,262144,187,49020928,262144,262144,1.0,store,7.999217797558833,0.3836669921875,0.00392913818359375,256,262144
results/phase3_interleaved/interleaved_256kb_oracle.adc,data/ml_data/phase3_interleaved_ml_artifact_512mb.bin,chunk_oracle_best_size,262144,188,49283072,262144,101,0.000385284423828125,zstd_19,0.0066727787465866726,0.000324249267578125,0.99957275390625,14,262144
results/phase3_interleaved/interleaved_256kb_oracle.adc,data/ml_data/phase3_interleaved_ml_artifact_512mb.bin,chunk_oracle_best_size,262144,189,49545216,262144,183,0.000698089599609375,zstd_10,4.08168458147538,0.257965087890625,0.229644775390625,98,262144
results/phase3_interleaved/interleaved_256kb_oracle.adc,data/ml_data/phase3_interleaved_ml_artifact_512mb.bin,chunk_oracle_best_size,262144,190,49807360,262144,1912,0.007293701171875,lzma_6,4.760432554440602,1.0,0.0,46,262144
results/phase3_interleaved/interleaved_256kb_oracle.adc,data/ml_data/phase3_interleaved_ml_artifact_512mb.bin,chunk_oracle_best_size,262144,191,50069504,262144,185448,0.707427978515625,lzma_6,7.298701790819352,0.4580497741699219,0.002460479736328125,256,262144
results/phase3_interleaved/interleaved_256kb_oracle.adc,data/ml_data/phase3_interleaved_ml_artifact_512mb.bin,chunk_oracle_best_size,262144,192,50331648,262144,83,0.000316619873046875,zstd_10,1.9277406931939804,0.02783203125,0.75927734375,27,262144
results/phase3_interleaved/interleaved_256kb_oracle.adc,data/ml_data/phase3_interleaved_ml_artifact_512mb.bin,chunk_oracle_best_size,262144,193,50593792,262144,262144,1.0,store,7.999323336616307,0.38422393798828125,0.0039215087890625,256,262144
results/phase3_interleaved/interleaved_256kb_oracle.adc,data/ml_data/phase3_interleaved_ml_artifact_512mb.bin,chunk_oracle_best_size,262144,194,50855936,262144,8080,0.03082275390625,zstd_19,4.461828471600054,1.0,0.0,34,262144
results/phase3_interleaved/interleaved_256kb_oracle.adc,data/ml_data/phase3_interleaved_ml_artifact_512mb.bin,chunk_oracle_best_size,262144,195,51118080,262144,104,0.000396728515625,zstd_19,0.0066727787465866726,0.000324249267578125,0.99957275390625,14,262144
results/phase3_interleaved/interleaved_256kb_oracle.adc,data/ml_data/phase3_interleaved_ml_artifact_512mb.bin,chunk_oracle_best_size,262144,196,51380224,262144,1900,0.0072479248046875,lzma_6,4.764078554856123,1.0,0.0,46,262144
results/phase3_interleaved/interleaved_256kb_oracle.adc,data/ml_data/phase3_interleaved_ml_artifact_512mb.bin,chunk_oracle_best_size,262144,197,51642368,262144,104,0.000396728515625,zstd_19,0.0066727787465866726,0.000324249267578125,0.99957275390625,14,262144
results/phase3_interleaved/interleaved_256kb_oracle.adc,data/ml_data/phase3_interleaved_ml_artifact_512mb.bin,chunk_oracle_best_size,262144,198,51904512,262144,181528,0.692474365234375,lzma_6,7.246013048035546,0.4319877624511719,0.0034942626953125,256,262144
results/phase3_interleaved/interleaved_256kb_oracle.adc,data/ml_data/phase3_interleaved_ml_artifact_512mb.bin,chunk_oracle_best_size,262144,199,52166656,262144,75,0.000286102294921875,zstd_10,1.8205400655918629,0.03570556640625,0.761962890625,21,262144
results/phase3_interleaved/interleaved_256kb_oracle.adc,data/ml_data/phase3_interleaved_ml_artifact_512mb.bin,chunk_oracle_best_size,262144,200,52428800,262144,8292,0.0316314697265625,zstd_10,4.457095684519502,1.0,0.0,34,262144
results/phase3_interleaved/interleaved_256kb_oracle.adc,data/ml_data/phase3_interleaved_ml_artifact_512mb.bin,chunk_oracle_best_size,262144,201,52690944,262144,262144,1.0,store,7.999366528329565,0.3836669921875,0.00399017333984375,256,262144
results/phase3_interleaved/interleaved_256kb_oracle.adc,data/ml_data/phase3_interleaved_ml_artifact_512mb.bin,chunk_oracle_best_size,262144,202,52953088,262144,104,0.000396728515625,zstd_19,0.0066727787465866726,0.000324249267578125,0.99957275390625,14,262144
results/phase3_interleaved/interleaved_256kb_oracle.adc,data/ml_data/phase3_interleaved_ml_artifact_512mb.bin,chunk_oracle_best_size,262144,203,53215232,262144,183,0.000698089599609375,zstd_10,4.084566839205795,0.25885009765625,0.228759765625,100,262144
results/phase3_interleaved/interleaved_256kb_oracle.adc,data/ml_data/phase3_interleaved_ml_artifact_512mb.bin,chunk_oracle_best_size,262144,204,53477376,262144,1912,0.007293701171875,lzma_6,4.760068875868164,1.0,0.0,46,262144
results/phase3_interleaved/interleaved_256kb_oracle.adc,data/ml_data/phase3_interleaved_ml_artifact_512mb.bin,chunk_oracle_best_size,262144,205,53739520,262144,186116,0.7099761962890625,lzma_6,7.320567076475629,0.4492759704589844,0.002994537353515625,256,262144
results/phase3_interleaved/interleaved_256kb_oracle.adc,data/ml_data/phase3_interleaved_ml_artifact_512mb.bin,chunk_oracle_best_size,262144,206,54001664,262144,85,0.000324249267578125,zstd_10,1.9428040212458586,0.0267333984375,0.75897216796875,28,262144
results/phase3_interleaved/interleaved_256kb_oracle.adc,data/ml_data/phase3_interleaved_ml_artifact_512mb.bin,chunk_oracle_best_size,262144,207,54263808,262144,262144,1.0,store,7.999207086779875,0.38440704345703125,0.00397491455078125,256,262144
results/phase3_interleaved/interleaved_256kb_oracle.adc,data/ml_data/phase3_interleaved_ml_artifact_512mb.bin,chunk_oracle_best_size,262144,208,54525952,262144,8065,0.030765533447265625,zstd_19,4.465872922519961,1.0,0.0,34,262144
results/phase3_interleaved/interleaved_256kb_oracle.adc,data/ml_data/phase3_interleaved_ml_artifact_512mb.bin,chunk_oracle_best_size,262144,209,54788096,262144,104,0.000396728515625,zstd_19,0.0066727787465866726,0.000324249267578125,0.99957275390625,14,262144
results/phase3_interleaved/interleaved_256kb_oracle.adc,data/ml_data/phase3_interleaved_ml_artifact_512mb.bin,chunk_oracle_best_size,262144,210,55050240,262144,1916,0.0073089599609375,lzma_6,4.761835380759419,1.0,0.0,46,262144
results/phase3_interleaved/interleaved_256kb_oracle.adc,data/ml_data/phase3_interleaved_ml_artifact_512mb.bin,chunk_oracle_best_size,262144,211,55312384,262144,104,0.000396728515625,zstd_19,0.0066727787465866726,0.000324249267578125,0.99957275390625,14,262144
results/phase3_interleaved/interleaved_256kb_oracle.adc,data/ml_data/phase3_interleaved_ml_artifact_512mb.bin,chunk_oracle_best_size,262144,212,55574528,262144,178016,0.6790771484375,lzma_6,7.283085937651687,0.4443092346191406,0.0046539306640625,256,262144
results/phase3_interleaved/interleaved_256kb_oracle.adc,data/ml_data/phase3_interleaved_ml_artifact_512mb.bin,chunk_oracle_best_size,262144,213,55836672,262144,77,0.000293731689453125,zstd_10,1.8406283492670494,0.0340576171875,0.76141357421875,22,262144
results/phase3_interleaved/interleaved_256kb_oracle.adc,data/ml_data/phase3_interleaved_ml_artifact_512mb.bin,chunk_oracle_best_size,262144,214,56098816,262144,8050,0.03070831298828125,zstd_19,4.458239757154707,1.0,0.0,34,262144
results/phase3_interleaved/interleaved_256kb_oracle.adc,data/ml_data/phase3_interleaved_ml_artifact_512mb.bin,chunk_oracle_best_size,262144,215,56360960,262144,262144,1.0,store,7.999158862406436,0.3834419250488281,0.003780364990234375,256,262144
results/phase3_interleaved/interleaved_256kb_oracle.adc,data/ml_data/phase3_interleaved_ml_artifact_512mb.bin,chunk_oracle_best_size,262144,216,56623104,262144,104,0.000396728515625,zstd_19,0.0066727787465866726,0.000324249267578125,0.99957275390625,14,262144
results/phase3_interleaved/interleaved_256kb_oracle.adc,data/ml_data/phase3_interleaved_ml_artifact_512mb.bin,chunk_oracle_best_size,262144,217,56885248,262144,183,0.000698089599609375,zstd_10,4.086627397927663,0.25885009765625,0.228759765625,100,262144
results/phase3_interleaved/interleaved_256kb_oracle.adc,data/ml_data/phase3_interleaved_ml_artifact_512mb.bin,chunk_oracle_best_size,262144,218,57147392,262144,1912,0.007293701171875,lzma_6,4.770429638888655,1.0,0.0,46,262144
results/phase3_interleaved/interleaved_256kb_oracle.adc,data/ml_data/phase3_interleaved_ml_artifact_512mb.bin,chunk_oracle_best_size,262144,219,57409536,262144,182456,0.696014404296875,lzma_6,7.284261750070884,0.4265403747558594,0.00211334228515625,256,262144
results/phase3_interleaved/interleaved_256kb_oracle.adc,data/ml_data/phase3_interleaved_ml_artifact_512mb.bin,chunk_oracle_best_size,262144,220,57671680,262144,85,0.000324249267578125,zstd_10,1.9574219614934496,0.02581787109375,0.7586669921875,29,262144
results/phase3_interleaved/interleaved_256kb_oracle.adc,data/ml_data/phase3_interleaved_ml_artifact_512mb.bin,chunk_oracle_best_size,262144,221,57933824,262144,262144,1.0,store,7.999224949090542,0.3836822509765625,0.00397491455078125,256,262144
results/phase3_interleaved/interleaved_256kb_oracle.adc,data/ml_data/phase3_interleaved_ml_artifact_512mb.bin,chunk_oracle_best_size,262144,222,58195968,262144,8267,0.031536102294921875,zstd_19,4.436430270006521,1.0,0.0,34,262144
results/phase3_interleaved/interleaved_256kb_oracle.adc,data/ml_data/phase3_interleaved_ml_artifact_512mb.bin,chunk_oracle_best_size,262144,223,58458112,262144,104,0.000396728515625,zstd_19,0.0066727787465866726,0.000324249267578125,0.99957275390625,14,262144
results/phase3_interleaved/interleaved_256kb_oracle.adc,data/ml_data/phase3_interleaved_ml_artifact_512mb.bin,chunk_oracle_best_size,262144,224,58720256,262144,1900,0.0072479248046875,lzma_6,4.76366664861777,1.0,0.0,46,262144
results/phase3_interleaved/interleaved_256kb_oracle.adc,data/ml_data/phase3_interleaved_ml_artifact_512mb.bin,chunk_oracle_best_size,262144,225,58982400,262144,104,0.000396728515625,zstd_19,0.0066727787465866726,0.000324249267578125,0.99957275390625,14,262144
results/phase3_interleaved/interleaved_256kb_oracle.adc,data/ml_data/phase3_interleaved_ml_artifact_512mb.bin,chunk_oracle_best_size,262144,226,59244544,262144,186460,0.7112884521484375,lzma_6,7.305343914156836,0.4200286865234375,0.004528045654296875,256,262144
results/phase3_interleaved/interleaved_256kb_oracle.adc,data/ml_data/phase3_interleaved_ml_artifact_512mb.bin,chunk_oracle_best_size,262144,227,59506688,262144,78,0.00029754638671875,zstd_10,1.8596352327448284,0.0325927734375,0.76092529296875,23,262144
results/phase3_interleaved/interleaved_256kb_oracle.adc,data/ml_data/phase3_interleaved_ml_artifact_512mb.bin,chunk_oracle_best_size,262144,228,59768832,262144,8038,0.03066253662109375,zstd_19,4.453093802453972,1.0,0.0,34,262144
results/phase3_interleaved/interleaved_256kb_oracle.adc,data/ml_data/phase3_interleaved_ml_artifact_512mb.bin,chunk_oracle_best_size,262144,229,60030976,262144,262144,1.0,store,7.999385627549022,0.382904052734375,0.00399017333984375,256,262144
results/phase3_interleaved/interleaved_256kb_oracle.adc,data/ml_data/phase3_interleaved_ml_artifact_512mb.bin,chunk_oracle_best_size,262144,230,60293120,262144,104,0.000396728515625,zstd_19,0.0066727787465866726,0.000324249267578125,0.99957275390625,14,262144
results/phase3_interleaved/interleaved_256kb_oracle.adc,data/ml_data/phase3_interleaved_ml_artifact_512mb.bin,chunk_oracle_best_size,262144,231,60555264,262144,183,0.000698089599609375,zstd_10,4.087327606974606,0.259735107421875,0.228759765625,99,262144
results/phase3_interleaved/interleaved_256kb_oracle.adc,data/ml_data/phase3_interleaved_ml_artifact_512mb.bin,chunk_oracle_best_size,262144,232,60817408,262144,1912,0.007293701171875,lzma_6,4.763664933444538,1.0,0.0,46,262144
results/phase3_interleaved/interleaved_256kb_oracle.adc,data/ml_data/phase3_interleaved_ml_artifact_512mb.bin,chunk_oracle_best_size,262144,233,61079552,262144,181132,0.6909637451171875,lzma_6,7.268253521916022,0.4466285705566406,0.00533294677734375,256,262144
results/phase3_interleaved/interleaved_256kb_oracle.adc,data/ml_data/phase3_interleaved_ml_artifact_512mb.bin,chunk_oracle_best_size,262144,234,61341696,262144,67,0.000255584716796875,zstd_10,1.728282418908997,0.04412841796875,0.76470947265625,17,262144
results/phase3_interleaved/interleaved_256kb_oracle.adc,data/ml_data/phase3_interleaved_ml_artifact_512mb.bin,chunk_oracle_best_size,262144,235,61603840,262144,262144,1.0,store,7.999340164750919,0.3842658996582031,0.00388336181640625,256,262144
results/phase3_interleaved/interleaved_256kb_oracle.adc,data/ml_data/phase3_interleaved_ml_artifact_512mb.bin,chunk_oracle_best_size,262144,236,61865984,262144,8292,0.0316314697265625,zstd_10,4.463773333971419,1.0,0.0,34,262144
results/phase3_interleaved/interleaved_256kb_oracle.adc,data/ml_data/phase3_interleaved_ml_artifact_512mb.bin,chunk_oracle_best_size,262144,237,62128128,262144,104,0.000396728515625,zstd_19,0.0066727787465866726,0.000324249267578125,0.99957275390625,14,262144
results/phase3_interleaved/interleaved_256kb_oracle.adc,data/ml_data/phase3_interleaved_ml_artifact_512mb.bin,chunk_oracle_best_size,262144,238,62390272,262144,1912,0.007293701171875,lzma_6,4.768661418824168,1.0,0.0,46,262144
results/phase3_interleaved/interleaved_256kb_oracle.adc,data/ml_data/phase3_interleaved_ml_artifact_512mb.bin,chunk_oracle_best_size,262144,239,62652416,262144,104,0.000396728515625,zstd_19,0.0066727787465866726,0.000324249267578125,0.99957275390625,14,262144
results/phase3_interleaved/interleaved_256kb_oracle.adc,data/ml_data/phase3_interleaved_ml_artifact_512mb.bin,chunk_oracle_best_size,262144,240,62914560,262144,177184,0.6759033203125,lzma_6,7.268031564712859,0.4288902282714844,0.004169464111328125,256,262144
results/phase3_interleaved/interleaved_256kb_oracle.adc,data/ml_data/phase3_interleaved_ml_artifact_512mb.bin,chunk_oracle_best_size,262144,241,63176704,262144,80,0.00030517578125,zstd_10,1.8779894615960075,0.03131103515625,0.76043701171875,24,262144
results/phase3_interleaved/interleaved_256kb_oracle.adc,data/ml_data/phase3_interleaved_ml_artifact_512mb.bin,chunk_oracle_best_size,262144,242,63438848,262144,8063,0.030757904052734375,zstd_19,4.45184897868129,1.0,0.0,34,262144
results/phase3_interleaved/interleaved_256kb_oracle.adc,data/ml_data/phase3_interleaved_ml_artifact_512mb.bin,chunk_oracle_best_size,262144,243,63700992,262144,262144,1.0,store,7.999268408805153,0.3847198486328125,0.00377655029296875,256,262144
results/phase3_interleaved/interleaved_256kb_oracle.adc,data/ml_data/phase3_interleaved_ml_artifact_512mb.bin,chunk_oracle_best_size,262144,244,63963136,262144,104,0.000396728515625,zstd_19,0.0066727787465866726,0.000324249267578125,0.99957275390625,14,262144
results/phase3_interleaved/interleaved_256kb_oracle.adc,data/ml_data/phase3_interleaved_ml_artifact_512mb.bin,chunk_oracle_best_size,262144,245,64225280,262144,183,0.000698089599609375,zstd_10,4.078955939942147,0.25885009765625,0.229644775390625,98,262144
results/phase3_interleaved/interleaved_256kb_oracle.adc,data/ml_data/phase3_interleaved_ml_artifact_512mb.bin,chunk_oracle_best_size,262144,246,64487424,262144,1912,0.007293701171875,lzma_6,4.763714876283686,1.0,0.0,46,262144
results/phase3_interleaved/interleaved_256kb_oracle.adc,data/ml_data/phase3_interleaved_ml_artifact_512mb.bin,chunk_oracle_best_size,262144,247,64749568,262144,177132,0.6757049560546875,lzma_6,7.279983033162116,0.4141273498535156,0.003398895263671875,256,262144
results/phase3_interleaved/interleaved_256kb_oracle.adc,data/ml_data/phase3_interleaved_ml_artifact_512mb.bin,chunk_oracle_best_size,262144,248,65011712,262144,70,0.00026702880859375,zstd_10,1.7534509016363693,0.0416259765625,0.763916015625,18,262144
results/phase3_interleaved/interleaved_256kb_oracle.adc,data/ml_data/phase3_interleaved_ml_artifact_512mb.bin,chunk_oracle_best_size,262144,249,65273856,262144,262144,1.0,store,7.999272533412384,0.3821563720703125,0.00403594970703125,256,262144
results/phase3_interleaved/interleaved_256kb_oracle.adc,data/ml_data/phase3_interleaved_ml_artifact_512mb.bin,chunk_oracle_best_size,262144,250,65536000,262144,8050,0.03070831298828125,zstd_19,4.4658793690500715,1.0,0.0,34,262144
results/phase3_interleaved/interleaved_256kb_oracle.adc,data/ml_data/phase3_interleaved_ml_artifact_512mb.bin,chunk_oracle_best_size,262144,251,65798144,262144,104,0.000396728515625,zstd_19,0.0066727787465866726,0.000324249267578125,0.99957275390625,14,262144
results/phase3_interleaved/interleaved_256kb_oracle.adc,data/ml_data/phase3_interleaved_ml_artifact_512mb.bin,chunk_oracle_best_size,262144,252,66060288,262144,1912,0.007293701171875,lzma_6,4.768340016463257,1.0,0.0,46,262144
results/phase3_interleaved/interleaved_256kb_oracle.adc,data/ml_data/phase3_interleaved_ml_artifact_512mb.bin,chunk_oracle_best_size,262144,253,66322432,262144,104,0.000396728515625,zstd_19,0.0066727787465866726,0.000324249267578125,0.99957275390625,14,262144
results/phase3_interleaved/interleaved_256kb_oracle.adc,data/ml_data/phase3_interleaved_ml_artifact_512mb.bin,chunk_oracle_best_size,262144,254,66584576,262144,185456,0.70745849609375,lzma_6,7.289952735343008,0.4834251403808594,0.002368927001953125,256,262144
results/phase3_interleaved/interleaved_256kb_oracle.adc,data/ml_data/phase3_interleaved_ml_artifact_512mb.bin,chunk_oracle_best_size,262144,255,66846720,262144,81,0.000308990478515625,zstd_10,1.8953693672656133,0.030029296875,0.760009765625,25,262144
results/phase3_interleaved/interleaved_256kb_oracle.adc,data/ml_data/phase3_interleaved_ml_artifact_512mb.bin,chunk_oracle_best_size,262144,256,67108864,262144,8067,0.030773162841796875,zstd_19,4.464414070746337,1.0,0.0,34,262144
results/phase3_interleaved/interleaved_256kb_oracle.adc,data/ml_data/phase3_interleaved_ml_artifact_512mb.bin,chunk_oracle_best_size,262144,257,67371008,262144,262144,1.0,store,7.999302121885342,0.38275146484375,0.0040435791015625,256,262144
results/phase3_interleaved/interleaved_256kb_oracle.adc,data/ml_data/phase3_interleaved_ml_artifact_512mb.bin,chunk_oracle_best_size,262144,258,67633152,262144,101,0.000385284423828125,zstd_19,0.0066727787465866726,0.000324249267578125,0.99957275390625,14,262144
results/phase3_interleaved/interleaved_256kb_oracle.adc,data/ml_data/phase3_interleaved_ml_artifact_512mb.bin,chunk_oracle_best_size,262144,259,67895296,262144,183,0.000698089599609375,zstd_10,4.08522462053788,0.257965087890625,0.229644775390625,100,262144
results/phase3_interleaved/interleaved_256kb_oracle.adc,data/ml_data/phase3_interleaved_ml_artifact_512mb.bin,chunk_oracle_best_size,262144,260,68157440,262144,1912,0.007293701171875,lzma_6,4.760111959890871,1.0,0.0,46,262144
results/phase3_interleaved/interleaved_256kb_oracle.adc,data/ml_data/phase3_interleaved_ml_artifact_512mb.bin,chunk_oracle_best_size,262144,261,68419584,262144,180196,0.6873931884765625,lzma_6,7.322389074112349,0.4345054626464844,0.0044097900390625,256,262144
results/phase3_interleaved/interleaved_256kb_oracle.adc,data/ml_data/phase3_interleaved_ml_artifact_512mb.bin,chunk_oracle_best_size,262144,262,68681728,262144,71,0.000270843505859375,zstd_10,1.7772116148855726,0.03948974609375,0.76318359375,19,262144
results/phase3_interleaved/interleaved_256kb_oracle.adc,data/ml_data/phase3_interleaved_ml_artifact_512mb.bin,chunk_oracle_best_size,262144,263,68943872,262144,262144,1.0,store,7.99929631354085,0.38297271728515625,0.00394439697265625,256,262144
results/phase3_interleaved/interleaved_256kb_oracle.adc,data/ml_data/phase3_interleaved_ml_artifact_512mb.bin,chunk_oracle_best_size,262144,264,69206016,262144,8254,0.03148651123046875,zstd_19,4.463570227139614,1.0,0.0,34,262144
results/phase3_interleaved/interleaved_256kb_oracle.adc,data/ml_data/phase3_interleaved_ml_artifact_512mb.bin,chunk_oracle_best_size,262144,265,69468160,262144,101,0.000385284423828125,zstd_19,0.0066727787465866726,0.000324249267578125,0.99957275390625,14,262144
results/phase3_interleaved/interleaved_256kb_oracle.adc,data/ml_data/phase3_interleaved_ml_artifact_512mb.bin,chunk_oracle_best_size,262144,266,69730304,262144,1900,0.0072479248046875,lzma_6,4.7624630208193715,1.0,0.0,46,262144
results/phase3_interleaved/interleaved_256kb_oracle.adc,data/ml_data/phase3_interleaved_ml_artifact_512mb.bin,chunk_oracle_best_size,262144,267,69992448,262144,101,0.000385284423828125,zstd_19,0.0066727787465866726,0.000324249267578125,0.99957275390625,14,262144
results/phase3_interleaved/interleaved_256kb_oracle.adc,data/ml_data/phase3_interleaved_ml_artifact_512mb.bin,chunk_oracle_best_size,262144,268,70254592,262144,181164,0.6910858154296875,lzma_6,7.249163341432142,0.42873382568359375,0.00331878662109375,256,262144
results/phase3_interleaved/interleaved_256kb_oracle.adc,data/ml_data/phase3_interleaved_ml_artifact_512mb.bin,chunk_oracle_best_size,262144,269,70516736,262144,82,0.00031280517578125,zstd_10,1.91181155523121,0.0289306640625,0.7596435546875,26,262144
results/phase3_interleaved/interleaved_256kb_oracle.adc,data/ml_data/phase3_interleaved_ml_artifact_512mb.bin,chunk_oracle_best_size,262144,270,70778880,262144,8053,0.030719757080078125,zstd_19,4.4662775383890585,1.0,0.0,34,262144
results/phase3_interleaved/interleaved_256kb_oracle.adc,data/ml_data/phase3_interleaved_ml_artifact_512mb.bin,chunk_oracle_best_size,262144,271,71041024,262144,262144,1.0,store,7.999335934982376,0.38269805908203125,0.004062652587890625,256,262144
results/phase3_interleaved/interleaved_256kb_oracle.adc,data/ml_data/phase3_interleaved_ml_artifact_512mb.bin,chunk_oracle_best_size,262144,272,71303168,262144,101,0.000385284423828125,zstd_19,0.0066727787465866726,0.000324249267578125,0.99957275390625,14,262144
results/phase3_interleaved/interleaved_256kb_oracle.adc,data/ml_data/phase3_interleaved_ml_artifact_512mb.bin,chunk_oracle_best_size,262144,273,71565312,262144,183,0.000698089599609375,zstd_10,4.084122683817992,0.256195068359375,0.229644775390625,99,262144
results/phase3_interleaved/interleaved_256kb_oracle.adc,data/ml_data/phase3_interleaved_ml_artifact_512mb.bin,chunk_oracle_best_size,262144,274,71827456,262144,1912,0.007293701171875,lzma_6,4.768469630420916,1.0,0.0,46,262144
results/phase3_interleaved/interleaved_256kb_oracle.adc,data/ml_data/phase3_interleaved_ml_artifact_512mb.bin,chunk_oracle_best_size,262144,275,72089600,262144,185252,0.7066802978515625,lzma_6,7.316279307378222,0.4681663513183594,0.003173828125,256,262144
results/phase3_interleaved/interleaved_256kb_oracle.adc,data/ml_data/phase3_interleaved_ml_artifact_512mb.bin,chunk_oracle_best_size,262144,276,72351744,262144,74,0.00028228759765625,zstd_10,1.7996677981511775,0.03753662109375,0.76251220703125,20,262144
results/phase3_interleaved/interleaved_256kb_oracle.adc,data/ml_data/phase3_interleaved_ml_artifact_512mb.bin,chunk_oracle_best_size,262144,277,72613888,262144,262144,1.0,store,7.999129723537651,0.3825263977050781,0.0036163330078125,256,262144
results/phase3_interleaved/interleaved_256kb_oracle.adc,data/ml_data/phase3_interleaved_ml_artifact_512mb.bin,chunk_oracle_best_size,262144,278,72876032,262144,8064,0.03076171875,zstd_19,4.464523591901629,1.0,0.0,34,262144
results/phase3_interleaved/interleaved_256kb_oracle.adc,data/ml_data/phase3_interleaved_ml_artifact_512mb.bin,chunk_oracle_best_size,262144,279,73138176,262144,101,0.000385284423828125,zstd_19,0.0066727787465866726,0.000324249267578125,0.99957275390625,14,262144
results/phase3_interleaved/interleaved_256kb_oracle.adc,data/ml_data/phase3_interleaved_ml_artifact_512mb.bin,chunk_oracle_best_size,262144,280,73400320,262144,1912,0.007293701171875,lzma_6,4.765060217604585,1.0,0.0,46,262144
results/phase3_interleaved/interleaved_256kb_oracle.adc,data/ml_data/phase3_interleaved_ml_artifact_512mb.bin,chunk_oracle_best_size,262144,281,73662464,262144,101,0.000385284423828125,zstd_19,0.0066727787465866726,0.000324249267578125,0.99957275390625,14,262144
results/phase3_interleaved/interleaved_256kb_oracle.adc,data/ml_data/phase3_interleaved_ml_artifact_512mb.bin,chunk_oracle_best_size,262144,282,73924608,262144,180932,0.6902008056640625,lzma_6,7.27573055250732,0.4698066711425781,0.0028839111328125,256,262144
results/phase3_interleaved/interleaved_256kb_oracle.adc,data/ml_data/phase3_interleaved_ml_artifact_512mb.bin,chunk_oracle_best_size,262144,283,74186752,262144,83,0.000316619873046875,zstd_10,1.9277406931939804,0.02783203125,0.75927734375,27,262144
results/phase3_interleaved/interleaved_256kb_oracle.adc,data/ml_data/phase3_interleaved_ml_artifact_512mb.bin,chunk_oracle_best_size,262144,284,74448896,262144,8079,0.030818939208984375,zstd_19,4.463739866022715,1.0,0.0,34,262144
results/phase3_interleaved/interleaved_256kb_oracle.adc,data/ml_data/phase3_interleaved_ml_artifact_512mb.bin,chunk_oracle_best_size,262144,285,74711040,262144,262144,1.0,store,7.999305636317092,0.381439208984375,0.004238128662109375,256,262144
results/phase3_interleaved/interleaved_256kb_oracle.adc,data/ml_data/phase3_interleaved_ml_artifact_512mb.bin,chunk_oracle_best_size,262144,286,74973184,262144,101,0.000385284423828125,zstd_19,0.0066727787465866726,0.000324249267578125,0.99957275390625,14,262144
results/phase3_interleaved/interleaved_256kb_oracle.adc,data/ml_data/phase3_interleaved_ml_artifact_512mb.bin,chunk_oracle_best_size,262144,287,75235328,262144,183,0.000698089599609375,zstd_10,4.084126504458508,0.256195068359375,0.229644775390625,99,262144
results/phase3_interleaved/interleaved_256kb_oracle.adc,data/ml_data/phase3_interleaved_ml_artifact_512mb.bin,chunk_oracle_best_size,262144,288,75497472,262144,1900,0.0072479248046875,lzma_6,4.770597759369458,1.0,0.0,46,262144
results/phase3_interleaved/interleaved_256kb_oracle.adc,data/ml_data/phase3_interleaved_ml_artifact_512mb.bin,chunk_oracle_best_size,262144,289,75759616,262144,179356,0.6841888427734375,lzma_6,7.271856565170555,0.4514579772949219,0.003490447998046875,256,262144
results/phase3_interleaved/interleaved_256kb_oracle.adc,data/ml_data/phase3_interleaved_ml_artifact_512mb.bin,chunk_oracle_best_size,262144,290,76021760,262144,75,0.000286102294921875,zstd_10,1.8205400655918629,0.03570556640625,0.761962890625,21,262144
results/phase3_interleaved/interleaved_256kb_oracle.adc,data/ml_data/phase3_interleaved_ml_artifact_512mb.bin,chunk_oracle_best_size,262144,291,76283904,262144,262144,1.0,store,7.999308026684401,0.3844490051269531,0.004055023193359375,256,262144
results/phase3_interleaved/interleaved_256kb_oracle.adc,data/ml_data/phase3_interleaved_ml_artifact_512mb.bin,chunk_oracle_best_size,262144,292,76546048,262144,8067,0.030773162841796875,zstd_19,4.453149278700761,1.0,0.0,34,262144
results/phase3_interleaved/interleaved_256kb_oracle.adc,data/ml_data/phase3_interleaved_ml_artifact_512mb.bin,chunk_oracle_best_size,262144,293,76808192,262144,101,0.000385284423828125,zstd_19,0.0066727787465866726,0.000324249267578125,0.99957275390625,14,262144
results/phase3_interleaved/interleaved_256kb_oracle.adc,data/ml_data/phase3_interleaved_ml_artifact_512mb.bin,chunk_oracle_best_size,262144,294,77070336,262144,1912,0.007293701171875,lzma_6,4.764035470833417,1.0,0.0,46,262144
results/phase3_interleaved/interleaved_256kb_oracle.adc,data/ml_data/phase3_interleaved_ml_artifact_512mb.bin,chunk_oracle_best_size,262144,295,77332480,262144,101,0.000385284423828125,zstd_19,0.0066727787465866726,0.000324249267578125,0.99957275390625,14,262144
results/phase3_interleaved/interleaved_256kb_oracle.adc,data/ml_data/phase3_interleaved_ml_artifact_512mb.bin,chunk_oracle_best_size,262144,296,77594624,262144,181264,0.69146728515625,lzma_6,7.271895807294511,0.396881103515625,0.003997802734375,256,262144
results/phase3_interleaved/interleaved_256kb_oracle.adc,data/ml_data/phase3_interleaved_ml_artifact_512mb.bin,chunk_oracle_best_size,262144,297,77856768,262144,85,0.000324249267578125,zstd_10,1.9428040212458586,0.0267333984375,0.75897216796875,28,262144
results/phase3_interleaved/interleaved_256kb_oracle.adc,data/ml_data/phase3_interleaved_ml_artifact_512mb.bin,chunk_oracle_best_size,262144,298,78118912,262144,8065,0.030765533447265625,zstd_19,4.464573219285408,1.0,0.0,34,262144
results/phase3_interleaved/interleaved_256kb_oracle.adc,data/ml_data/phase3_interleaved_ml_artifact_512mb.bin,chunk_oracle_best_size,262144,299,78381056,262144,262144,1.0,store,7.99923171494575,0.3826789855957031,0.004024505615234375,256,262144
results/phase3_interleaved/interleaved_256kb_oracle.adc,data/ml_data/phase3_interleaved_ml_artifact_512mb.bin,chunk_oracle_best_size,262144,300,78643200,262144,101,0.000385284423828125,zstd_19,0.0066727787465866726,0.000324249267578125,0.99957275390625,14,262144
results/phase3_interleaved/interleaved_256kb_oracle.adc,data/ml_data/phase3_interleaved_ml_artifact_512mb.bin,chunk_oracle_best_size,262144,301,78905344,262144,183,0.000698089599609375,zstd_10,4.073730043241263,0.257080078125,0.23052978515625,98,262144
results/phase3_interleaved/interleaved_256kb_oracle.adc,data/ml_data/phase3_interleaved_ml_artifact_512mb.bin,chunk_oracle_best_size,262144,302,79167488,262144,1912,0.007293701171875,lzma_6,4.760067160694931,1.0,0.0,46,262144
results/phase3_interleaved/interleaved_256kb_oracle.adc,data/ml_data/phase3_interleaved_ml_artifact_512mb.bin,chunk_oracle_best_size,262144,303,79429632,262144,184348,0.7032318115234375,lzma_6,7.240790186153965,0.49968719482421875,0.002155303955078125,256,262144
results/phase3_interleaved/interleaved_256kb_oracle.adc,data/ml_data/phase3_interleaved_ml_artifact_512mb.bin,chunk_oracle_best_size,262144,304,79691776,262144,77,0.000293731689453125,zstd_10,1.8406283492670494,0.0340576171875,0.76141357421875,22,262144
results/phase3_interleaved/interleaved_256kb_oracle.adc,data/ml_data/phase3_interleaved_ml_artifact_512mb.bin,chunk_oracle_best_size,262144,305,79953920,262144,262144,1.0,store,7.999263967496135,0.3840980529785156,0.003948211669921875,256,262144
results/phase3_interleaved/interleaved_256kb_oracle.adc,data/ml_data/phase3_interleaved_ml_artifact_512mb.bin,chunk_oracle_best_size,262144,306,80216064,262144,8053,0.030719757080078125,zstd_19,4.468815758542849,1.0,0.0,34,262144
results/phase3_interleaved/interleaved_256kb_oracle.adc,data/ml_data/phase3_interleaved_ml_artifact_512mb.bin,chunk_oracle_best_size,262144,307,80478208,262144,101,0.000385284423828125,zstd_19,0.0066727787465866726,0.000324249267578125,0.99957275390625,14,262144
results/phase3_interleaved/interleaved_256kb_oracle.adc,data/ml_data/phase3_interleaved_ml_artifact_512mb.bin,chunk_oracle_best_size,262144,308,80740352,262144,1912,0.007293701171875,lzma_6,4.763291997540097,1.0,0.0,46,262144
results/phase3_interleaved/interleaved_256kb_oracle.adc,data/ml_data/phase3_interleaved_ml_artifact_512mb.bin,chunk_oracle_best_size,262144,309,81002496,262144,101,0.000385284423828125,zstd_19,0.0066727787465866726,0.000324249267578125,0.99957275390625,14,262144
results/phase3_interleaved/interleaved_256kb_oracle.adc,data/ml_data/phase3_interleaved_ml_artifact_512mb.bin,chunk_oracle_best_size,262144,310,81264640,262144,184416,0.7034912109375,lzma_6,7.332440234194693,0.42589569091796875,0.003208160400390625,256,262144
results/phase3_interleaved/interleaved_256kb_oracle.adc,data/ml_data/phase3_interleaved_ml_artifact_512mb.bin,chunk_oracle_best_size,262144,311,81526784,262144,85,0.000324249267578125,zstd_10,1.9574219614934496,0.02581787109375,0.7586669921875,29,262144
results/phase3_interleaved/interleaved_256kb_oracle.adc,data/ml_data/phase3_interleaved_ml_artifact_512mb.bin,chunk_oracle_best_size,262144,312,81788928,262144,8214,0.03133392333984375,zstd_19,4.457925712081262,1.0,0.0,34,262144
results/phase3_interleaved/interleaved_256kb_oracle.adc,data/ml_data/phase3_interleaved_ml_artifact_512mb.bin,chunk_oracle_best_size,262144,313,82051072,262144,262144,1.0,store,7.999135868006022,0.3825111389160156,0.004180908203125,256,262144
results/phase3_interleaved/interleaved_256kb_oracle.adc,data/ml_data/phase3_interleaved_ml_artifact_512mb.bin,chunk_oracle_best_size,262144,314,82313216,262144,101,0.000385284423828125,zstd_19,0.0066727787465866726,0.000324249267578125,0.99957275390625,14,262144
results/phase3_interleaved/interleaved_256kb_oracle.adc,data/ml_data/phase3_interleaved_ml_artifact_512mb.bin,chunk_oracle_best_size,262144,315,82575360,262144,183,0.000698089599609375,zstd_10,4.077612762473262,0.259735107421875,0.228759765625,99,262144
results/phase3_interleaved/interleaved_256kb_oracle.adc,data/ml_data/phase3_interleaved_ml_artifact_512mb.bin,chunk_oracle_best_size,262144,316,82837504,262144,1900,0.0072479248046875,lzma_6,4.763713161110454,1.0,0.0,46,262144
results/phase3_interleaved/interleaved_256kb_oracle.adc,data/ml_data/phase3_interleaved_ml_artifact_512mb.bin,chunk_oracle_best_size,262144,317,83099648,262144,184272,0.70294189453125,lzma_6,7.2706465453534594,0.4498558044433594,0.00270843505859375,256,262144
results/phase3_interleaved/interleaved_256kb_oracle.adc,data/ml_data/phase3_interleaved_ml_artifact_512mb.bin,chunk_oracle_best_size,262144,318,83361792,262144,78,0.00029754638671875,zstd_10,1.8596352327448284,0.0325927734375,0.76092529296875,23,262144
results/phase3_interleaved/interleaved_256kb_oracle.adc,data/ml_data/phase3_interleaved_ml_artifact_512mb.bin,chunk_oracle_best_size,262144,319,83623936,262144,262144,1.0,store,7.999261266861938,0.3836097717285156,0.003826141357421875,256,262144
results/phase3_interleaved/interleaved_256kb_oracle.adc,data/ml_data/phase3_interleaved_ml_artifact_512mb.bin,chunk_oracle_best_size,262144,320,83886080,262144,8078,0.03081512451171875,zstd_19,4.465039569257267,1.0,0.0,34,262144
results/phase3_interleaved/interleaved_256kb_oracle.adc,data/ml_data/phase3_interleaved_ml_artifact_512mb.bin,chunk_oracle_best_size,262144,321,84148224,262144,104,0.000396728515625,zstd_19,0.0066727787465866726,0.000324249267578125,0.99957275390625,14,262144
results/phase3_interleaved/interleaved_256kb_oracle.adc,data/ml_data/phase3_interleaved_ml_artifact_512mb.bin,chunk_oracle_best_size,262144,322,84410368,262144,1900,0.0072479248046875,lzma_6,4.763664933444538,1.0,0.0,46,262144
results/phase3_interleaved/interleaved_256kb_oracle.adc,data/ml_data/phase3_interleaved_ml_artifact_512mb.bin,chunk_oracle_best_size,262144,323,84672512,262144,104,0.000396728515625,zstd_19,0.0066727787465866726,0.000324249267578125,0.99957275390625,14,262144
results/phase3_interleaved/interleaved_256kb_oracle.adc,data/ml_data/phase3_interleaved_ml_artifact_512mb.bin,chunk_oracle_best_size,262144,324,84934656,262144,187180,0.7140350341796875,lzma_6,7.32944736350153,0.4454154968261719,0.003391265869140625,256,262144
results/phase3_interleaved/interleaved_256kb_oracle.adc,data/ml_data/phase3_interleaved_ml_artifact_512mb.bin,chunk_oracle_best_size,262144,325,85196800,262144,67,0.000255584716796875,zstd_10,1.728282418908997,0.04412841796875,0.76470947265625,17,262144
results/phase3_interleaved/interleaved_256kb_oracle.adc,data/ml_data/phase3_interleaved_ml_artifact_512mb.bin,chunk_oracle_best_size,262144,326,85458944,262144,8291,0.031627655029296875,zstd_10,4.463773333971419,1.0,0.0,34,262144
results/phase3_interleaved/interleaved_256kb_oracle.adc,data/ml_data/phase3_interleaved_ml_artifact_512mb.bin,chunk_oracle_best_size,262144,327,85721088,262144,262144,1.0,store,7.999332964771312,0.3810081481933594,0.003765106201171875,256,262144
results/phase3_interleaved/interleaved_256kb_oracle.adc,data/ml_data/phase3_interleaved_ml_artifact_512mb.bin,chunk_oracle_best_size,262144,328,85983232,262144,104,0.000396728515625,zstd_19,0.0066727787465866726,0.000324249267578125,0.99957275390625,14,262144
results/phase3_interleaved/interleaved_256kb_oracle.adc,data/ml_data/phase3_interleaved_ml_artifact_512mb.bin,chunk_oracle_best_size,262144,329,86245376,262144,183,0.000698089599609375,zstd_10,4.0872954807390265,0.257965087890625,0.228759765625,100,262144
results/phase3_interleaved/interleaved_256kb_oracle.adc,data/ml_data/phase3_interleaved_ml_artifact_512mb.bin,chunk_oracle_best_size,262144,330,86507520,262144,1900,0.0072479248046875,lzma_6,4.75701473344972,1.0,0.0,46,262144
results/phase3_interleaved/interleaved_256kb_oracle.adc,data/ml_data/phase3_interleaved_ml_artifact_512mb.bin,chunk_oracle_best_size,262144,331,86769664,262144,178360,0.680389404296875,lzma_6,7.319011254695579,0.4509849548339844,0.00463104248046875,256,262144
results/phase3_interleaved/interleaved_256kb_oracle.adc,data/ml_data/phase3_interleaved_ml_artifact_512mb.bin,chunk_oracle_best_size,262144,332,87031808,262144,80,0.00030517578125,zstd_10,1.8779894615960075,0.03131103515625,0.76043701171875,24,262144
results/phase3_interleaved/interleaved_256kb_oracle.adc,data/ml_data/phase3_interleaved_ml_artifact_512mb.bin,chunk_oracle_best_size,262144,333,87293952,262144,262144,1.0,store,7.999244100444238,0.38222503662109375,0.003787994384765625,256,262144
results/phase3_interleaved/interleaved_256kb_oracle.adc,data/ml_data/phase3_interleaved_ml_artifact_512mb.bin,chunk_oracle_best_size,262144,334,87556096,262144,8065,0.030765533447265625,zstd_19,4.455791561170003,1.0,0.0,34,262144
results/phase3_interleaved/interleaved_256kb_oracle.adc,data/ml_data/phase3_interleaved_ml_artifact_512mb.bin,chunk_oracle_best_size,262144,335,87818240,262144,104,0.000396728515625,zstd_19,0.0066727787465866726,0.000324249267578125,0.99957275390625,14,262144
results/phase3_interleaved/interleaved_256kb_oracle.adc,data/ml_data/phase3_interleaved_ml_artifact_512mb.bin,chunk_oracle_best_size,262144,336,88080384,262144,1900,0.0072479248046875,lzma_6,4.760660733865243,1.0,0.0,46,262144
results/phase3_interleaved/interleaved_256kb_oracle.adc,data/ml_data/phase3_interleaved_ml_artifact_512mb.bin,chunk_oracle_best_size,262144,337,88342528,262144,104,0.000396728515625,zstd_19,0.0066727787465866726,0.000324249267578125,0.99957275390625,14,262144
results/phase3_interleaved/interleaved_256kb_oracle.adc,data/ml_data/phase3_interleaved_ml_artifact_512mb.bin,chunk_oracle_best_size,262144,338,88604672,262144,184560,0.70404052734375,lzma_6,7.262729284836165,0.4372100830078125,0.002109527587890625,256,262144
results/phase3_interleaved/interleaved_256kb_oracle.adc,data/ml_data/phase3_interleaved_ml_artifact_512mb.bin,chunk_oracle_best_size,262144,339,88866816,262144,70,0.00026702880859375,zstd_10,1.7534509016363693,0.0416259765625,0.763916015625,18,262144
results/phase3_interleaved/interleaved_256kb_oracle.adc,data/ml_data/phase3_interleaved_ml_artifact_512mb.bin,chunk_oracle_best_size,262144,340,89128960,262144,8872,0.033843994140625,lzma_6,4.467634886758082,1.0,0.0,34,262144
results/phase3_interleaved/interleaved_256kb_oracle.adc,data/ml_data/phase3_interleaved_ml_artifact_512mb.bin,chunk_oracle_best_size,262144,341,89391104,262144,262144,1.0,store,7.999371859712925,0.3829345703125,0.003932952880859375,256,262144
results/phase3_interleaved/interleaved_256kb_oracle.adc,data/ml_data/phase3_interleaved_ml_artifact_512mb.bin,chunk_oracle_best_size,262144,342,89653248,262144,104,0.000396728515625,zstd_19,0.0066727787465866726,0.000324249267578125,0.99957275390625,14,262144
results/phase3_interleaved/interleaved_256kb_oracle.adc,data/ml_data/phase3_interleaved_ml_artifact_512mb.bin,chunk_oracle_best_size,262144,343,89915392,262144,183,0.000698089599609375,zstd_10,4.083366702910645,0.252655029296875,0.228759765625,94,262144
results/phase3_interleaved/interleaved_256kb_oracle.adc,data/ml_data/phase3_interleaved_ml_artifact_512mb.bin,chunk_oracle_best_size,262144,344,90177536,262144,1900,0.0072479248046875,lzma_6,4.760618955567359,1.0,0.0,46,262144
results/phase3_interleaved/interleaved_256kb_oracle.adc,data/ml_data/phase3_interleaved_ml_artifact_512mb.bin,chunk_oracle_best_size,262144,345,90439680,262144,183624,0.700469970703125,lzma_6,7.295877390336136,0.4388160705566406,0.002056121826171875,256,262144
results/phase3_interleaved/interleaved_256kb_oracle.adc,data/ml_data/phase3_interleaved_ml_artifact_512mb.bin,chunk_oracle_best_size,262144,346,90701824,262144,81,0.000308990478515625,zstd_10,1.8953693672656133,0.030029296875,0.760009765625,25,262144
results/phase3_interleaved/interleaved_256kb_oracle.adc,data/ml_data/phase3_interleaved_ml_artifact_512mb.bin,chunk_oracle_best_size,262144,347,90963968,262144,262144,1.0,store,7.999262973551598,0.3836669921875,0.00392913818359375,256,262144
results/phase3_interleaved/interleaved_256kb_oracle.adc,data/ml_data/phase3_interleaved_ml_artifact_512mb.bin,chunk_oracle_best_size,262144,348,91226112,262144,8267,0.031536102294921875,zstd_19,4.466021138450086,1.0,0.0,34,262144
results/phase3_interleaved/interleaved_256kb_oracle.adc,data/ml_data/phase3_interleaved_ml_artifact_512mb.bin,chunk_oracle_best_size,262144,349,91488256,262144,104,0.000396728515625,zstd_19,0.0066727787465866726,0.000324249267578125,0.99957275390625,14,262144
results/phase3_interleaved/interleaved_256kb_oracle.adc,data/ml_data/phase3_interleaved_ml_artifact_512mb.bin,chunk_oracle_best_size,262144,350,91750400,262144,1912,0.007293701171875,lzma_6,4.762974023649164,1.0,0.0,46,262144
results/phase3_interleaved/interleaved_256kb_oracle.adc,data/ml_data/phase3_interleaved_ml_artifact_512mb.bin,chunk_oracle_best_size,262144,351,92012544,262144,104,0.000396728515625,zstd_19,0.0066727787465866726,0.000324249267578125,0.99957275390625,14,262144
results/phase3_interleaved/interleaved_256kb_oracle.adc,data/ml_data/phase3_interleaved_ml_artifact_512mb.bin,chunk_oracle_best_size,262144,352,92274688,262144,185380,0.7071685791015625,lzma_6,7.302384615548735,0.4579010009765625,0.002101898193359375,256,262144
results/phase3_interleaved/interleaved_256kb_oracle.adc,data/ml_data/phase3_interleaved_ml_artifact_512mb.bin,chunk_oracle_best_size,262144,353,92536832,262144,71,0.000270843505859375,zstd_10,1.7772116148855726,0.03948974609375,0.76318359375,19,262144
results/phase3_interleaved/interleaved_256kb_oracle.adc,data/ml_data/phase3_interleaved_ml_artifact_512mb.bin,chunk_oracle_best_size,262144,354,92798976,262144,8872,0.033843994140625,lzma_6,4.46581188267138,1.0,0.0,34,262144
results/phase3_interleaved/interleaved_256kb_oracle.adc,data/ml_data/phase3_interleaved_ml_artifact_512mb.bin,chunk_oracle_best_size,262144,355,93061120,262144,262144,1.0,store,7.9993346610296685,0.383209228515625,0.00403594970703125,256,262144
results/phase3_interleaved/interleaved_256kb_oracle.adc,data/ml_data/phase3_interleaved_ml_artifact_512mb.bin,chunk_oracle_best_size,262144,356,93323264,262144,104,0.000396728515625,zstd_19,0.0066727787465866726,0.000324249267578125,0.99957275390625,14,262144
results/phase3_interleaved/interleaved_256kb_oracle.adc,data/ml_data/phase3_interleaved_ml_artifact_512mb.bin,chunk_oracle_best_size,262144,357,93585408,262144,183,0.000698089599609375,zstd_10,4.08168458147538,0.257965087890625,0.229644775390625,98,262144
results/phase3_interleaved/interleaved_256kb_oracle.adc,data/ml_data/phase3_interleaved_ml_artifact_512mb.bin,chunk_oracle_best_size,262144,358,93847552,262144,1900,0.0072479248046875,lzma_6,4.7715682817784,1.0,0.0,46,262144
results/phase3_interleaved/interleaved_256kb_oracle.adc,data/ml_data/phase3_interleaved_ml_artifact_512mb.bin,chunk_oracle_best_size,262144,359,94109696,262144,179856,0.68609619140625,lzma_6,7.246511058726509,0.4387664794921875,0.0040130615234375,256,262144
results/phase3_interleaved/interleaved_256kb_oracle.adc,data/ml_data/phase3_interleaved_ml_artifact_512mb.bin,chunk_oracle_best_size,262144,360,94371840,262144,82,0.00031280517578125,zstd_10,1.91181155523121,0.0289306640625,0.7596435546875,26,262144
results/phase3_interleaved/interleaved_256kb_oracle.adc,data/ml_data/phase3_interleaved_ml_artifact_512mb.bin,chunk_oracle_best_size,262144,361,94633984,262144,262144,1.0,store,7.999305990792359,0.3835945129394531,0.00379180908203125,256,262144
results/phase3_interleaved/interleaved_256kb_oracle.adc,data/ml_data/phase3_interleaved_ml_artifact_512mb.bin,chunk_oracle_best_size,262144,362,94896128,262144,8291,0.031627655029296875,zstd_10,4.463773333971418,1.0,0.0,34,262144
results/phase3_interleaved/interleaved_256kb_oracle.adc,data/ml_data/phase3_interleaved_ml_artifact_512mb.bin,chunk_oracle_best_size,262144,363,95158272,262144,104,0.000396728515625,zstd_19,0.0066727787465866726,0.000324249267578125,0.99957275390625,14,262144
results/phase3_interleaved/interleaved_256kb_oracle.adc,data/ml_data/phase3_interleaved_ml_artifact_512mb.bin,chunk_oracle_best_size,262144,364,95420416,262144,1912,0.007293701171875,lzma_6,4.761946656219199,1.0,0.0,46,262144
results/phase3_interleaved/interleaved_256kb_oracle.adc,data/ml_data/phase3_interleaved_ml_artifact_512mb.bin,chunk_oracle_best_size,262144,365,95682560,262144,104,0.000396728515625,zstd_19,0.0066727787465866726,0.000324249267578125,0.99957275390625,14,262144
results/phase3_interleaved/interleaved_256kb_oracle.adc,data/ml_data/phase3_interleaved_ml_artifact_512mb.bin,chunk_oracle_best_size,262144,366,95944704,262144,185136,0.70623779296875,lzma_6,7.324529773004576,0.44189453125,0.003368377685546875,256,262144
results/phase3_interleaved/interleaved_256kb_oracle.adc,data/ml_data/phase3_interleaved_ml_artifact_512mb.bin,chunk_oracle_best_size,262144,367,96206848,262144,74,0.00028228759765625,zstd_10,1.7996677981511775,0.03753662109375,0.76251220703125,20,262144
results/phase3_interleaved/interleaved_256kb_oracle.adc,data/ml_data/phase3_interleaved_ml_artifact_512mb.bin,chunk_oracle_best_size,262144,368,96468992,262144,8740,0.0333404541015625,lzma_6,4.467061812055419,1.0,0.0,34,262144
results/phase3_interleaved/interleaved_256kb_oracle.adc,data/ml_data/phase3_interleaved_ml_artifact_512mb.bin,chunk_oracle_best_size,262144,369,96731136,262144,262144,1.0,store,7.99927953996129,0.38166046142578125,0.003978729248046875,256,262144
results/phase3_interleaved/interleaved_256kb_oracle.adc,data/ml_data/phase3_interleaved_ml_artifact_512mb.bin,chunk_oracle_best_size,262144,370,96993280,262144,104,0.000396728515625,zstd_19,0.0066727787465866726,0.000324249267578125,0.99957275390625,14,262144
results/phase3_interleaved/interleaved_256kb_oracle.adc,data/ml_data/phase3_interleaved_ml_artifact_512mb.bin,chunk_oracle_best_size,262144,371,97255424,262144,183,0.000698089599609375,zstd_10,4.086642210837806,0.25885009765625,0.228759765625,100,262144
results/phase3_interleaved/interleaved_256kb_oracle.adc,data/ml_data/phase3_interleaved_ml_artifact_512mb.bin,chunk_oracle_best_size,262144,372,97517568,262144,1916,0.0073089599609375,lzma_6,4.768467915247683,1.0,0.0,46,262144
results/phase3_interleaved/interleaved_256kb_oracle.adc,data/ml_data/phase3_interleaved_ml_artifact_512mb.bin,chunk_oracle_best_size,262144,373,97779712,262144,179380,0.6842803955078125,lzma_6,7.308798163882797,0.41497802734375,0.003387451171875,256,262144
results/phase3_interleaved/interleaved_256kb_oracle.adc,data/ml_data/phase3_interleaved_ml_artifact_512mb.bin,chunk_oracle_best_size,262144,374,98041856,262144,83,0.000316619873046875,zstd_10,1.9277406931939804,0.02783203125,0.75927734375,27,262144
results/phase3_interleaved/interleaved_256kb_oracle.adc,data/ml_data/phase3_interleaved_ml_artifact_512mb.bin,chunk_oracle_best_size,262144,375,98304000,262144,262144,1.0,store,7.999351249946428,0.38147735595703125,0.003849029541015625,256,262144
results/phase3_interleaved/interleaved_256kb_oracle.adc,data/ml_data/phase3_interleaved_ml_artifact_512mb.bin,chunk_oracle_best_size,262144,376,98566144,262144,8876,0.0338592529296875,lzma_6,4.467425780419645,1.0,0.0,34,262144
results/phase3_interleaved/interleaved_256kb_oracle.adc,data/ml_data/phase3_interleaved_ml_artifact_512mb.bin,chunk_oracle_best_size,262144,377,98828288,262144,104,0.000396728515625,zstd_19,0.0066727787465866726,0.000324249267578125,0.99957275390625,14,262144
results/phase3_interleaved/interleaved_256kb_oracle.adc,data/ml_data/phase3_interleaved_ml_artifact_512mb.bin,chunk_oracle_best_size,262144,378,99090432,262144,1900,0.0072479248046875,lzma_6,4.771692752092849,1.0,0.0,46,262144
results/phase3_interleaved/interleaved_256kb_oracle.adc,data/ml_data/phase3_interleaved_ml_artifact_512mb.bin,chunk_oracle_best_size,262144,379,99352576,262144,104,0.000396728515625,zstd_19,0.0066727787465866726,0.000324249267578125,0.99957275390625,14,262144
results/phase3_interleaved/interleaved_256kb_oracle.adc,data/ml_data/phase3_interleaved_ml_artifact_512mb.bin,chunk_oracle_best_size,262144,380,99614720,262144,187048,0.713531494140625,lzma_6,7.380324268793101,0.43582916259765625,0.003082275390625,256,262144
results/phase3_interleaved/interleaved_256kb_oracle.adc,data/ml_data/phase3_interleaved_ml_artifact_512mb.bin,chunk_oracle_best_size,262144,381,99876864,262144,75,0.000286102294921875,zstd_10,1.8205400655918629,0.03570556640625,0.761962890625,21,262144
results/phase3_interleaved/interleaved_256kb_oracle.adc,data/ml_data/phase3_interleaved_ml_artifact_512mb.bin,chunk_oracle_best_size,262144,382,100139008,262144,8066,0.03076934814453125,zstd_19,4.4636313683005575,1.0,0.0,34,262144
results/phase3_interleaved/interleaved_256kb_oracle.adc,data/ml_data/phase3_interleaved_ml_artifact_512mb.bin,chunk_oracle_best_size,262144,383,100401152,262144,262144,1.0,store,7.999357881799799,0.3830223083496094,0.00402069091796875,256,262144
results/phase3_interleaved/interleaved_256kb_oracle.adc,data/ml_data/phase3_interleaved_ml_artifact_512mb.bin,chunk_oracle_best_size,262144,384,100663296,262144,102,0.00038909912109375,zstd_19,0.0066727787465866726,0.000324249267578125,0.99957275390625,14,262144
results/phase3_interleaved/interleaved_256kb_oracle.adc,data/ml_data/phase3_interleaved_ml_artifact_512mb.bin,chunk_oracle_best_size,262144,385,100925440,262144,183,0.000698089599609375,zstd_10,4.084122683817992,0.256195068359375,0.229644775390625,99,262144
results/phase3_interleaved/interleaved_256kb_oracle.adc,data/ml_data/phase3_interleaved_ml_artifact_512mb.bin,chunk_oracle_best_size,262144,386,101187584,262144,1900,0.0072479248046875,lzma_6,4.76693799795562,1.0,0.0,46,262144
results/phase3_interleaved/interleaved_256kb_oracle.adc,data/ml_data/phase3_interleaved_ml_artifact_512mb.bin,chunk_oracle_best_size,262144,387,101449728,262144,183996,0.7018890380859375,lzma_6,7.325068703615981,0.4332237243652344,0.003322601318359375,256,262144
results/phase3_interleaved/interleaved_256kb_oracle.adc,data/ml_data/phase3_interleaved_ml_artifact_512mb.bin,chunk_oracle_best_size,262144,388,101711872,262144,85,0.000324249267578125,zstd_10,1.9428040212458586,0.0267333984375,0.75897216796875,28,262144
results/phase3_interleaved/interleaved_256kb_oracle.adc,data/ml_data/phase3_interleaved_ml_artifact_512mb.bin,chunk_oracle_best_size,262144,389,101974016,262144,262144,1.0,store,7.999265028628767,0.3815803527832031,0.003810882568359375,256,262144
results/phase3_interleaved/interleaved_256kb_oracle.adc,data/ml_data/phase3_interleaved_ml_artifact_512mb.bin,chunk_oracle_best_size,262144,390,102236160,262144,8864,0.0338134765625,lzma_6,4.468515742166538,1.0,0.0,34,262144
results/phase3_interleaved/interleaved_256kb_oracle.adc,data/ml_data/phase3_interleaved_ml_artifact_512mb.bin,chunk_oracle_best_size,262144,391,102498304,262144,101,0.000385284423828125,zstd_19,0.0066727787465866726,0.000324249267578125,0.99957275390625,14,262144
results/phase3_interleaved/interleaved_256kb_oracle.adc,data/ml_data/phase3_interleaved_ml_artifact_512mb.bin,chunk_oracle_best_size,262144,392,102760448,262144,1912,0.007293701171875,lzma_6,4.764033755660185,1.0,0.0,46,262144
results/phase3_interleaved/interleaved_256kb_oracle.adc,data/ml_data/phase3_interleaved_ml_artifact_512mb.bin,chunk_oracle_best_size,262144,393,103022592,262144,101,0.000385284423828125,zstd_19,0.0066727787465866726,0.000324249267578125,0.99957275390625,14,262144
results/phase3_interleaved/interleaved_256kb_oracle.adc,data/ml_data/phase3_interleaved_ml_artifact_512mb.bin,chunk_oracle_best_size,262144,394,103284736,262144,184320,0.703125,lzma_6,7.304807247237077,0.4527397155761719,0.0028839111328125,256,262144
results/phase3_interleaved/interleaved_256kb_oracle.adc,data/ml_data/phase3_interleaved_ml_artifact_512mb.bin,chunk_oracle_best_size,262144,395,103546880,262144,77,0.000293731689453125,zstd_10,1.8406283492670494,0.0340576171875,0.76141357421875,22,262144
results/phase3_interleaved/interleaved_256kb_oracle.adc,data/ml_data/phase3_interleaved_ml_artifact_512mb.bin,chunk_oracle_best_size,262144,396,103809024,262144,8053,0.030719757080078125,zstd_19,4.467516055308296,1.0,0.0,34,262144
results/phase3_interleaved/interleaved_256kb_oracle.adc,data/ml_data/phase3_interleaved_ml_artifact_512mb.bin,chunk_oracle_best_size,262144,397,104071168,262144,262144,1.0,store,7.9992041340339055,0.3824119567871094,0.003772735595703125,256,262144
results/phase3_interleaved/interleaved_256kb_oracle.adc,data/ml_data/phase3_interleaved_ml_artifact_512mb.bin,chunk_oracle_best_size,262144,398,104333312,262144,101,0.000385284423828125,zstd_19,0.0066727787465866726,0.000324249267578125,0.99957275390625,14,262144
results/phase3_interleaved/interleaved_256kb_oracle.adc,data/ml_data/phase3_interleaved_ml_artifact_512mb.bin,chunk_oracle_best_size,262144,399,104595456,262144,183,0.000698089599609375,zstd_10,4.027366069938238,0.25177001953125,0.228759765625,94,262144
results/phase3_interleaved/interleaved_256kb_oracle.adc,data/ml_data/phase3_interleaved_ml_artifact_512mb.bin,chunk_oracle_best_size,262144,400,104857600,262144,1912,0.007293701171875,lzma_6,4.754056813007963,1.0,0.0,46,262144
results/phase3_interleaved/interleaved_256kb_oracle.adc,data/ml_data/phase3_interleaved_ml_artifact_512mb.bin,chunk_oracle_best_size,262144,401,105119744,262144,181688,0.693084716796875,lzma_6,7.240642547603933,0.447784423828125,0.00260162353515625,256,262144
results/phase3_interleaved/interleaved_256kb_oracle.adc,data/ml_data/phase3_interleaved_ml_artifact_512mb.bin,chunk_oracle_best_size,262144,402,105381888,262144,85,0.000324249267578125,zstd_10,1.9574219614934496,0.02581787109375,0.7586669921875,29,262144
results/phase3_interleaved/interleaved_256kb_oracle.adc,data/ml_data/phase3_interleaved_ml_artifact_512mb.bin,chunk_oracle_best_size,262144,403,105644032,262144,262144,1.0,store,7.999322451348452,0.3821983337402344,0.0041046142578125,256,262144
results/phase3_interleaved/interleaved_256kb_oracle.adc,data/ml_data/phase3_interleaved_ml_artifact_512mb.bin,chunk_oracle_best_size,262144,404,105906176,262144,8884,0.0338897705078125,lzma_6,4.458137898831046,1.0,0.0,34,262144
results/phase3_interleaved/interleaved_256kb_oracle.adc,data/ml_data/phase3_interleaved_ml_artifact_512mb.bin,chunk_oracle_best_size,262144,405,106168320,262144,101,0.000385284423828125,zstd_19,0.0066727787465866726,0.000324249267578125,0.99957275390625,14,262144
results/phase3_interleaved/interleaved_256kb_oracle.adc,data/ml_data/phase3_interleaved_ml_artifact_512mb.bin,chunk_oracle_best_size,262144,406,106430464,262144,1912,0.007293701171875,lzma_6,4.758345454999616,1.0,0.0,46,262144
results/phase3_interleaved/interleaved_256kb_oracle.adc,data/ml_data/phase3_interleaved_ml_artifact_512mb.bin,chunk_oracle_best_size,262144,407,106692608,262144,101,0.000385284423828125,zstd_19,0.0066727787465866726,0.000324249267578125,0.99957275390625,14,262144
results/phase3_interleaved/interleaved_256kb_oracle.adc,data/ml_data/phase3_interleaved_ml_artifact_512mb.bin,chunk_oracle_best_size,262144,408,106954752,262144,180728,0.689422607421875,lzma_6,7.287537801550856,0.47429656982421875,0.004581451416015625,256,262144
results/phase3_interleaved/interleaved_256kb_oracle.adc,data/ml_data/phase3_interleaved_ml_artifact_512mb.bin,chunk_oracle_best_size,262144,409,107216896,262144,78,0.00029754638671875,zstd_10,1.8596352327448284,0.0325927734375,0.76092529296875,23,262144
results/phase3_interleaved/interleaved_256kb_oracle.adc,data/ml_data/phase3_interleaved_ml_artifact_512mb.bin,chunk_oracle_best_size,262144,410,107479040,262144,8506,0.03244781494140625,zstd_10,4.463128174834606,1.0,0.0,34,262144
results/phase3_interleaved/interleaved_256kb_oracle.adc,data/ml_data/phase3_interleaved_ml_artifact_512mb.bin,chunk_oracle_best_size,262144,411,107741184,262144,262144,1.0,store,7.999273772401054,0.3839569091796875,0.003978729248046875,256,262144
results/phase3_interleaved/interleaved_256kb_oracle.adc,data/ml_data/phase3_interleaved_ml_artifact_512mb.bin,chunk_oracle_best_size,262144,412,108003328,262144,101,0.000385284423828125,zstd_19,0.0066727787465866726,0.000324249267578125,0.99957275390625,14,262144
results/phase3_interleaved/interleaved_256kb_oracle.adc,data/ml_data/phase3_interleaved_ml_artifact_512mb.bin,chunk_oracle_best_size,262144,413,108265472,262144,183,0.000698089599609375,zstd_10,4.082062125096123,0.25885009765625,0.229644775390625,99,262144
results/phase3_interleaved/interleaved_256kb_oracle.adc,data/ml_data/phase3_interleaved_ml_artifact_512mb.bin,chunk_oracle_best_size,262144,414,108527616,262144,1912,0.007293701171875,lzma_6,4.762387175631845,1.0,0.0,46,262144
results/phase3_interleaved/interleaved_256kb_oracle.adc,data/ml_data/phase3_interleaved_ml_artifact_512mb.bin,chunk_oracle_best_size,262144,415,108789760,262144,180180,0.6873321533203125,lzma_6,7.296759635347847,0.4595794677734375,0.003326416015625,256,262144
results/phase3_interleaved/interleaved_256kb_oracle.adc,data/ml_data/phase3_interleaved_ml_artifact_512mb.bin,chunk_oracle_best_size,262144,416,109051904,262144,67,0.000255584716796875,zstd_10,1.728282418908997,0.04412841796875,0.76470947265625,17,262144
results/phase3_interleaved/interleaved_256kb_oracle.adc,data/ml_data/phase3_interleaved_ml_artifact_512mb.bin,chunk_oracle_best_size,262144,417,109314048,262144,262144,1.0,store,7.999368552164249,0.38501739501953125,0.003826141357421875,256,262144
results/phase3_interleaved/interleaved_256kb_oracle.adc,data/ml_data/phase3_interleaved_ml_artifact_512mb.bin,chunk_oracle_best_size,262144,418,109576192,262144,8209,0.031314849853515625,zstd_19,4.461719973877896,1.0,0.0,34,262144
results/phase3_interleaved/interleaved_256kb_oracle.adc,data/ml_data/phase3_interleaved_ml_artifact_512mb.bin,chunk_oracle_best_size,262144,419,109838336,262144,101,0.000385284423828125,zstd_19,0.0066727787465866726,0.000324249267578125,0.99957275390625,14,262144
results/phase3_interleaved/interleaved_256kb_oracle.adc,data/ml_data/phase3_interleaved_ml_artifact_512mb.bin,chunk_oracle_best_size,262144,420,110100480,262144,1912,0.007293701171875,lzma_6,4.760068875868164,1.0,0.0,46,262144
results/phase3_interleaved/interleaved_256kb_oracle.adc,data/ml_data/phase3_interleaved_ml_artifact_512mb.bin,chunk_oracle_best_size,262144,421,110362624,262144,101,0.000385284423828125,zstd_19,0.0066727787465866726,0.000324249267578125,0.99957275390625,14,262144
results/phase3_interleaved/interleaved_256kb_oracle.adc,data/ml_data/phase3_interleaved_ml_artifact_512mb.bin,chunk_oracle_best_size,262144,422,110624768,262144,176220,0.6722259521484375,lzma_6,7.239848418778396,0.4212150573730469,0.002971649169921875,256,262144
results/phase3_interleaved/interleaved_256kb_oracle.adc,data/ml_data/phase3_interleaved_ml_artifact_512mb.bin,chunk_oracle_best_size,262144,423,110886912,262144,80,0.00030517578125,zstd_10,1.8779894615960075,0.03131103515625,0.76043701171875,24,262144
results/phase3_interleaved/interleaved_256kb_oracle.adc,data/ml_data/phase3_interleaved_ml_artifact_512mb.bin,chunk_oracle_best_size,262144,424,111149056,262144,8066,0.03076934814453125,zstd_19,4.453247676102057,1.0,0.0,34,262144
results/phase3_interleaved/interleaved_256kb_oracle.adc,data/ml_data/phase3_interleaved_ml_artifact_512mb.bin,chunk_oracle_best_size,262144,425,111411200,262144,262144,1.0,store,7.999337399526554,0.3838958740234375,0.004016876220703125,256,262144
results/phase3_interleaved/interleaved_256kb_oracle.adc,data/ml_data/phase3_interleaved_ml_artifact_512mb.bin,chunk_oracle_best_size,262144,426,111673344,262144,101,0.000385284423828125,zstd_19,0.0066727787465866726,0.000324249267578125,0.99957275390625,14,262144
results/phase3_interleaved/interleaved_256kb_oracle.adc,data/ml_data/phase3_interleaved_ml_artifact_512mb.bin,chunk_oracle_best_size,262144,427,111935488,262144,183,0.000698089599609375,zstd_10,4.0890655002702765,0.257965087890625,0.228759765625,101,262144
results/phase3_interleaved/interleaved_256kb_oracle.adc,data/ml_data/phase3_interleaved_ml_artifact_512mb.bin,chunk_oracle_best_size,262144,428,112197632,262144,1912,0.007293701171875,lzma_6,4.7686631339974,1.0,0.0,46,262144
results/phase3_interleaved/interleaved_256kb_oracle.adc,data/ml_data/phase3_interleaved_ml_artifact_512mb.bin,chunk_oracle_best_size,262144,429,112459776,262144,179004,0.6828460693359375,lzma_6,7.250427254618707,0.4283905029296875,0.003665924072265625,256,262144
results/phase3_interleaved/interleaved_256kb_oracle.adc,data/ml_data/phase3_interleaved_ml_artifact_512mb.bin,chunk_oracle_best_size,262144,430,112721920,262144,70,0.00026702880859375,zstd_10,1.7534509016363693,0.0416259765625,0.763916015625,18,262144
results/phase3_interleaved/interleaved_256kb_oracle.adc,data/ml_data/phase3_interleaved_ml_artifact_512mb.bin,chunk_oracle_best_size,262144,431,112984064,262144,262144,1.0,store,7.999318741569209,0.3834877014160156,0.003765106201171875,256,262144
results/phase3_interleaved/interleaved_256kb_oracle.adc,data/ml_data/phase3_interleaved_ml_artifact_512mb.bin,chunk_oracle_best_size,262144,432,113246208,262144,8053,0.030719757080078125,zstd_19,4.462785311533966,1.0,0.0,34,262144
results/phase3_interleaved/interleaved_256kb_oracle.adc,data/ml_data/phase3_interleaved_ml_artifact_512mb.bin,chunk_oracle_best_size,262144,433,113508352,262144,101,0.000385284423828125,zstd_19,0.0066727787465866726,0.000324249267578125,0.99957275390625,14,262144
results/phase3_interleaved/interleaved_256kb_oracle.adc,data/ml_data/phase3_interleaved_ml_artifact_512mb.bin,chunk_oracle_best_size,262144,434,113770496,262144,1912,0.007293701171875,lzma_6,4.760618955567359,1.0,0.0,46,262144
results/phase3_interleaved/interleaved_256kb_oracle.adc,data/ml_data/phase3_interleaved_ml_artifact_512mb.bin,chunk_oracle_best_size,262144,435,114032640,262144,101,0.000385284423828125,zstd_19,0.0066727787465866726,0.000324249267578125,0.99957275390625,14,262144
results/phase3_interleaved/interleaved_256kb_oracle.adc,data/ml_data/phase3_interleaved_ml_artifact_512mb.bin,chunk_oracle_best_size,262144,436,114294784,262144,180896,0.6900634765625,lzma_6,7.2481595020108465,0.44103240966796875,0.003749847412109375,256,262144
results/phase3_interleaved/interleaved_256kb_oracle.adc,data/ml_data/phase3_interleaved_ml_artifact_512mb.bin,chunk_oracle_best_size,262144,437,114556928,262144,81,0.000308990478515625,zstd_10,1.8953693672656133,0.030029296875,0.760009765625,25,262144
results/phase3_interleaved/interleaved_256kb_oracle.adc,data/ml_data/phase3_interleaved_ml_artifact_512mb.bin,chunk_oracle_best_size,262144,438,114819072,262144,8267,0.031536102294921875,zstd_19,4.466021138450086,1.0,0.0,34,262144
results/phase3_interleaved/interleaved_256kb_oracle.adc,data/ml_data/phase3_interleaved_ml_artifact_512mb.bin,chunk_oracle_best_size,262144,439,115081216,262144,262144,1.0,store,7.999376673356504,0.38161468505859375,0.003814697265625,256,262144
results/phase3_interleaved/interleaved_256kb_oracle.adc,data/ml_data/phase3_interleaved_ml_artifact_512mb.bin,chunk_oracle_best_size,262144,440,115343360,262144,101,0.000385284423828125,zstd_19,0.0066727787465866726,0.000324249267578125,0.99957275390625,14,262144
results/phase3_interleaved/interleaved_256kb_oracle.adc,data/ml_data/phase3_interleaved_ml_artifact_512mb.bin,chunk_oracle_best_size,262144,441,115605504,262144,183,0.000698089599609375,zstd_10,4.079203157752049,0.25177001953125,0.229644775390625,95,262144
results/phase3_interleaved/interleaved_256kb_oracle.adc,data/ml_data/phase3_interleaved_ml_artifact_512mb.bin,chunk_oracle_best_size,262144,442,115867648,262144,1900,0.0072479248046875,lzma_6,4.762387175631845,1.0,0.0,46,262144
results/phase3_interleaved/interleaved_256kb_oracle.adc,data/ml_data/phase3_interleaved_ml_artifact_512mb.bin,chunk_oracle_best_size,262144,443,116129792,262144,185672,0.708282470703125,lzma_6,7.346088046958368,0.42702484130859375,0.00220489501953125,256,262144
results/phase3_interleaved/interleaved_256kb_oracle.adc,data/ml_data/phase3_interleaved_ml_artifact_512mb.bin,chunk_oracle_best_size,262144,444,116391936,262144,71,0.000270843505859375,zstd_10,1.7772116148855726,0.03948974609375,0.76318359375,19,262144
results/phase3_interleaved/interleaved_256kb_oracle.adc,data/ml_data/phase3_interleaved_ml_artifact_512mb.bin,chunk_oracle_best_size,262144,445,116654080,262144,262144,1.0,store,7.99927001766416,0.38367462158203125,0.003826141357421875,256,262144
results/phase3_interleaved/interleaved_256kb_oracle.adc,data/ml_data/phase3_interleaved_ml_artifact_512mb.bin,chunk_oracle_best_size,262144,446,116916224,262144,8506,0.03244781494140625,zstd_10,4.457145066613695,1.0,0.0,34,262144
results/phase3_interleaved/interleaved_256kb_oracle.adc,data/ml_data/phase3_interleaved_ml_artifact_512mb.bin,chunk_oracle_best_size,262144,447,117178368,262144,101,0.000385284423828125,zstd_19,0.0066727787465866726,0.000324249267578125,0.99957275390625,14,262144
results/phase3_interleaved/interleaved_256kb_oracle.adc,data/ml_data/phase3_interleaved_ml_artifact_512mb.bin,chunk_oracle_best_size,262144,448,117440512,262144,1900,0.0072479248046875,lzma_6,4.765612012477011,1.0,0.0,46,262144
results/phase3_interleaved/interleaved_256kb_oracle.adc,data/ml_data/phase3_interleaved_ml_artifact_512mb.bin,chunk_oracle_best_size,262144,449,117702656,262144,104,0.000396728515625,zstd_19,0.0066727787465866726,0.000324249267578125,0.99957275390625,14,262144
results/phase3_interleaved/interleaved_256kb_oracle.adc,data/ml_data/phase3_interleaved_ml_artifact_512mb.bin,chunk_oracle_best_size,262144,450,117964800,262144,183452,0.6998138427734375,lzma_6,7.330137716584241,0.41155242919921875,0.005626678466796875,256,262144
results/phase3_interleaved/interleaved_256kb_oracle.adc,data/ml_data/phase3_interleaved_ml_artifact_512mb.bin,chunk_oracle_best_size,262144,451,118226944,262144,82,0.00031280517578125,zstd_10,1.91181155523121,0.0289306640625,0.7596435546875,26,262144
results/phase3_interleaved/interleaved_256kb_oracle.adc,data/ml_data/phase3_interleaved_ml_artifact_512mb.bin,chunk_oracle_best_size,262144,452,118489088,262144,8291,0.031627655029296875,zstd_10,4.463471104435239,1.0,0.0,34,262144
results/phase3_interleaved/interleaved_256kb_oracle.adc,data/ml_data/phase3_interleaved_ml_artifact_512mb.bin,chunk_oracle_best_size,262144,453,118751232,262144,262144,1.0,store,7.999217442335715,0.382171630859375,0.00365447998046875,256,262144
results/phase3_interleaved/interleaved_256kb_oracle.adc,data/ml_data/phase3_interleaved_ml_artifact_512mb.bin,chunk_oracle_best_size,262144,454,119013376,262144,104,0.000396728515625,zstd_19,0.0066727787465866726,0.000324249267578125,0.99957275390625,14,262144
results/phase3_interleaved/interleaved_256kb_oracle.adc,data/ml_data/phase3_interleaved_ml_artifact_512mb.bin,chunk_oracle_best_size,262144,455,119275520,262144,183,0.000698089599609375,zstd_10,4.0757297304566045,0.25177001953125,0.228759765625,93,262144
results/phase3_interleaved/interleaved_256kb_oracle.adc,data/ml_data/phase3_interleaved_ml_artifact_512mb.bin,chunk_oracle_best_size,262144,456,119537664,262144,1912,0.007293701171875,lzma_6,4.766621739237919,1.0,0.0,46,262144
results/phase3_interleaved/interleaved_256kb_oracle.adc,data/ml_data/phase3_interleaved_ml_artifact_512mb.bin,chunk_oracle_best_size,262144,457,119799808,262144,181796,0.6934967041015625,lzma_6,7.286541602330816,0.4520759582519531,0.0041961669921875,256,262144
results/phase3_interleaved/interleaved_256kb_oracle.adc,data/ml_data/phase3_interleaved_ml_artifact_512mb.bin,chunk_oracle_best_size,262144,458,120061952,262144,74,0.00028228759765625,zstd_10,1.7996677981511775,0.03753662109375,0.76251220703125,20,262144
results/phase3_interleaved/interleaved_256kb_oracle.adc,data/ml_data/phase3_interleaved_ml_artifact_512mb.bin,chunk_oracle_best_size,262144,459,120324096,262144,262144,1.0,store,7.9993523806808415,0.3814201354980469,0.00403594970703125,256,262144
results/phase3_interleaved/interleaved_256kb_oracle.adc,data/ml_data/phase3_interleaved_ml_artifact_512mb.bin,chunk_oracle_best_size,262144,460,120586240,262144,8066,0.03076934814453125,zstd_19,4.468411142673752,1.0,0.0,34,262144
results/phase3_interleaved/interleaved_256kb_oracle.adc,data/ml_data/phase3_interleaved_ml_artifact_512mb.bin,chunk_oracle_best_size,262144,461,120848384,262144,104,0.000396728515625,zstd_19,0.0066727787465866726,0.000324249267578125,0.99957275390625,14,262144
results/phase3_interleaved/interleaved_256kb_oracle.adc,data/ml_data/phase3_interleaved_ml_artifact_512mb.bin,chunk_oracle_best_size,262144,462,121110528,262144,1912,0.007293701171875,lzma_6,4.763714876283686,1.0,0.0,46,262144
results/phase3_interleaved/interleaved_256kb_oracle.adc,data/ml_data/phase3_interleaved_ml_artifact_512mb.bin,chunk_oracle_best_size,262144,463,121372672,262144,104,0.000396728515625,zstd_19,0.0066727787465866726,0.000324249267578125,0.99957275390625,14,262144
results/phase3_interleaved/interleaved_256kb_oracle.adc,data/ml_data/phase3_interleaved_ml_artifact_512mb.bin,chunk_oracle_best_size,262144,464,121634816,262144,182948,0.6978912353515625,lzma_6,7.298491019866758,0.4497566223144531,0.003582000732421875,256,262144
results/phase3_interleaved/interleaved_256kb_oracle.adc,data/ml_data/phase3_interleaved_ml_artifact_512mb.bin,chunk_oracle_best_size,262144,465,121896960,262144,83,0.000316619873046875,zstd_10,1.9277406931939804,0.02783203125,0.75927734375,27,262144
results/phase3_interleaved/interleaved_256kb_oracle.adc,data/ml_data/phase3_interleaved_ml_artifact_512mb.bin,chunk_oracle_best_size,262144,466,122159104,262144,8856,0.033782958984375,lzma_6,4.457734763716248,1.0,0.0,34,262144
results/phase3_interleaved/interleaved_256kb_oracle.adc,data/ml_data/phase3_interleaved_ml_artifact_512mb.bin,chunk_oracle_best_size,262144,467,122421248,262144,262144,1.0,store,7.999318058045398,0.3827972412109375,0.003902435302734375,256,262144
results/phase3_interleaved/interleaved_256kb_oracle.adc,data/ml_data/phase3_interleaved_ml_artifact_512mb.bin,chunk_oracle_best_size,262144,468,122683392,262144,104,0.000396728515625,zstd_19,0.0066727787465866726,0.000324249267578125,0.99957275390625,14,262144
results/phase3_interleaved/interleaved_256kb_oracle.adc,data/ml_data/phase3_interleaved_ml_artifact_512mb.bin,chunk_oracle_best_size,262144,469,122945536,262144,183,0.000698089599609375,zstd_10,4.073602989176763,0.257965087890625,0.229644775390625,98,262144
results/phase3_interleaved/interleaved_256kb_oracle.adc,data/ml_data/phase3_interleaved_ml_artifact_512mb.bin,chunk_oracle_best_size,262144,470,123207680,262144,1912,0.007293701171875,lzma_6,4.763100209136845,1.0,0.0,46,262144
results/phase3_interleaved/interleaved_256kb_oracle.adc,data/ml_data/phase3_interleaved_ml_artifact_512mb.bin,chunk_oracle_best_size,262144,471,123469824,262144,182408,0.695831298828125,lzma_6,7.324297748572831,0.41622161865234375,0.00279998779296875,256,262144
results/phase3_interleaved/interleaved_256kb_oracle.adc,data/ml_data/phase3_interleaved_ml_artifact_512mb.bin,chunk_oracle_best_size,262144,472,123731968,262144,75,0.000286102294921875,zstd_10,1.8205400655918629,0.03570556640625,0.761962890625,21,262144
results/phase3_interleaved/interleaved_256kb_oracle.adc,data/ml_data/phase3_interleaved_ml_artifact_512mb.bin,chunk_oracle_best_size,262144,473,123994112,262144,262144,1.0,store,7.9992581688154685,0.3814582824707031,0.004108428955078125,256,262144
results/phase3_interleaved/interleaved_256kb_oracle.adc,data/ml_data/phase3_interleaved_ml_artifact_512mb.bin,chunk_oracle_best_size,262144,474,124256256,262144,8266,0.03153228759765625,zstd_19,4.456888118887275,1.0,0.0,34,262144
results/phase3_interleaved/interleaved_256kb_oracle.adc,data/ml_data/phase3_interleaved_ml_artifact_512mb.bin,chunk_oracle_best_size,262144,475,124518400,262144,104,0.000396728515625,zstd_19,0.0066727787465866726,0.000324249267578125,0.99957275390625,14,262144
results/phase3_interleaved/interleaved_256kb_oracle.adc,data/ml_data/phase3_interleaved_ml_artifact_512mb.bin,chunk_oracle_best_size,262144,476,124780544,262144,1916,0.0073089599609375,lzma_6,4.766746209552368,1.0,0.0,46,262144
results/phase3_interleaved/interleaved_256kb_oracle.adc,data/ml_data/phase3_interleaved_ml_artifact_512mb.bin,chunk_oracle_best_size,262144,477,125042688,262144,104,0.000396728515625,zstd_19,0.0066727787465866726,0.000324249267578125,0.99957275390625,14,262144
results/phase3_interleaved/interleaved_256kb_oracle.adc,data/ml_data/phase3_interleaved_ml_artifact_512mb.bin,chunk_oracle_best_size,262144,478,125304832,262144,182704,0.69696044921875,lzma_6,7.329096253361001,0.44565582275390625,0.00240325927734375,256,262144
results/phase3_interleaved/interleaved_256kb_oracle.adc,data/ml_data/phase3_interleaved_ml_artifact_512mb.bin,chunk_oracle_best_size,262144,479,125566976,262144,85,0.000324249267578125,zstd_10,1.9428040212458586,0.0267333984375,0.75897216796875,28,262144
results/phase3_interleaved/interleaved_256kb_oracle.adc,data/ml_data/phase3_interleaved_ml_artifact_512mb.bin,chunk_oracle_best_size,262144,480,125829120,262144,8864,0.0338134765625,lzma_6,4.468515742166538,1.0,0.0,34,262144
results/phase3_interleaved/interleaved_256kb_oracle.adc,data/ml_data/phase3_interleaved_ml_artifact_512mb.bin,chunk_oracle_best_size,262144,481,126091264,262144,262144,1.0,store,7.999275454834993,0.3822364807128906,0.00400543212890625,256,262144
results/phase3_interleaved/interleaved_256kb_oracle.adc,data/ml_data/phase3_interleaved_ml_artifact_512mb.bin,chunk_oracle_best_size,262144,482,126353408,262144,104,0.000396728515625,zstd_19,0.0066727787465866726,0.000324249267578125,0.99957275390625,14,262144
results/phase3_interleaved/interleaved_256kb_oracle.adc,data/ml_data/phase3_interleaved_ml_artifact_512mb.bin,chunk_oracle_best_size,262144,483,126615552,262144,183,0.000698089599609375,zstd_10,4.091826268039088,0.25885009765625,0.228759765625,100,262144
results/phase3_interleaved/interleaved_256kb_oracle.adc,data/ml_data/phase3_interleaved_ml_artifact_512mb.bin,chunk_oracle_best_size,262144,484,126877696,262144,1900,0.0072479248046875,lzma_6,4.765612012477011,1.0,0.0,46,262144
results/phase3_interleaved/interleaved_256kb_oracle.adc,data/ml_data/phase3_interleaved_ml_artifact_512mb.bin,chunk_oracle_best_size,262144,485,127139840,262144,183520,0.7000732421875,lzma_6,7.277502687422406,0.44426727294921875,0.002262115478515625,256,262144
results/phase3_interleaved/interleaved_256kb_oracle.adc,data/ml_data/phase3_interleaved_ml_artifact_512mb.bin,chunk_oracle_best_size,262144,486,127401984,262144,77,0.000293731689453125,zstd_10,1.8406283492670494,0.0340576171875,0.76141357421875,22,262144
results/phase3_interleaved/interleaved_256kb_oracle.adc,data/ml_data/phase3_interleaved_ml_artifact_512mb.bin,chunk_oracle_best_size,262144,487,127664128,262144,262144,1.0,store,7.999371407732222,0.3821067810058594,0.00405120849609375,256,262144
results/phase3_interleaved/interleaved_256kb_oracle.adc,data/ml_data/phase3_interleaved_ml_artifact_512mb.bin,chunk_oracle_best_size,262144,488,127926272,262144,8291,0.031627655029296875,zstd_10,4.457730860838664,1.0,0.0,34,262144
results/phase3_interleaved/interleaved_256kb_oracle.adc,data/ml_data/phase3_interleaved_ml_artifact_512mb.bin,chunk_oracle_best_size,262144,489,128188416,262144,104,0.000396728515625,zstd_19,0.0066727787465866726,0.000324249267578125,0.99957275390625,14,262144
results/phase3_interleaved/interleaved_256kb_oracle.adc,data/ml_data/phase3_interleaved_ml_artifact_512mb.bin,chunk_oracle_best_size,262144,490,128450560,262144,1912,0.007293701171875,lzma_6,4.758666049549347,1.0,0.0,46,262144
results/phase3_interleaved/interleaved_256kb_oracle.adc,data/ml_data/phase3_interleaved_ml_artifact_512mb.bin,chunk_oracle_best_size,262144,491,128712704,262144,104,0.000396728515625,zstd_19,0.0066727787465866726,0.000324249267578125,0.99957275390625,14,262144
results/phase3_interleaved/interleaved_256kb_oracle.adc,data/ml_data/phase3_interleaved_ml_artifact_512mb.bin,chunk_oracle_best_size,262144,492,128974848,262144,184668,0.7044525146484375,lzma_6,7.293697940213039,0.4236717224121094,0.003078460693359375,256,262144
results/phase3_interleaved/interleaved_256kb_oracle.adc,data/ml_data/phase3_interleaved_ml_artifact_512mb.bin,chunk_oracle_best_size,262144,493,129236992,262144,85,0.000324249267578125,zstd_10,1.9574219614934496,0.02581787109375,0.7586669921875,29,262144
results/phase3_interleaved/interleaved_256kb_oracle.adc,data/ml_data/phase3_interleaved_ml_artifact_512mb.bin,chunk_oracle_best_size,262144,494,129499136,262144,8740,0.0333404541015625,lzma_6,4.456838195596494,1.0,0.0,34,262144
results/phase3_interleaved/interleaved_256kb_oracle.adc,data/ml_data/phase3_interleaved_ml_artifact_512mb.bin,chunk_oracle_best_size,262144,495,129761280,262144,262144,1.0,store,7.99915274664846,0.38095855712890625,0.004116058349609375,256,262144
results/phase3_interleaved/interleaved_256kb_oracle.adc,data/ml_data/phase3_interleaved_ml_artifact_512mb.bin,chunk_oracle_best_size,262144,496,130023424,262144,104,0.000396728515625,zstd_19,0.0066727787465866726,0.000324249267578125,0.99957275390625,14,262144
results/phase3_interleaved/interleaved_256kb_oracle.adc,data/ml_data/phase3_interleaved_ml_artifact_512mb.bin,chunk_oracle_best_size,262144,497,130285568,262144,183,0.000698089599609375,zstd_10,4.037198331495654,0.257080078125,0.229644775390625,99,262144
results/phase3_interleaved/interleaved_256kb_oracle.adc,data/ml_data/phase3_interleaved_ml_artifact_512mb.bin,chunk_oracle_best_size,262144,498,130547712,262144,1900,0.0072479248046875,lzma_6,4.767260307678583,1.0,0.0,46,262144
results/phase3_interleaved/interleaved_256kb_oracle.adc,data/ml_data/phase3_interleaved_ml_artifact_512mb.bin,chunk_oracle_best_size,262144,499,130809856,262144,180664,0.689178466796875,lzma_6,7.222455563704825,0.4548683166503906,0.001995086669921875,256,262144
results/phase3_interleaved/interleaved_256kb_oracle.adc,data/ml_data/phase3_interleaved_ml_artifact_512mb.bin,chunk_oracle_best_size,262144,500,131072000,262144,78,0.00029754638671875,zstd_10,1.8596352327448284,0.0325927734375,0.76092529296875,23,262144
results/phase3_interleaved/interleaved_256kb_oracle.adc,data/ml_data/phase3_interleaved_ml_artifact_512mb.bin,chunk_oracle_best_size,262144,501,131334144,262144,262144,1.0,store,7.999362398076233,0.38288116455078125,0.00428009033203125,256,262144
results/phase3_interleaved/interleaved_256kb_oracle.adc,data/ml_data/phase3_interleaved_ml_artifact_512mb.bin,chunk_oracle_best_size,262144,502,131596288,262144,8050,0.03070831298828125,zstd_19,4.4658793690500715,1.0,0.0,34,262144
results/phase3_interleaved/interleaved_256kb_oracle.adc,data/ml_data/phase3_interleaved_ml_artifact_512mb.bin,chunk_oracle_best_size,262144,503,131858432,262144,104,0.000396728515625,zstd_19,0.0066727787465866726,0.000324249267578125,0.99957275390625,14,262144
results/phase3_interleaved/interleaved_256kb_oracle.adc,data/ml_data/phase3_interleaved_ml_artifact_512mb.bin,chunk_oracle_best_size,262144,504,132120576,262144,1912,0.007293701171875,lzma_6,4.762975738822396,1.0,0.0,46,262144
results/phase3_interleaved/interleaved_256kb_oracle.adc,data/ml_data/phase3_interleaved_ml_artifact_512mb.bin,chunk_oracle_best_size,262144,505,132382720,262144,104,0.000396728515625,zstd_19,0.0066727787465866726,0.000324249267578125,0.99957275390625,14,262144
results/phase3_interleaved/interleaved_256kb_oracle.adc,data/ml_data/phase3_interleaved_ml_artifact_512mb.bin,chunk_oracle_best_size,262144,506,132644864,262144,183432,0.699737548828125,lzma_6,7.25716170205396,0.46096038818359375,0.00347900390625,256,262144
results/phase3_interleaved/interleaved_256kb_oracle.adc,data/ml_data/phase3_interleaved_ml_artifact_512mb.bin,chunk_oracle_best_size,262144,507,132907008,262144,67,0.000255584716796875,zstd_10,1.728282418908997,0.04412841796875,0.76470947265625,17,262144
results/phase3_interleaved/interleaved_256kb_oracle.adc,data/ml_data/phase3_interleaved_ml_artifact_512mb.bin,chunk_oracle_best_size,262144,508,133169152,262144,8067,0.030773162841796875,zstd_19,4.469359585773262,1.0,0.0,34,262144
results/phase3_interleaved/interleaved_256kb_oracle.adc,data/ml_data/phase3_interleaved_ml_artifact_512mb.bin,chunk_oracle_best_size,262144,509,133431296,262144,262144,1.0,store,7.999244277507319,0.3826637268066406,0.003734588623046875,256,262144
results/phase3_interleaved/interleaved_256kb_oracle.adc,data/ml_data/phase3_interleaved_ml_artifact_512mb.bin,chunk_oracle_best_size,262144,510,133693440,262144,104,0.000396728515625,zstd_19,0.0066727787465866726,0.000324249267578125,0.99957275390625,14,262144
results/phase3_interleaved/interleaved_256kb_oracle.adc,data/ml_data/phase3_interleaved_ml_artifact_512mb.bin,chunk_oracle_best_size,262144,511,133955584,262144,183,0.000698089599609375,zstd_10,4.076008765304259,0.25177001953125,0.228759765625,94,262144
results/phase3_interleaved/interleaved_256kb_oracle.adc,data/ml_data/phase3_interleaved_ml_artifact_512mb.bin,chunk_oracle_best_size,262144,512,134217728,262144,1912,0.007293701171875,lzma_6,4.770111664997721,1.0,0.0,46,262144
results/phase3_interleaved/interleaved_256kb_oracle.adc,data/ml_data/phase3_interleaved_ml_artifact_512mb.bin,chunk_oracle_best_size,262144,513,134479872,262144,182472,0.696075439453125,lzma_6,7.231432379066903,0.5056648254394531,0.002105712890625,256,262144
results/phase3_interleaved/interleaved_256kb_oracle.adc,data/ml_data/phase3_interleaved_ml_artifact_512mb.bin,chunk_oracle_best_size,262144,514,134742016,262144,80,0.00030517578125,zstd_10,1.8779894615960075,0.03131103515625,0.76043701171875,24,262144
results/phase3_interleaved/interleaved_256kb_oracle.adc,data/ml_data/phase3_interleaved_ml_artifact_512mb.bin,chunk_oracle_best_size,262144,515,135004160,262144,262144,1.0,store,7.999344584002687,0.3828315734863281,0.00390625,256,262144
results/phase3_interleaved/interleaved_256kb_oracle.adc,data/ml_data/phase3_interleaved_ml_artifact_512mb.bin,chunk_oracle_best_size,262144,516,135266304,262144,8868,0.0338287353515625,lzma_6,4.4624472000768876,1.0,0.0,34,262144
results/phase3_interleaved/interleaved_256kb_oracle.adc,data/ml_data/phase3_interleaved_ml_artifact_512mb.bin,chunk_oracle_best_size,262144,517,135528448,262144,101,0.000385284423828125,zstd_19,0.0066727787465866726,0.000324249267578125,0.99957275390625,14,262144
results/phase3_interleaved/interleaved_256kb_oracle.adc,data/ml_data/phase3_interleaved_ml_artifact_512mb.bin,chunk_oracle_best_size,262144,518,135790592,262144,1900,0.0072479248046875,lzma_6,4.773336501842887,1.0,0.0,46,262144
results/phase3_interleaved/interleaved_256kb_oracle.adc,data/ml_data/phase3_interleaved_ml_artifact_512mb.bin,chunk_oracle_best_size,262144,519,136052736,262144,101,0.000385284423828125,zstd_19,0.0066727787465866726,0.000324249267578125,0.99957275390625,14,262144
results/phase3_interleaved/interleaved_256kb_oracle.adc,data/ml_data/phase3_interleaved_ml_artifact_512mb.bin,chunk_oracle_best_size,262144,520,136314880,262144,179956,0.6864776611328125,lzma_6,7.28377539665511,0.4397163391113281,0.005138397216796875,256,262144
results/phase3_interleaved/interleaved_256kb_oracle.adc,data/ml_data/phase3_interleaved_ml_artifact_512mb.bin,chunk_oracle_best_size,262144,521,136577024,262144,70,0.00026702880859375,zstd_10,1.7534509016363693,0.0416259765625,0.763916015625,18,262144
results/phase3_interleaved/interleaved_256kb_oracle.adc,data/ml_data/phase3_interleaved_ml_artifact_512mb.bin,chunk_oracle_best_size,262144,522,136839168,262144,8054,0.03072357177734375,zstd_19,4.453091589294103,1.0,0.0,34,262144
results/phase3_interleaved/interleaved_256kb_oracle.adc,data/ml_data/phase3_interleaved_ml_artifact_512mb.bin,chunk_oracle_best_size,262144,523,137101312,262144,262144,1.0,store,7.999272233583748,0.38399505615234375,0.00405120849609375,256,262144
results/phase3_interleaved/interleaved_256kb_oracle.adc,data/ml_data/phase3_interleaved_ml_artifact_512mb.bin,chunk_oracle_best_size,262144,524,137363456,262144,101,0.000385284423828125,zstd_19,0.0066727787465866726,0.000324249267578125,0.99957275390625,14,262144
results/phase3_interleaved/interleaved_256kb_oracle.adc,data/ml_data/phase3_interleaved_ml_artifact_512mb.bin,chunk_oracle_best_size,262144,525,137625600,262144,183,0.000698089599609375,zstd_10,4.085136722441895,0.252655029296875,0.228759765625,95,262144
results/phase3_interleaved/interleaved_256kb_oracle.adc,data/ml_data/phase3_interleaved_ml_artifact_512mb.bin,chunk_oracle_best_size,262144,526,137887744,262144,1912,0.007293701171875,lzma_6,4.768388244129173,1.0,0.0,46,262144
results/phase3_interleaved/interleaved_256kb_oracle.adc,data/ml_data/phase3_interleaved_ml_artifact_512mb.bin,chunk_oracle_best_size,262144,527,138149888,262144,186536,0.711578369140625,lzma_6,7.330305878058262,0.4286613464355469,0.005397796630859375,256,262144
results/phase3_interleaved/interleaved_256kb_oracle.adc,data/ml_data/phase3_interleaved_ml_artifact_512mb.bin,chunk_oracle_best_size,262144,528,138412032,262144,81,0.000308990478515625,zstd_10,1.8953693672656133,0.030029296875,0.760009765625,25,262144
results/phase3_interleaved/interleaved_256kb_oracle.adc,data/ml_data/phase3_interleaved_ml_artifact_512mb.bin,chunk_oracle_best_size,262144,529,138674176,262144,262144,1.0,store,7.999286187689382,0.382354736328125,0.00388336181640625,256,262144
results/phase3_interleaved/interleaved_256kb_oracle.adc,data/ml_data/phase3_interleaved_ml_artifact_512mb.bin,chunk_oracle_best_size,262144,530,138936320,262144,8740,0.0333404541015625,lzma_6,4.4680592857537915,1.0,0.0,34,262144
results/phase3_interleaved/interleaved_256kb_oracle.adc,data/ml_data/phase3_interleaved_ml_artifact_512mb.bin,chunk_oracle_best_size,262144,531,139198464,262144,101,0.000385284423828125,zstd_19,0.0066727787465866726,0.000324249267578125,0.99957275390625,14,262144
results/phase3_interleaved/interleaved_256kb_oracle.adc,data/ml_data/phase3_interleaved_ml_artifact_512mb.bin,chunk_oracle_best_size,262144,532,139460608,262144,1916,0.0073089599609375,lzma_6,4.768343444933234,1.0,0.0,46,262144
results/phase3_interleaved/interleaved_256kb_oracle.adc,data/ml_data/phase3_interleaved_ml_artifact_512mb.bin,chunk_oracle_best_size,262144,533,139722752,262144,101,0.000385284423828125,zstd_19,0.0066727787465866726,0.000324249267578125,0.99957275390625,14,262144
results/phase3_interleaved/interleaved_256kb_oracle.adc,data/ml_data/phase3_interleaved_ml_artifact_512mb.bin,chunk_oracle_best_size,262144,534,139984896,262144,183660,0.7006072998046875,lzma_6,7.251312584616886,0.4143180847167969,0.002201080322265625,256,262144
results/phase3_interleaved/interleaved_256kb_oracle.adc,data/ml_data/phase3_interleaved_ml_artifact_512mb.bin,chunk_oracle_best_size,262144,535,140247040,262144,71,0.000270843505859375,zstd_10,1.7772116148855726,0.03948974609375,0.76318359375,19,262144
results/phase3_interleaved/interleaved_256kb_oracle.adc,data/ml_data/phase3_interleaved_ml_artifact_512mb.bin,chunk_oracle_best_size,262144,536,140509184,262144,8508,0.0324554443359375,zstd_10,4.46706645353644,1.0,0.0,34,262144
results/phase3_interleaved/interleaved_256kb_oracle.adc,data/ml_data/phase3_interleaved_ml_artifact_512mb.bin,chunk_oracle_best_size,262144,537,140771328,262144,262144,1.0,store,7.999412201858175,0.38236236572265625,0.003814697265625,256,262144
results/phase3_interleaved/interleaved_256kb_oracle.adc,data/ml_data/phase3_interleaved_ml_artifact_512mb.bin,chunk_oracle_best_size,262144,538,141033472,262144,101,0.000385284423828125,zstd_19,0.0066727787465866726,0.000324249267578125,0.99957275390625,14,262144
results/phase3_interleaved/interleaved_256kb_oracle.adc,data/ml_data/phase3_interleaved_ml_artifact_512mb.bin,chunk_oracle_best_size,262144,539,141295616,262144,183,0.000698089599609375,zstd_10,4.0872954807390265,0.257965087890625,0.228759765625,100,262144
results/phase3_interleaved/interleaved_256kb_oracle.adc,data/ml_data/phase3_interleaved_ml_artifact_512mb.bin,chunk_oracle_best_size,262144,540,141557760,262144,1912,0.007293701171875,lzma_6,4.762975738822397,1.0,0.0,46,262144
results/phase3_interleaved/interleaved_256kb_oracle.adc,data/ml_data/phase3_interleaved_ml_artifact_512mb.bin,chunk_oracle_best_size,262144,541,141819904,262144,178928,0.68255615234375,lzma_6,7.2854274703729125,0.4268608093261719,0.004520416259765625,256,262144
results/phase3_interleaved/interleaved_256kb_oracle.adc,data/ml_data/phase3_interleaved_ml_artifact_512mb.bin,chunk_oracle_best_size,262144,542,142082048,262144,82,0.00031280517578125,zstd_10,1.91181155523121,0.0289306640625,0.7596435546875,26,262144
results/phase3_interleaved/interleaved_256kb_oracle.adc,data/ml_data/phase3_interleaved_ml_artifact_512mb.bin,chunk_oracle_best_size,262144,543,142344192,262144,262144,1.0,store,7.9994175921179345,0.3813934326171875,0.003726959228515625,256,262144
results/phase3_interleaved/interleaved_256kb_oracle.adc,data/ml_data/phase3_interleaved_ml_artifact_512mb.bin,chunk_oracle_best_size,262144,544,142606336,262144,8066,0.03076934814453125,zstd_19,4.456734339355359,1.0,0.0,34,262144
results/phase3_interleaved/interleaved_256kb_oracle.adc,data/ml_data/phase3_interleaved_ml_artifact_512mb.bin,chunk_oracle_best_size,262144,545,142868480,262144,101,0.000385284423828125,zstd_19,0.0066727787465866726,0.000324249267578125,0.99957275390625,14,262144
results/phase3_interleaved/interleaved_256kb_oracle.adc,data/ml_data/phase3_interleaved_ml_artifact_512mb.bin,chunk_oracle_best_size,262144,546,143130624,262144,1912,0.007293701171875,lzma_6,4.766621739237919,1.0,0.0,46,262144
results/phase3_interleaved/interleaved_256kb_oracle.adc,data/ml_data/phase3_interleaved_ml_artifact_512mb.bin,chunk_oracle_best_size,262144,547,143392768,262144,101,0.000385284423828125,zstd_19,0.0066727787465866726,0.000324249267578125,0.99957275390625,14,262144
results/phase3_interleaved/interleaved_256kb_oracle.adc,data/ml_data/phase3_interleaved_ml_artifact_512mb.bin,chunk_oracle_best_size,262144,548,143654912,262144,183760,0.70098876953125,lzma_6,7.2432077690129155,0.4403648376464844,0.002445220947265625,256,262144
results/phase3_interleaved/interleaved_256kb_oracle.adc,data/ml_data/phase3_interleaved_ml_artifact_512mb.bin,chunk_oracle_best_size,262144,549,143917056,262144,74,0.00028228759765625,zstd_10,1.7996677981511775,0.03753662109375,0.76251220703125,20,262144
results/phase3_interleaved/interleaved_256kb_oracle.adc,data/ml_data/phase3_interleaved_ml_artifact_512mb.bin,chunk_oracle_best_size,262144,550,144179200,262144,8066,0.03076934814453125,zstd_19,4.459367449570731,1.0,0.0,34,262144
results/phase3_interleaved/interleaved_256kb_oracle.adc,data/ml_data/phase3_interleaved_ml_artifact_512mb.bin,chunk_oracle_best_size,262144,551,144441344,262144,262144,1.0,store,7.999308382953772,0.3833808898925781,0.00394439697265625,256,262144
results/phase3_interleaved/interleaved_256kb_oracle.adc,data/ml_data/phase3_interleaved_ml_artifact_512mb.bin,chunk_oracle_best_size,262144,552,144703488,262144,101,0.000385284423828125,zstd_19,0.0066727787465866726,0.000324249267578125,0.99957275390625,14,262144
results/phase3_interleaved/interleaved_256kb_oracle.adc,data/ml_data/phase3_interleaved_ml_artifact_512mb.bin,chunk_oracle_best_size,262144,553,144965632,262144,183,0.000698089599609375,zstd_10,4.074672370451985,0.25177001953125,0.229644775390625,95,262144
results/phase3_interleaved/interleaved_256kb_oracle.adc,data/ml_data/phase3_interleaved_ml_artifact_512mb.bin,chunk_oracle_best_size,262144,554,145227776,262144,1900,0.0072479248046875,lzma_6,4.768347662615725,1.0,0.0,46,262144
results/phase3_interleaved/interleaved_256kb_oracle.adc,data/ml_data/phase3_interleaved_ml_artifact_512mb.bin,chunk_oracle_best_size,262144,555,145489920,262144,181152,0.6910400390625,lzma_6,7.318911701775769,0.43457794189453125,0.0034027099609375,256,262144
results/phase3_interleaved/interleaved_256kb_oracle.adc,data/ml_data/phase3_interleaved_ml_artifact_512mb.bin,chunk_oracle_best_size,262144,556,145752064,262144,83,0.000316619873046875,zstd_10,1.9277406931939804,0.02783203125,0.75927734375,27,262144
results/phase3_interleaved/interleaved_256kb_oracle.adc,data/ml_data/phase3_interleaved_ml_artifact_512mb.bin,chunk_oracle_best_size,262144,557,146014208,262144,262144,1.0,store,7.999080180620385,0.3828086853027344,0.003875732421875,256,262144
results/phase3_interleaved/interleaved_256kb_oracle.adc,data/ml_data/phase3_interleaved_ml_artifact_512mb.bin,chunk_oracle_best_size,262144,558,146276352,262144,8053,0.030719757080078125,zstd_19,4.458472362205277,1.0,0.0,34,262144
results/phase3_interleaved/interleaved_256kb_oracle.adc,data/ml_data/phase3_interleaved_ml_artifact_512mb.bin,chunk_oracle_best_size,262144,559,146538496,262144,101,0.000385284423828125,zstd_19,0.0066727787465866726,0.000324249267578125,0.99957275390625,14,262144
results/phase3_interleaved/interleaved_256kb_oracle.adc,data/ml_data/phase3_interleaved_ml_artifact_512mb.bin,chunk_oracle_best_size,262144,560,146800640,262144,1912,0.007293701171875,lzma_6,4.763018822845103,1.0,0.0,46,262144
results/phase3_interleaved/interleaved_256kb_oracle.adc,data/ml_data/phase3_interleaved_ml_artifact_512mb.bin,chunk_oracle_best_size,262144,561,147062784,262144,101,0.000385284423828125,zstd_19,0.0066727787465866726,0.000324249267578125,0.99957275390625,14,262144
results/phase3_interleaved/interleaved_256kb_oracle.adc,data/ml_data/phase3_interleaved_ml_artifact_512mb.bin,chunk_oracle_best_size,262144,562,147324928,262144,181276,0.6915130615234375,lzma_6,7.3005009794804705,0.4367866516113281,0.00341033935546875,256,262144
results/phase3_interleaved/interleaved_256kb_oracle.adc,data/ml_data/phase3_interleaved_ml_artifact_512mb.bin,chunk_oracle_best_size,262144,563,147587072,262144,75,0.000286102294921875,zstd_10,1.8205400655918629,0.03570556640625,0.761962890625,21,262144
results/phase3_interleaved/interleaved_256kb_oracle.adc,data/ml_data/phase3_interleaved_ml_artifact_512mb.bin,chunk_oracle_best_size,262144,564,147849216,262144,8267,0.031536102294921875,zstd_19,4.466803840895865,1.0,0.0,34,262144
results/phase3_interleaved/interleaved_256kb_oracle.adc,data/ml_data/phase3_interleaved_ml_artifact_512mb.bin,chunk_oracle_best_size,262144,565,148111360,262144,262144,1.0,store,7.999156127279759,0.3833580017089844,0.00373077392578125,256,262144
results/phase3_interleaved/interleaved_256kb_oracle.adc,data/ml_data/phase3_interleaved_ml_artifact_512mb.bin,chunk_oracle_best_size,262144,566,148373504,262144,101,0.000385284423828125,zstd_19,0.0066727787465866726,0.000324249267578125,0.99957275390625,14,262144
results/phase3_interleaved/interleaved_256kb_oracle.adc,data/ml_data/phase3_interleaved_ml_artifact_512mb.bin,chunk_oracle_best_size,262144,567,148635648,262144,183,0.000698089599609375,zstd_10,4.070439977738435,0.256195068359375,0.23052978515625,97,262144
results/phase3_interleaved/interleaved_256kb_oracle.adc,data/ml_data/phase3_interleaved_ml_artifact_512mb.bin,chunk_oracle_best_size,262144,568,148897792,262144,1900,0.0072479248046875,lzma_6,4.771613080974339,1.0,0.0,46,262144
results/phase3_interleaved/interleaved_256kb_oracle.adc,data/ml_data/phase3_interleaved_ml_artifact_512mb.bin,chunk_oracle_best_size,262144,569,149159936,262144,184164,0.7025299072265625,lzma_6,7.267673528086961,0.4207267761230469,0.001956939697265625,256,262144
results/phase3_interleaved/interleaved_256kb_oracle.adc,data/ml_data/phase3_interleaved_ml_artifact_512mb.bin,chunk_oracle_best_size,262144,570,149422080,262144,85,0.000324249267578125,zstd_10,1.9428040212458586,0.0267333984375,0.75897216796875,28,262144
results/phase3_interleaved/interleaved_256kb_oracle.adc,data/ml_data/phase3_interleaved_ml_artifact_512mb.bin,chunk_oracle_best_size,262144,571,149684224,262144,262144,1.0,store,7.999328229647218,0.3824806213378906,0.00399017333984375,256,262144
results/phase3_interleaved/interleaved_256kb_oracle.adc,data/ml_data/phase3_interleaved_ml_artifact_512mb.bin,chunk_oracle_best_size,262144,572,149946368,262144,8078,0.03081512451171875,zstd_19,4.46452823338265,1.0,0.0,34,262144
results/phase3_interleaved/interleaved_256kb_oracle.adc,data/ml_data/phase3_interleaved_ml_artifact_512mb.bin,chunk_oracle_best_size,262144,573,150208512,262144,101,0.000385284423828125,zstd_19,0.0066727787465866726,0.000324249267578125,0.99957275390625,14,262144
results/phase3_interleaved/interleaved_256kb_oracle.adc,data/ml_data/phase3_interleaved_ml_artifact_512mb.bin,chunk_oracle_best_size,262144,574,150470656,262144,1916,0.0073089599609375,lzma_6,4.771376493375148,1.0,0.0,46,262144
results/phase3_interleaved/interleaved_256kb_oracle.adc,data/ml_data/phase3_interleaved_ml_artifact_512mb.bin,chunk_oracle_best_size,262144,575,150732800,262144,101,0.000385284423828125,zstd_19,0.0066727787465866726,0.000324249267578125,0.99957275390625,14,262144
results/phase3_interleaved/interleaved_256kb_oracle.adc,data/ml_data/phase3_interleaved_ml_artifact_512mb.bin,chunk_oracle_best_size,262144,576,150994944,262144,181884,0.6938323974609375,lzma_6,7.331657338161477,0.44496917724609375,0.002490997314453125,256,262144
results/phase3_interleaved/interleaved_256kb_oracle.adc,data/ml_data/phase3_interleaved_ml_artifact_512mb.bin,chunk_oracle_best_size,262144,577,151257088,262144,77,0.000293731689453125,zstd_10,1.8406283492670494,0.0340576171875,0.76141357421875,22,262144
results/phase3_interleaved/interleaved_256kb_oracle.adc,data/ml_data/phase3_interleaved_ml_artifact_512mb.bin,chunk_oracle_best_size,262144,578,151519232,262144,8291,0.031627655029296875,zstd_10,4.468207513123726,1.0,0.0,34,262144
results/phase3_interleaved/interleaved_256kb_oracle.adc,data/ml_data/phase3_interleaved_ml_artifact_512mb.bin,chunk_oracle_best_size,262144,579,151781376,262144,262144,1.0,store,7.999268047437508,0.3830757141113281,0.00394439697265625,256,262144
results/phase3_interleaved/interleaved_256kb_oracle.adc,data/ml_data/phase3_interleaved_ml_artifact_512mb.bin,chunk_oracle_best_size,262144,580,152043520,262144,104,0.000396728515625,zstd_19,0.0066727787465866726,0.000324249267578125,0.99957275390625,14,262144
results/phase3_interleaved/interleaved_256kb_oracle.adc,data/ml_data/phase3_interleaved_ml_artifact_512mb.bin,chunk_oracle_best_size,262144,581,152305664,262144,183,0.000698089599609375,zstd_10,4.091826268039088,0.257965087890625,0.228759765625,100,262144
results/phase3_interleaved/interleaved_256kb_oracle.adc,data/ml_data/phase3_interleaved_ml_artifact_512mb.bin,chunk_oracle_best_size,262144,582,152567808,262144,1912,0.007293701171875,lzma_6,4.773336501842887,1.0,0.0,46,262144
results/phase3_interleaved/interleaved_256kb_oracle.adc,data/ml_data/phase3_interleaved_ml_artifact_512mb.bin,chunk_oracle_best_size,262144,583,152829952,262144,180536,0.688690185546875,lzma_6,7.277818994593584,0.457061767578125,0.002857208251953125,256,262144
results/phase3_interleaved/interleaved_256kb_oracle.adc,data/ml_data/phase3_interleaved_ml_artifact_512mb.bin,chunk_oracle_best_size,262144,584,153092096,262144,85,0.000324249267578125,zstd_10,1.9574219614934496,0.02581787109375,0.7586669921875,29,262144
results/phase3_interleaved/interleaved_256kb_oracle.adc,data/ml_data/phase3_interleaved_ml_artifact_512mb.bin,chunk_oracle_best_size,262144,585,153354240,262144,262144,1.0,store,7.999298838152631,0.3823127746582031,0.00365447998046875,256,262144
results/phase3_interleaved/interleaved_256kb_oracle.adc,data/ml_data/phase3_interleaved_ml_artifact_512mb.bin,chunk_oracle_best_size,262144,586,153616384,262144,8065,0.030765533447265625,zstd_19,4.467899806799134,1.0,0.0,34,262144
results/phase3_interleaved/interleaved_256kb_oracle.adc,data/ml_data/phase3_interleaved_ml_artifact_512mb.bin,chunk_oracle_best_size,262144,587,153878528,262144,104,0.000396728515625,zstd_19,0.0066727787465866726,0.000324249267578125,0.99957275390625,14,262144
results/phase3_interleaved/interleaved_256kb_oracle.adc,data/ml_data/phase3_interleaved_ml_artifact_512mb.bin,chunk_oracle_best_size,262144,588,154140672,262144,1900,0.0072479248046875,lzma_6,4.773504622323691,1.0,0.0,46,262144
results/phase3_interleaved/interleaved_256kb_oracle.adc,data/ml_data/phase3_interleaved_ml_artifact_512mb.bin,chunk_oracle_best_size,262144,589,154402816,262144,104,0.000396728515625,zstd_19,0.0066727787465866726,0.000324249267578125,0.99957275390625,14,262144
results/phase3_interleaved/interleaved_256kb_oracle.adc,data/ml_data/phase3_interleaved_ml_artifact_512mb.bin,chunk_oracle_best_size,262144,590,154664960,262144,181912,0.693939208984375,lzma_6,7.258124403874475,0.4249305725097656,0.005092620849609375,256,262144
results/phase3_interleaved/interleaved_256kb_oracle.adc,data/ml_data/phase3_interleaved_ml_artifact_512mb.bin,chunk_oracle_best_size,262144,591,154927104,262144,78,0.00029754638671875,zstd_10,1.8596352327448284,0.0325927734375,0.76092529296875,23,262144
results/phase3_interleaved/interleaved_256kb_oracle.adc,data/ml_data/phase3_interleaved_ml_artifact_512mb.bin,chunk_oracle_best_size,262144,592,155189248,262144,8050,0.03070831298828125,zstd_19,4.46457966581552,1.0,0.0,34,262144
results/phase3_interleaved/interleaved_256kb_oracle.adc,data/ml_data/phase3_interleaved_ml_artifact_512mb.bin,chunk_oracle_best_size,262144,593,155451392,262144,262144,1.0,store,7.999139798056069,0.38356781005859375,0.0038604736328125,256,262144
results/phase3_interleaved/interleaved_256kb_oracle.adc,data/ml_data/phase3_interleaved_ml_artifact_512mb.bin,chunk_oracle_best_size,262144,594,155713536,262144,104,0.000396728515625,zstd_19,0.0066727787465866726,0.000324249267578125,0.99957275390625,14,262144
results/phase3_interleaved/interleaved_256kb_oracle.adc,data/ml_data/phase3_interleaved_ml_artifact_512mb.bin,chunk_oracle_best_size,262144,595,155975680,262144,183,0.000698089599609375,zstd_10,4.031896731195543,0.250885009765625,0.228759765625,94,262144
results/phase3_interleaved/interleaved_256kb_oracle.adc,data/ml_data/phase3_interleaved_ml_artifact_512mb.bin,chunk_oracle_best_size,262144,596,156237824,262144,1900,0.0072479248046875,lzma_6,4.766985417810356,1.0,0.0,46,262144
results/phase3_interleaved/interleaved_256kb_oracle.adc,data/ml_data/phase3_interleaved_ml_artifact_512mb.bin,chunk_oracle_best_size,262144,597,156499968,262144,185868,0.7090301513671875,lzma_6,7.311753390450994,0.4633293151855469,0.00384521484375,256,262144
results/phase3_interleaved/interleaved_256kb_oracle.adc,data/ml_data/phase3_interleaved_ml_artifact_512mb.bin,chunk_oracle_best_size,262144,598,156762112,262144,67,0.000255584716796875,zstd_10,1.728282418908997,0.04412841796875,0.76470947265625,17,262144
results/phase3_interleaved/interleaved_256kb_oracle.adc,data/ml_data/phase3_interleaved_ml_artifact_512mb.bin,chunk_oracle_best_size,262144,599,157024256,262144,262144,1.0,store,7.999271829368794,0.38162994384765625,0.003803253173828125,256,262144
results/phase3_interleaved/interleaved_256kb_oracle.adc,data/ml_data/phase3_interleaved_ml_artifact_512mb.bin,chunk_oracle_best_size,262144,600,157286400,262144,8267,0.031536102294921875,zstd_19,4.460428420980129,1.0,0.0,34,262144
results/phase3_interleaved/interleaved_256kb_oracle.adc,data/ml_data/phase3_interleaved_ml_artifact_512mb.bin,chunk_oracle_best_size,262144,601,157548544,262144,104,0.000396728515625,zstd_19,0.0066727787465866726,0.000324249267578125,0.99957275390625,14,262144
results/phase3_interleaved/interleaved_256kb_oracle.adc,data/ml_data/phase3_interleaved_ml_artifact_512mb.bin,chunk_oracle_best_size,262144,602,157810688,262144,1912,0.007293701171875,lzma_6,4.76011195989087,1.0,0.0,46,262144
results/phase3_interleaved/interleaved_256kb_oracle.adc,data/ml_data/phase3_interleaved_ml_artifact_512mb.bin,chunk_oracle_best_size,262144,603,158072832,262144,104,0.000396728515625,zstd_19,0.0066727787465866726,0.000324249267578125,0.99957275390625,14,262144
results/phase3_interleaved/interleaved_256kb_oracle.adc,data/ml_data/phase3_interleaved_ml_artifact_512mb.bin,chunk_oracle_best_size,262144,604,158334976,262144,178984,0.682769775390625,lzma_6,7.2752564421723624,0.4586524963378906,0.003021240234375,256,262144
results/phase3_interleaved/interleaved_256kb_oracle.adc,data/ml_data/phase3_interleaved_ml_artifact_512mb.bin,chunk_oracle_best_size,262144,605,158597120,262144,80,0.00030517578125,zstd_10,1.8779894615960075,0.03131103515625,0.76043701171875,24,262144
results/phase3_interleaved/interleaved_256kb_oracle.adc,data/ml_data/phase3_interleaved_ml_artifact_512mb.bin,chunk_oracle_best_size,262144,606,158859264,262144,8924,0.0340423583984375,lzma_6,4.459915322359255,1.0,0.0,34,262144
results/phase3_interleaved/interleaved_256kb_oracle.adc,data/ml_data/phase3_interleaved_ml_artifact_512mb.bin,chunk_oracle_best_size,262144,607,159121408,262144,262144,1.0,store,7.999281555221015,0.3822212219238281,0.00394439697265625,256,262144
results/phase3_interleaved/interleaved_256kb_oracle.adc,data/ml_data/phase3_interleaved_ml_artifact_512mb.bin,chunk_oracle_best_size,262144,608,159383552,262144,104,0.000396728515625,zstd_19,0.0066727787465866726,0.000324249267578125,0.99957275390625,14,262144
results/phase3_interleaved/interleaved_256kb_oracle.adc,data/ml_data/phase3_interleaved_ml_artifact_512mb.bin,chunk_oracle_best_size,262144,609,159645696,262144,183,0.000698089599609375,zstd_10,4.0859074093991845,0.257080078125,0.229644775390625,100,262144
results/phase3_interleaved/interleaved_256kb_oracle.adc,data/ml_data/phase3_interleaved_ml_artifact_512mb.bin,chunk_oracle_best_size,262144,610,159907840,262144,1916,0.0073089599609375,lzma_6,4.760111959890871,1.0,0.0,46,262144
results/phase3_interleaved/interleaved_256kb_oracle.adc,data/ml_data/phase3_interleaved_ml_artifact_512mb.bin,chunk_oracle_best_size,262144,611,160169984,262144,181916,0.6939544677734375,lzma_6,7.283830276248313,0.450164794921875,0.002620697021484375,256,262144
results/phase3_interleaved/interleaved_256kb_oracle.adc,data/ml_data/phase3_interleaved_ml_artifact_512mb.bin,chunk_oracle_best_size,262144,612,160432128,262144,70,0.00026702880859375,zstd_10,1.7534509016363693,0.0416259765625,0.763916015625,18,262144
results/phase3_interleaved/interleaved_256kb_oracle.adc,data/ml_data/phase3_interleaved_ml_artifact_512mb.bin,chunk_oracle_best_size,262144,613,160694272,262144,262144,1.0,store,7.999242498374475,0.3824882507324219,0.00403594970703125,256,262144
results/phase3_interleaved/interleaved_256kb_oracle.adc,data/ml_data/phase3_interleaved_ml_artifact_512mb.bin,chunk_oracle_best_size,262144,614,160956416,262144,8128,0.031005859375,zstd_19,4.461861939548758,1.0,0.0,34,262144
results/phase3_interleaved/interleaved_256kb_oracle.adc,data/ml_data/phase3_interleaved_ml_artifact_512mb.bin,chunk_oracle_best_size,262144,615,161218560,262144,104,0.000396728515625,zstd_19,0.0066727787465866726,0.000324249267578125,0.99957275390625,14,262144
results/phase3_interleaved/interleaved_256kb_oracle.adc,data/ml_data/phase3_interleaved_ml_artifact_512mb.bin,chunk_oracle_best_size,262144,616,161480704,262144,1912,0.007293701171875,lzma_6,4.7624630208193715,1.0,0.0,46,262144
results/phase3_interleaved/interleaved_256kb_oracle.adc,data/ml_data/phase3_interleaved_ml_artifact_512mb.bin,chunk_oracle_best_size,262144,617,161742848,262144,104,0.000396728515625,zstd_19,0.0066727787465866726,0.000324249267578125,0.99957275390625,14,262144
results/phase3_interleaved/interleaved_256kb_oracle.adc,data/ml_data/phase3_interleaved_ml_artifact_512mb.bin,chunk_oracle_best_size,262144,618,162004992,262144,184920,0.705413818359375,lzma_6,7.313508885414502,0.4519615173339844,0.00238037109375,256,262144
results/phase3_interleaved/interleaved_256kb_oracle.adc,data/ml_data/phase3_interleaved_ml_artifact_512mb.bin,chunk_oracle_best_size,262144,619,162267136,262144,81,0.000308990478515625,zstd_10,1.8953693672656133,0.030029296875,0.760009765625,25,262144
results/phase3_interleaved/interleaved_256kb_oracle.adc,data/ml_data/phase3_interleaved_ml_artifact_512mb.bin,chunk_oracle_best_size,262144,620,162529280,262144,8064,0.03076171875,zstd_19,4.465817630222025,1.0,0.0,34,262144
results/phase3_interleaved/interleaved_256kb_oracle.adc,data/ml_data/phase3_interleaved_ml_artifact_512mb.bin,chunk_oracle_best_size,262144,621,162791424,262144,262144,1.0,store,7.999331050230433,0.3827018737792969,0.003997802734375,256,262144
results/phase3_interleaved/interleaved_256kb_oracle.adc,data/ml_data/phase3_interleaved_ml_artifact_512mb.bin,chunk_oracle_best_size,262144,622,163053568,262144,104,0.000396728515625,zstd_19,0.0066727787465866726,0.000324249267578125,0.99957275390625,14,262144
results/phase3_interleaved/interleaved_256kb_oracle.adc,data/ml_data/phase3_interleaved_ml_artifact_512mb.bin,chunk_oracle_best_size,262144,623,163315712,262144,183,0.000698089599609375,zstd_10,4.082062125096123,0.25885009765625,0.229644775390625,99,262144
results/phase3_interleaved/interleaved_256kb_oracle.adc,data/ml_data/phase3_interleaved_ml_artifact_512mb.bin,chunk_oracle_best_size,262144,624,163577856,262144,1912,0.007293701171875,lzma_6,4.763714876283686,1.0,0.0,46,262144
results/phase3_interleaved/interleaved_256kb_oracle.adc,data/ml_data/phase3_interleaved_ml_artifact_512mb.bin,chunk_oracle_best_size,262144,625,163840000,262144,178092,0.6793670654296875,lzma_6,7.261509018294631,0.43181610107421875,0.003826141357421875,256,262144
results/phase3_interleaved/interleaved_256kb_oracle.adc,data/ml_data/phase3_interleaved_ml_artifact_512mb.bin,chunk_oracle_best_size,262144,626,164102144,262144,71,0.000270843505859375,zstd_10,1.7772116148855726,0.03948974609375,0.76318359375,19,262144
results/phase3_interleaved/interleaved_256kb_oracle.adc,data/ml_data/phase3_interleaved_ml_artifact_512mb.bin,chunk_oracle_best_size,262144,627,164364288,262144,262144,1.0,store,7.9992324176999565,0.38138580322265625,0.00408172607421875,256,262144
results/phase3_interleaved/interleaved_256kb_oracle.adc,data/ml_data/phase3_interleaved_ml_artifact_512mb.bin,chunk_oracle_best_size,262144,628,164626432,262144,8050,0.03070831298828125,zstd_19,4.4648818953516995,1.0,0.0,34,262144
results/phase3_interleaved/interleaved_256kb_oracle.adc,data/ml_data/phase3_interleaved_ml_artifact_512mb.bin,chunk_oracle_best_size,262144,629,164888576,262144,104,0.000396728515625,zstd_19,0.0066727787465866726,0.000324249267578125,0.99957275390625,14,262144
results/phase3_interleaved/interleaved_256kb_oracle.adc,data/ml_data/phase3_interleaved_ml_artifact_512mb.bin,chunk_oracle_best_size,262144,630,165150720,262144,1912,0.007293701171875,lzma_6,4.758343739826384,1.0,0.0,46,262144
results/phase3_interleaved/interleaved_256kb_oracle.adc,data/ml_data/phase3_interleaved_ml_artifact_512mb.bin,chunk_oracle_best_size,262144,631,165412864,262144,104,0.000396728515625,zstd_19,0.0066727787465866726,0.000324249267578125,0.99957275390625,14,262144
results/phase3_interleaved/interleaved_256kb_oracle.adc,data/ml_data/phase3_interleaved_ml_artifact_512mb.bin,chunk_oracle_best_size,262144,632,165675008,262144,185056,0.7059326171875,lzma_6,7.33362244901006,0.44464874267578125,0.0042572021484375,256,262144
results/phase3_interleaved/interleaved_256kb_oracle.adc,data/ml_data/phase3_interleaved_ml_artifact_512mb.bin,chunk_oracle_best_size,262144,633,165937152,262144,82,0.00031280517578125,zstd_10,1.91181155523121,0.0289306640625,0.7596435546875,26,262144
results/phase3_interleaved/interleaved_256kb_oracle.adc,data/ml_data/phase3_interleaved_ml_artifact_512mb.bin,chunk_oracle_best_size,262144,634,166199296,262144,8067,0.030773162841796875,zstd_19,4.466169588454348,1.0,0.0,34,262144
results/phase3_interleaved/interleaved_256kb_oracle.adc,data/ml_data/phase3_interleaved_ml_artifact_512mb.bin,chunk_oracle_best_size,262144,635,166461440,262144,262144,1.0,store,7.999400152335496,0.3826713562011719,0.0039825439453125,256,262144
results/phase3_interleaved/interleaved_256kb_oracle.adc,data/ml_data/phase3_interleaved_ml_artifact_512mb.bin,chunk_oracle_best_size,262144,636,166723584,262144,104,0.000396728515625,zstd_19,0.0066727787465866726,0.000324249267578125,0.99957275390625,14,262144
results/phase3_interleaved/interleaved_256kb_oracle.adc,data/ml_data/phase3_interleaved_ml_artifact_512mb.bin,chunk_oracle_best_size,262144,637,166985728,262144,183,0.000698089599609375,zstd_10,4.082367370336684,0.256195068359375,0.229644775390625,98,262144
results/phase3_interleaved/interleaved_256kb_oracle.adc,data/ml_data/phase3_interleaved_ml_artifact_512mb.bin,chunk_oracle_best_size,262144,638,167247872,262144,1900,0.0072479248046875,lzma_6,4.76693799795562,1.0,0.0,46,262144
results/phase3_interleaved/interleaved_256kb_oracle.adc,data/ml_data/phase3_interleaved_ml_artifact_512mb.bin,chunk_oracle_best_size,262144,639,167510016,262144,177948,0.6788177490234375,lzma_6,7.245734756562316,0.4228515625,0.00365447998046875,256,262144
results/phase3_interleaved/interleaved_256kb_oracle.adc,data/ml_data/phase3_interleaved_ml_artifact_512mb.bin,chunk_oracle_best_size,262144,640,167772160,262144,74,0.00028228759765625,zstd_10,1.7996677981511775,0.03753662109375,0.76251220703125,20,262144
results/phase3_interleaved/interleaved_256kb_oracle.adc,data/ml_data/phase3_interleaved_ml_artifact_512mb.bin,chunk_oracle_best_size,262144,641,168034304,262144,262144,1.0,store,7.999264958853886,0.38427734375,0.003887176513671875,256,262144
results/phase3_interleaved/interleaved_256kb_oracle.adc,data/ml_data/phase3_interleaved_ml_artifact_512mb.bin,chunk_oracle_best_size,262144,642,168296448,262144,8254,0.03148651123046875,zstd_19,4.463570227139614,1.0,0.0,34,262144
results/phase3_interleaved/interleaved_256kb_oracle.adc,data/ml_data/phase3_interleaved_ml_artifact_512mb.bin,chunk_oracle_best_size,262144,643,168558592,262144,101,0.000385284423828125,zstd_19,0.0066727787465866726,0.000324249267578125,0.99957275390625,14,262144
results/phase3_interleaved/interleaved_256kb_oracle.adc,data/ml_data/phase3_interleaved_ml_artifact_512mb.bin,chunk_oracle_best_size,262144,644,168820736,262144,1900,0.0072479248046875,lzma_6,4.760663754763297,1.0,0.0,46,262144
results/phase3_interleaved/interleaved_256kb_oracle.adc,data/ml_data/phase3_interleaved_ml_artifact_512mb.bin,chunk_oracle_best_size,262144,645,169082880,262144,101,0.000385284423828125,zstd_19,0.0066727787465866726,0.000324249267578125,0.99957275390625,14,262144
results/phase3_interleaved/interleaved_256kb_oracle.adc,data/ml_data/phase3_interleaved_ml_artifact_512mb.bin,chunk_oracle_best_size,262144,646,169345024,262144,185880,0.709075927734375,lzma_6,7.332424643389095,0.4446754455566406,0.003253936767578125,256,262144
results/phase3_interleaved/interleaved_256kb_oracle.adc,data/ml_data/phase3_interleaved_ml_artifact_512mb.bin,chunk_oracle_best_size,262144,647,169607168,262144,83,0.000316619873046875,zstd_10,1.9277406931939804,0.02783203125,0.75927734375,27,262144
results/phase3_interleaved/interleaved_256kb_oracle.adc,data/ml_data/phase3_interleaved_ml_artifact_512mb.bin,chunk_oracle_best_size,262144,648,169869312,262144,8053,0.030719757080078125,zstd_19,4.467516055308296,1.0,0.0,34,262144
results/phase3_interleaved/interleaved_256kb_oracle.adc,data/ml_data/phase3_interleaved_ml_artifact_512mb.bin,chunk_oracle_best_size,262144,649,170131456,262144,262144,1.0,store,7.999323593311417,0.3831634521484375,0.003875732421875,256,262144
results/phase3_interleaved/interleaved_256kb_oracle.adc,data/ml_data/phase3_interleaved_ml_artifact_512mb.bin,chunk_oracle_best_size,262144,650,170393600,262144,101,0.000385284423828125,zstd_19,0.0066727787465866726,0.000324249267578125,0.99957275390625,14,262144
results/phase3_interleaved/interleaved_256kb_oracle.adc,data/ml_data/phase3_interleaved_ml_artifact_512mb.bin,chunk_oracle_best_size,262144,651,170655744,262144,183,0.000698089599609375,zstd_10,4.082399496572263,0.257965087890625,0.229644775390625,97,262144
results/phase3_interleaved/interleaved_256kb_oracle.adc,data/ml_data/phase3_interleaved_ml_artifact_512mb.bin,chunk_oracle_best_size,262144,652,170917888,262144,1912,0.007293701171875,lzma_6,4.768388244129173,1.0,0.0,46,262144
results/phase3_interleaved/interleaved_256kb_oracle.adc,data/ml_data/phase3_interleaved_ml_artifact_512mb.bin,chunk_oracle_best_size,262144,653,171180032,262144,180880,0.69000244140625,lzma_6,7.3108624966919855,0.4237098693847656,0.00275421142578125,256,262144
results/phase3_interleaved/interleaved_256kb_oracle.adc,data/ml_data/phase3_interleaved_ml_artifact_512mb.bin,chunk_oracle_best_size,262144,654,171442176,262144,75,0.000286102294921875,zstd_10,1.8205400655918629,0.03570556640625,0.761962890625,21,262144
results/phase3_interleaved/interleaved_256kb_oracle.adc,data/ml_data/phase3_interleaved_ml_artifact_512mb.bin,chunk_oracle_best_size,262144,655,171704320,262144,262144,1.0,store,7.999249569966853,0.3837623596191406,0.004058837890625,256,262144
results/phase3_interleaved/interleaved_256kb_oracle.adc,data/ml_data/phase3_interleaved_ml_artifact_512mb.bin,chunk_oracle_best_size,262144,656,171966464,262144,8740,0.0333404541015625,lzma_6,4.458159162711957,1.0,0.0,34,262144
results/phase3_interleaved/interleaved_256kb_oracle.adc,data/ml_data/phase3_interleaved_ml_artifact_512mb.bin,chunk_oracle_best_size,262144,657,172228608,262144,101,0.000385284423828125,zstd_19,0.0066727787465866726,0.000324249267578125,0.99957275390625,14,262144
results/phase3_interleaved/interleaved_256kb_oracle.adc,data/ml_data/phase3_interleaved_ml_artifact_512mb.bin,chunk_oracle_best_size,262144,658,172490752,262144,1900,0.0072479248046875,lzma_6,4.771613080974339,1.0,0.0,46,262144
results/phase3_interleaved/interleaved_256kb_oracle.adc,data/ml_data/phase3_interleaved_ml_artifact_512mb.bin,chunk_oracle_best_size,262144,659,172752896,262144,101,0.000385284423828125,zstd_19,0.0066727787465866726,0.000324249267578125,0.99957275390625,14,262144
results/phase3_interleaved/interleaved_256kb_oracle.adc,data/ml_data/phase3_interleaved_ml_artifact_512mb.bin,chunk_oracle_best_size,262144,660,173015040,262144,180632,0.689056396484375,lzma_6,7.283488232707905,0.4420204162597656,0.003078460693359375,256,262144
results/phase3_interleaved/interleaved_256kb_oracle.adc,data/ml_data/phase3_interleaved_ml_artifact_512mb.bin,chunk_oracle_best_size,262144,661,173277184,262144,85,0.000324249267578125,zstd_10,1.9428040212458586,0.0267333984375,0.75897216796875,28,262144
results/phase3_interleaved/interleaved_256kb_oracle.adc,data/ml_data/phase3_interleaved_ml_artifact_512mb.bin,chunk_oracle_best_size,262144,662,173539328,262144,8078,0.03081512451171875,zstd_19,4.455139446215433,1.0,0.0,34,262144
results/phase3_interleaved/interleaved_256kb_oracle.adc,data/ml_data/phase3_interleaved_ml_artifact_512mb.bin,chunk_oracle_best_size,262144,663,173801472,262144,262144,1.0,store,7.999244543099358,0.3830375671386719,0.0040740966796875,256,262144
results/phase3_interleaved/interleaved_256kb_oracle.adc,data/ml_data/phase3_interleaved_ml_artifact_512mb.bin,chunk_oracle_best_size,262144,664,174063616,262144,101,0.000385284423828125,zstd_19,0.0066727787465866726,0.000324249267578125,0.99957275390625,14,262144
results/phase3_interleaved/interleaved_256kb_oracle.adc,data/ml_data/phase3_interleaved_ml_artifact_512mb.bin,chunk_oracle_best_size,262144,665,174325760,262144,183,0.000698089599609375,zstd_10,4.0763760074457265,0.250885009765625,0.229644775390625,95,262144
results/phase3_interleaved/interleaved_256kb_oracle.adc,data/ml_data/phase3_interleaved_ml_artifact_512mb.bin,chunk_oracle_best_size,262144,666,174587904,262144,1900,0.0072479248046875,lzma_6,4.75842982349687,1.0,0.0,46,262144
results/phase3_interleaved/interleaved_256kb_oracle.adc,data/ml_data/phase3_interleaved_ml_artifact_512mb.bin,chunk_oracle_best_size,262144,667,174850048,262144,183300,0.6992340087890625,lzma_6,7.328630254283175,0.427734375,0.00330352783203125,256,262144
results/phase3_interleaved/interleaved_256kb_oracle.adc,data/ml_data/phase3_interleaved_ml_artifact_512mb.bin,chunk_oracle_best_size,262144,668,175112192,262144,77,0.000293731689453125,zstd_10,1.8406283492670494,0.0340576171875,0.76141357421875,22,262144
results/phase3_interleaved/interleaved_256kb_oracle.adc,data/ml_data/phase3_interleaved_ml_artifact_512mb.bin,chunk_oracle_best_size,262144,669,175374336,262144,262144,1.0,store,7.9993133765240625,0.3810462951660156,0.003864288330078125,256,262144
results/phase3_interleaved/interleaved_256kb_oracle.adc,data/ml_data/phase3_interleaved_ml_artifact_512mb.bin,chunk_oracle_best_size,262144,670,175636480,262144,8067,0.030773162841796875,zstd_19,4.469661815309442,1.0,0.0,34,262144
results/phase3_interleaved/interleaved_256kb_oracle.adc,data/ml_data/phase3_interleaved_ml_artifact_512mb.bin,chunk_oracle_best_size,262144,671,175898624,262144,101,0.000385284423828125,zstd_19,0.0066727787465866726,0.000324249267578125,0.99957275390625,14,262144
results/phase3_interleaved/interleaved_256kb_oracle.adc,data/ml_data/phase3_interleaved_ml_artifact_512mb.bin,chunk_oracle_best_size,262144,672,176160768,262144,1916,0.0073089599609375,lzma_6,4.768512714443622,1.0,0.0,46,262144
results/phase3_interleaved/interleaved_256kb_oracle.adc,data/ml_data/phase3_interleaved_ml_artifact_512mb.bin,chunk_oracle_best_size,262144,673,176422912,262144,101,0.000385284423828125,zstd_19,0.0066727787465866726,0.000324249267578125,0.99957275390625,14,262144
results/phase3_interleaved/interleaved_256kb_oracle.adc,data/ml_data/phase3_interleaved_ml_artifact_512mb.bin,chunk_oracle_best_size,262144,674,176685056,262144,185532,0.7077484130859375,lzma_6,7.341516173754997,0.4550666809082031,0.00226593017578125,256,262144
results/phase3_interleaved/interleaved_256kb_oracle.adc,data/ml_data/phase3_interleaved_ml_artifact_512mb.bin,chunk_oracle_best_size,262144,675,176947200,262144,85,0.000324249267578125,zstd_10,1.9574219614934496,0.02581787109375,0.7586669921875,29,262144
results/phase3_interleaved/interleaved_256kb_oracle.adc,data/ml_data/phase3_interleaved_ml_artifact_512mb.bin,chunk_oracle_best_size,262144,676,177209344,262144,8066,0.03076934814453125,zstd_19,4.458516684546073,1.0,0.0,34,262144
results/phase3_interleaved/interleaved_256kb_oracle.adc,data/ml_data/phase3_interleaved_ml_artifact_512mb.bin,chunk_oracle_best_size,262144,677,177471488,262144,262144,1.0,store,7.999178915013117,0.3833961486816406,0.003936767578125,256,262144
results/phase3_interleaved/interleaved_256kb_oracle.adc,data/ml_data/phase3_interleaved_ml_artifact_512mb.bin,chunk_oracle_best_size,262144,678,177733632,262144,101,0.000385284423828125,zstd_19,0.0066727787465866726,0.000324249267578125,0.99957275390625,14,262144
results/phase3_interleaved/interleaved_256kb_oracle.adc,data/ml_data/phase3_interleaved_ml_artifact_512mb.bin,chunk_oracle_best_size,262144,679,177995776,262144,183,0.000698089599609375,zstd_10,4.078521570037052,0.256195068359375,0.23052978515625,97,262144
results/phase3_interleaved/interleaved_256kb_oracle.adc,data/ml_data/phase3_interleaved_ml_artifact_512mb.bin,chunk_oracle_best_size,262144,680,178257920,262144,1912,0.007293701171875,lzma_6,4.763336796736037,1.0,0.0,46,262144
results/phase3_interleaved/interleaved_256kb_oracle.adc,data/ml_data/phase3_interleaved_ml_artifact_512mb.bin,chunk_oracle_best_size,262144,681,178520064,262144,178248,0.679962158203125,lzma_6,7.247869027561799,0.4370689392089844,0.006519317626953125,256,262144
results/phase3_interleaved/interleaved_256kb_oracle.adc,data/ml_data/phase3_interleaved_ml_artifact_512mb.bin,chunk_oracle_best_size,262144,682,178782208,262144,78,0.00029754638671875,zstd_10,1.8596352327448284,0.0325927734375,0.76092529296875,23,262144
results/phase3_interleaved/interleaved_256kb_oracle.adc,data/ml_data/phase3_interleaved_ml_artifact_512mb.bin,chunk_oracle_best_size,262144,683,179044352,262144,262144,1.0,store,7.999422998880694,0.38378143310546875,0.00392913818359375,256,262144
results/phase3_interleaved/interleaved_256kb_oracle.adc,data/ml_data/phase3_interleaved_ml_artifact_512mb.bin,chunk_oracle_best_size,262144,684,179306496,262144,8053,0.030719757080078125,zstd_19,4.467516055308296,1.0,0.0,34,262144
results/phase3_interleaved/interleaved_256kb_oracle.adc,data/ml_data/phase3_interleaved_ml_artifact_512mb.bin,chunk_oracle_best_size,262144,685,179568640,262144,101,0.000385284423828125,zstd_19,0.0066727787465866726,0.000324249267578125,0.99957275390625,14,262144
results/phase3_interleaved/interleaved_256kb_oracle.adc,data/ml_data/phase3_interleaved_ml_artifact_512mb.bin,chunk_oracle_best_size,262144,686,179830784,262144,1900,0.0072479248046875,lzma_6,4.765687857664537,1.0,0.0,46,262144
results/phase3_interleaved/interleaved_256kb_oracle.adc,data/ml_data/phase3_interleaved_ml_artifact_512mb.bin,chunk_oracle_best_size,262144,687,180092928,262144,101,0.000385284423828125,zstd_19,0.0066727787465866726,0.000324249267578125,0.99957275390625,14,262144
results/phase3_interleaved/interleaved_256kb_oracle.adc,data/ml_data/phase3_interleaved_ml_artifact_512mb.bin,chunk_oracle_best_size,262144,688,180355072,262144,178044,0.6791839599609375,lzma_6,7.295023495737765,0.4246559143066406,0.00267791748046875,256,262144
results/phase3_interleaved/interleaved_256kb_oracle.adc,data/ml_data/phase3_interleaved_ml_artifact_512mb.bin,chunk_oracle_best_size,262144,689,180617216,262144,67,0.000255584716796875,zstd_10,1.728282418908997,0.04412841796875,0.76470947265625,17,262144
results/phase3_interleaved/interleaved_256kb_oracle.adc,data/ml_data/phase3_interleaved_ml_artifact_512mb.bin,chunk_oracle_best_size,262144,690,180879360,262144,8267,0.031536102294921875,zstd_19,4.469507700391023,1.0,0.0,34,262144
results/phase3_interleaved/interleaved_256kb_oracle.adc,data/ml_data/phase3_interleaved_ml_artifact_512mb.bin,chunk_oracle_best_size,262144,691,181141504,262144,262144,1.0,store,7.999226629089904,0.3837394714355469,0.00405120849609375,256,262144
results/phase3_interleaved/interleaved_256kb_oracle.adc,data/ml_data/phase3_interleaved_ml_artifact_512mb.bin,chunk_oracle_best_size,262144,692,181403648,262144,101,0.000385284423828125,zstd_19,0.0066727787465866726,0.000324249267578125,0.99957275390625,14,262144
results/phase3_interleaved/interleaved_256kb_oracle.adc,data/ml_data/phase3_interleaved_ml_artifact_512mb.bin,chunk_oracle_best_size,262144,693,181665792,262144,183,0.000698089599609375,zstd_10,4.035765683440545,0.256195068359375,0.229644775390625,96,262144
results/phase3_interleaved/interleaved_256kb_oracle.adc,data/ml_data/phase3_interleaved_ml_artifact_512mb.bin,chunk_oracle_best_size,262144,694,181927936,262144,1900,0.0072479248046875,lzma_6,4.762312049964869,1.0,0.0,46,262144
results/phase3_interleaved/interleaved_256kb_oracle.adc,data/ml_data/phase3_interleaved_ml_artifact_512mb.bin,chunk_oracle_best_size,262144,695,182190080,262144,185084,0.7060394287109375,lzma_6,7.292040941347471,0.4445304870605469,0.0039520263671875,256,262144
results/phase3_interleaved/interleaved_256kb_oracle.adc,data/ml_data/phase3_interleaved_ml_artifact_512mb.bin,chunk_oracle_best_size,262144,696,182452224,262144,80,0.00030517578125,zstd_10,1.8779894615960075,0.03131103515625,0.76043701171875,24,262144
results/phase3_interleaved/interleaved_256kb_oracle.adc,data/ml_data/phase3_interleaved_ml_artifact_512mb.bin,chunk_oracle_best_size,262144,697,182714368,262144,262144,1.0,store,7.999329041444746,0.3823661804199219,0.003986358642578125,256,262144
results/phase3_interleaved/interleaved_256kb_oracle.adc,data/ml_data/phase3_interleaved_ml_artifact_512mb.bin,chunk_oracle_best_size,262144,698,182976512,262144,8506,0.03244781494140625,zstd_10,4.468470609797046,1.0,0.0,34,262144
results/phase3_interleaved/interleaved_256kb_oracle.adc,data/ml_data/phase3_interleaved_ml_artifact_512mb.bin,chunk_oracle_best_size,262144,699,183238656,262144,101,0.000385284423828125,zstd_19,0.0066727787465866726,0.000324249267578125,0.99957275390625,14,262144
results/phase3_interleaved/interleaved_256kb_oracle.adc,data/ml_data/phase3_interleaved_ml_artifact_512mb.bin,chunk_oracle_best_size,262144,700,183500800,262144,1912,0.007293701171875,lzma_6,4.758854651167898,1.0,0.0,46,262144
results/phase3_interleaved/interleaved_256kb_oracle.adc,data/ml_data/phase3_interleaved_ml_artifact_512mb.bin,chunk_oracle_best_size,262144,701,183762944,262144,101,0.000385284423828125,zstd_19,0.0066727787465866726,0.000324249267578125,0.99957275390625,14,262144
results/phase3_interleaved/interleaved_256kb_oracle.adc,data/ml_data/phase3_interleaved_ml_artifact_512mb.bin,chunk_oracle_best_size,262144,702,184025088,262144,183420,0.6996917724609375,lzma_6,7.288322372115027,0.4424934387207031,0.004032135009765625,256,262144
results/phase3_interleaved/interleaved_256kb_oracle.adc,data/ml_data/phase3_interleaved_ml_artifact_512mb.bin,chunk_oracle_best_size,262144,703,184287232,262144,70,0.00026702880859375,zstd_10,1.7534509016363693,0.0416259765625,0.763916015625,18,262144
results/phase3_interleaved/interleaved_256kb_oracle.adc,data/ml_data/phase3_interleaved_ml_artifact_512mb.bin,chunk_oracle_best_size,262144,704,184549376,262144,8290,0.03162384033203125,zstd_10,4.468718848998343,1.0,0.0,34,262144
results/phase3_interleaved/interleaved_256kb_oracle.adc,data/ml_data/phase3_interleaved_ml_artifact_512mb.bin,chunk_oracle_best_size,262144,705,184811520,262144,262144,1.0,store,7.99932155784887,0.383575439453125,0.004016876220703125,256,262144
results/phase3_interleaved/interleaved_256kb_oracle.adc,data/ml_data/phase3_interleaved_ml_artifact_512mb.bin,chunk_oracle_best_size,262144,706,185073664,262144,104,0.000396728515625,zstd_19,0.0066727787465866726,0.000324249267578125,0.99957275390625,14,262144
results/phase3_interleaved/interleaved_256kb_oracle.adc,data/ml_data/phase3_interleaved_ml_artifact_512mb.bin,chunk_oracle_best_size,262144,707,185335808,262144,183,0.000698089599609375,zstd_10,4.085136722441895,0.250885009765625,0.228759765625,95,262144
results/phase3_interleaved/interleaved_256kb_oracle.adc,data/ml_data/phase3_interleaved_ml_artifact_512mb.bin,chunk_oracle_best_size,262144,708,185597952,262144,1912,0.007293701171875,lzma_6,4.768091550873266,1.0,0.0,46,262144
results/phase3_interleaved/interleaved_256kb_oracle.adc,data/ml_data/phase3_interleaved_ml_artifact_512mb.bin,chunk_oracle_best_size,262144,709,185860096,262144,179116,0.6832733154296875,lzma_6,7.31346198311194,0.44094085693359375,0.00319671630859375,256,262144
results/phase3_interleaved/interleaved_256kb_oracle.adc,data/ml_data/phase3_interleaved_ml_artifact_512mb.bin,chunk_oracle_best_size,262144,710,186122240,262144,81,0.000308990478515625,zstd_10,1.8953693672656133,0.030029296875,0.760009765625,25,262144
results/phase3_interleaved/interleaved_256kb_oracle.adc,data/ml_data/phase3_interleaved_ml_artifact_512mb.bin,chunk_oracle_best_size,262144,711,186384384,262144,262144,1.0,store,7.999290238377285,0.381134033203125,0.00397491455078125,256,262144
results/phase3_interleaved/interleaved_256kb_oracle.adc,data/ml_data/phase3_interleaved_ml_artifact_512mb.bin,chunk_oracle_best_size,262144,712,186646528,262144,8190,0.03124237060546875,zstd_19,4.459021677984531,1.0,0.0,34,262144
results/phase3_interleaved/interleaved_256kb_oracle.adc,data/ml_data/phase3_interleaved_ml_artifact_512mb.bin,chunk_oracle_best_size,262144,713,186908672,262144,104,0.000396728515625,zstd_19,0.0066727787465866726,0.000324249267578125,0.99957275390625,14,262144
results/phase3_interleaved/interleaved_256kb_oracle.adc,data/ml_data/phase3_interleaved_ml_artifact_512mb.bin,chunk_oracle_best_size,262144,714,187170816,262144,1912,0.007293701171875,lzma_6,4.768469630420916,1.0,0.0,46,262144
results/phase3_interleaved/interleaved_256kb_oracle.adc,data/ml_data/phase3_interleaved_ml_artifact_512mb.bin,chunk_oracle_best_size,262144,715,187432960,262144,104,0.000396728515625,zstd_19,0.0066727787465866726,0.000324249267578125,0.99957275390625,14,262144
results/phase3_interleaved/interleaved_256kb_oracle.adc,data/ml_data/phase3_interleaved_ml_artifact_512mb.bin,chunk_oracle_best_size,262144,716,187695104,262144,183020,0.6981658935546875,lzma_6,7.273896536933092,0.4592742919921875,0.00292205810546875,256,262144
results/phase3_interleaved/interleaved_256kb_oracle.adc,data/ml_data/phase3_interleaved_ml_artifact_512mb.bin,chunk_oracle_best_size,262144,717,187957248,262144,71,0.000270843505859375,zstd_10,1.7772116148855726,0.03948974609375,0.76318359375,19,262144
results/phase3_interleaved/interleaved_256kb_oracle.adc,data/ml_data/phase3_interleaved_ml_artifact_512mb.bin,chunk_oracle_best_size,262144,718,188219392,262144,8053,0.030719757080078125,zstd_19,4.462976165843194,1.0,0.0,34,262144
results/phase3_interleaved/interleaved_256kb_oracle.adc,data/ml_data/phase3_interleaved_ml_artifact_512mb.bin,chunk_oracle_best_size,262144,719,188481536,262144,262144,1.0,store,7.999326781765925,0.3827247619628906,0.003795623779296875,256,262144
results/phase3_interleaved/interleaved_256kb_oracle.adc,data/ml_data/phase3_interleaved_ml_artifact_512mb.bin,chunk_oracle_best_size,262144,720,188743680,262144,104,0.000396728515625,zstd_19,0.0066727787465866726,0.000324249267578125,0.99957275390625,14,262144
results/phase3_interleaved/interleaved_256kb_oracle.adc,data/ml_data/phase3_interleaved_ml_artifact_512mb.bin,chunk_oracle_best_size,262144,721,189005824,262144,183,0.000698089599609375,zstd_10,4.091826268039088,0.259735107421875,0.228759765625,100,262144
results/phase3_interleaved/interleaved_256kb_oracle.adc,data/ml_data/phase3_interleaved_ml_artifact_512mb.bin,chunk_oracle_best_size,262144,722,189267968,262144,1900,0.0072479248046875,lzma_6,4.768464486777706,1.0,0.0,46,262144
results/phase3_interleaved/interleaved_256kb_oracle.adc,data/ml_data/phase3_interleaved_ml_artifact_512mb.bin,chunk_oracle_best_size,262144,723,189530112,262144,178972,0.6827239990234375,lzma_6,7.265986326723231,0.4363861083984375,0.00440216064453125,256,262144
results/phase3_interleaved/interleaved_256kb_oracle.adc,data/ml_data/phase3_interleaved_ml_artifact_512mb.bin,chunk_oracle_best_size,262144,724,189792256,262144,82,0.00031280517578125,zstd_10,1.91181155523121,0.0289306640625,0.7596435546875,26,262144
results/phase3_interleaved/interleaved_256kb_oracle.adc,data/ml_data/phase3_interleaved_ml_artifact_512mb.bin,chunk_oracle_best_size,262144,725,190054400,262144,262144,1.0,store,7.999286691295624,0.3825798034667969,0.003971099853515625,256,262144
results/phase3_interleaved/interleaved_256kb_oracle.adc,data/ml_data/phase3_interleaved_ml_artifact_512mb.bin,chunk_oracle_best_size,262144,726,190316544,262144,8267,0.031536102294921875,zstd_19,4.464567850278254,1.0,0.0,34,262144
results/phase3_interleaved/interleaved_256kb_oracle.adc,data/ml_data/phase3_interleaved_ml_artifact_512mb.bin,chunk_oracle_best_size,262144,727,190578688,262144,104,0.000396728515625,zstd_19,0.0066727787465866726,0.000324249267578125,0.99957275390625,14,262144
results/phase3_interleaved/interleaved_256kb_oracle.adc,data/ml_data/phase3_interleaved_ml_artifact_512mb.bin,chunk_oracle_best_size,262144,728,190840832,262144,1912,0.007293701171875,lzma_6,4.773460972157336,1.0,0.0,46,262144
results/phase3_interleaved/interleaved_256kb_oracle.adc,data/ml_data/phase3_interleaved_ml_artifact_512mb.bin,chunk_oracle_best_size,262144,729,191102976,262144,104,0.000396728515625,zstd_19,0.0066727787465866726,0.000324249267578125,0.99957275390625,14,262144
results/phase3_interleaved/interleaved_256kb_oracle.adc,data/ml_data/phase3_interleaved_ml_artifact_512mb.bin,chunk_oracle_best_size,262144,730,191365120,262144,187080,0.713653564453125,lzma_6,7.361757424730933,0.4357452392578125,0.00308990478515625,256,262144
results/phase3_interleaved/interleaved_256kb_oracle.adc,data/ml_data/phase3_interleaved_ml_artifact_512mb.bin,chunk_oracle_best_size,262144,731,191627264,262144,74,0.00028228759765625,zstd_10,1.7996677981511775,0.03753662109375,0.76251220703125,20,262144
results/phase3_interleaved/interleaved_256kb_oracle.adc,data/ml_data/phase3_interleaved_ml_artifact_512mb.bin,chunk_oracle_best_size,262144,732,191889408,262144,8254,0.03148651123046875,zstd_19,4.463575892053769,1.0,0.0,34,262144
results/phase3_interleaved/interleaved_256kb_oracle.adc,data/ml_data/phase3_interleaved_ml_artifact_512mb.bin,chunk_oracle_best_size,262144,733,192151552,262144,262144,1.0,store,7.999368459268788,0.3843650817871094,0.003818511962890625,256,262144
results/phase3_interleaved/interleaved_256kb_oracle.adc,data/ml_data/phase3_interleaved_ml_artifact_512mb.bin,chunk_oracle_best_size,262144,734,192413696,262144,104,0.000396728515625,zstd_19,0.0066727787465866726,0.000324249267578125,0.99957275390625,14,262144
results/phase3_interleaved/interleaved_256kb_oracle.adc,data/ml_data/phase3_interleaved_ml_artifact_512mb.bin,chunk_oracle_best_size,262144,735,192675840,262144,183,0.000698089599609375,zstd_10,4.0847907666293555,0.257080078125,0.229644775390625,99,262144
results/phase3_interleaved/interleaved_256kb_oracle.adc,data/ml_data/phase3_interleaved_ml_artifact_512mb.bin,chunk_oracle_best_size,262144,736,192937984,262144,1916,0.0073089599609375,lzma_6,4.766744494379135,1.0,0.0,46,262144
results/phase3_interleaved/interleaved_256kb_oracle.adc,data/ml_data/phase3_interleaved_ml_artifact_512mb.bin,chunk_oracle_best_size,262144,737,193200128,262144,186816,0.712646484375,lzma_6,7.279895883004715,0.40998077392578125,0.002506256103515625,256,262144
results/phase3_interleaved/interleaved_256kb_oracle.adc,data/ml_data/phase3_interleaved_ml_artifact_512mb.bin,chunk_oracle_best_size,262144,738,193462272,262144,83,0.000316619873046875,zstd_10,1.9277406931939804,0.02783203125,0.75927734375,27,262144
results/phase3_interleaved/interleaved_256kb_oracle.adc,data/ml_data/phase3_interleaved_ml_artifact_512mb.bin,chunk_oracle_best_size,262144,739,193724416,262144,262144,1.0,store,7.999345360834301,0.38191986083984375,0.00394439697265625,256,262144
results/phase3_interleaved/interleaved_256kb_oracle.adc,data/ml_data/phase3_interleaved_ml_artifact_512mb.bin,chunk_oracle_best_size,262144,740,193986560,262144,8291,0.031627655029296875,zstd_10,4.468718848998343,1.0,0.0,34,262144
results/phase3_interleaved/interleaved_256kb_oracle.adc,data/ml_data/phase3_interleaved_ml_artifact_512mb.bin,chunk_oracle_best_size,262144,741,194248704,262144,104,0.000396728515625,zstd_19,0.0066727787465866726,0.000324249267578125,0.99957275390625,14,262144
results/phase3_interleaved/interleaved_256kb_oracle.adc,data/ml_data/phase3_interleaved_ml_artifact_512mb.bin,chunk_oracle_best_size,262144,742,194510848,262144,1912,0.007293701171875,lzma_6,4.768469630420916,1.0,0.0,46,262144
results/phase3_interleaved/interleaved_256kb_oracle.adc,data/ml_data/phase3_interleaved_ml_artifact_512mb.bin,chunk_oracle_best_size,262144,743,194772992,262144,104,0.000396728515625,zstd_19,0.0066727787465866726,0.000324249267578125,0.99957275390625,14,262144
results/phase3_interleaved/interleaved_256kb_oracle.adc,data/ml_data/phase3_interleaved_ml_artifact_512mb.bin,chunk_oracle_best_size,262144,744,195035136,262144,186884,0.7129058837890625,lzma_6,7.321032021869115,0.42115020751953125,0.0020294189453125,256,262144
results/phase3_interleaved/interleaved_256kb_oracle.adc,data/ml_data/phase3_interleaved_ml_artifact_512mb.bin,chunk_oracle_best_size,262144,745,195297280,262144,75,0.000286102294921875,zstd_10,1.8205400655918629,0.03570556640625,0.761962890625,21,262144
results/phase3_interleaved/interleaved_256kb_oracle.adc,data/ml_data/phase3_interleaved_ml_artifact_512mb.bin,chunk_oracle_best_size,262144,746,195559424,262144,8740,0.0333404541015625,lzma_6,4.467061812055419,1.0,0.0,34,262144
results/phase3_interleaved/interleaved_256kb_oracle.adc,data/ml_data/phase3_interleaved_ml_artifact_512mb.bin,chunk_oracle_best_size,262144,747,195821568,262144,262144,1.0,store,7.9992349519526025,0.3839111328125,0.003849029541015625,256,262144
results/phase3_interleaved/interleaved_256kb_oracle.adc,data/ml_data/phase3_interleaved_ml_artifact_512mb.bin,chunk_oracle_best_size,262144,748,196083712,262144,104,0.000396728515625,zstd_19,0.0066727787465866726,0.000324249267578125,0.99957275390625,14,262144
results/phase3_interleaved/interleaved_256kb_oracle.adc,data/ml_data/phase3_interleaved_ml_artifact_512mb.bin,chunk_oracle_best_size,262144,749,196345856,262144,183,0.000698089599609375,zstd_10,4.0890655002702765,0.25885009765625,0.228759765625,101,262144
results/phase3_interleaved/interleaved_256kb_oracle.adc,data/ml_data/phase3_interleaved_ml_artifact_512mb.bin,chunk_oracle_best_size,262144,750,196608000,262144,1912,0.007293701171875,lzma_6,4.767773576982332,1.0,0.0,46,262144
results/phase3_interleaved/interleaved_256kb_oracle.adc,data/ml_data/phase3_interleaved_ml_artifact_512mb.bin,chunk_oracle_best_size,262144,751,196870144,262144,179832,0.686004638671875,lzma_6,7.29841789445854,0.44161224365234375,0.003376007080078125,256,262144
results/phase3_interleaved/interleaved_256kb_oracle.adc,data/ml_data/phase3_interleaved_ml_artifact_512mb.bin,chunk_oracle_best_size,262144,752,197132288,262144,85,0.000324249267578125,zstd_10,1.9428040212458586,0.0267333984375,0.75897216796875,28,262144
results/phase3_interleaved/interleaved_256kb_oracle.adc,data/ml_data/phase3_interleaved_ml_artifact_512mb.bin,chunk_oracle_best_size,262144,753,197394432,262144,262144,1.0,store,7.99939235123617,0.3815574645996094,0.003971099853515625,256,262144
results/phase3_interleaved/interleaved_256kb_oracle.adc,data/ml_data/phase3_interleaved_ml_artifact_512mb.bin,chunk_oracle_best_size,262144,754,197656576,262144,8856,0.033782958984375,lzma_6,4.467123550883466,1.0,0.0,34,262144
results/phase3_interleaved/interleaved_256kb_oracle.adc,data/ml_data/phase3_interleaved_ml_artifact_512mb.bin,chunk_oracle_best_size,262144,755,197918720,262144,104,0.000396728515625,zstd_19,0.0066727787465866726,0.000324249267578125,0.99957275390625,14,262144
results/phase3_interleaved/interleaved_256kb_oracle.adc,data/ml_data/phase3_interleaved_ml_artifact_512mb.bin,chunk_oracle_best_size,262144,756,198180864,262144,1916,0.0073089599609375,lzma_6,4.771419577397855,1.0,0.0,46,262144
results/phase3_interleaved/interleaved_256kb_oracle.adc,data/ml_data/phase3_interleaved_ml_artifact_512mb.bin,chunk_oracle_best_size,262144,757,198443008,262144,104,0.000396728515625,zstd_19,0.0066727787465866726,0.000324249267578125,0.99957275390625,14,262144
results/phase3_interleaved/interleaved_256kb_oracle.adc,data/ml_data/phase3_interleaved_ml_artifact_512mb.bin,chunk_oracle_best_size,262144,758,198705152,262144,180200,0.687408447265625,lzma_6,7.29195920065048,0.41938018798828125,0.00269317626953125,256,262144
results/phase3_interleaved/interleaved_256kb_oracle.adc,data/ml_data/phase3_interleaved_ml_artifact_512mb.bin,chunk_oracle_best_size,262144,759,198967296,262144,77,0.000293731689453125,zstd_10,1.8406283492670494,0.0340576171875,0.76141357421875,22,262144
results/phase3_interleaved/interleaved_256kb_oracle.adc,data/ml_data/phase3_interleaved_ml_artifact_512mb.bin,chunk_oracle_best_size,262144,760,199229440,262144,8067,0.030773162841796875,zstd_19,4.469661815309442,1.0,0.0,34,262144
results/phase3_interleaved/interleaved_256kb_oracle.adc,data/ml_data/phase3_interleaved_ml_artifact_512mb.bin,chunk_oracle_best_size,262144,761,199491584,262144,262144,1.0,store,7.999417407452462,0.3829841613769531,0.0040130615234375,256,262144
results/phase3_interleaved/interleaved_256kb_oracle.adc,data/ml_data/phase3_interleaved_ml_artifact_512mb.bin,chunk_oracle_best_size,262144,762,199753728,262144,104,0.000396728515625,zstd_19,0.0066727787465866726,0.000324249267578125,0.99957275390625,14,262144
results/phase3_interleaved/interleaved_256kb_oracle.adc,data/ml_data/phase3_interleaved_ml_artifact_512mb.bin,chunk_oracle_best_size,262144,763,200015872,262144,183,0.000698089599609375,zstd_10,4.077714628618242,0.257080078125,0.229644775390625,97,262144
results/phase3_interleaved/interleaved_256kb_oracle.adc,data/ml_data/phase3_interleaved_ml_artifact_512mb.bin,chunk_oracle_best_size,262144,764,200278016,262144,1916,0.0073089599609375,lzma_6,4.766746209552368,1.0,0.0,46,262144
results/phase3_interleaved/interleaved_256kb_oracle.adc,data/ml_data/phase3_interleaved_ml_artifact_512mb.bin,chunk_oracle_best_size,262144,765,200540160,262144,182364,0.6956634521484375,lzma_6,7.346365723813737,0.4250602722167969,0.004489898681640625,256,262144
results/phase3_interleaved/interleaved_256kb_oracle.adc,data/ml_data/phase3_interleaved_ml_artifact_512mb.bin,chunk_oracle_best_size,262144,766,200802304,262144,85,0.000324249267578125,zstd_10,1.9574219614934496,0.02581787109375,0.7586669921875,29,262144
results/phase3_interleaved/interleaved_256kb_oracle.adc,data/ml_data/phase3_interleaved_ml_artifact_512mb.bin,chunk_oracle_best_size,262144,767,201064448,262144,262144,1.0,store,7.999224408658699,0.3807029724121094,0.004032135009765625,256,262144
results/phase3_interleaved/interleaved_256kb_oracle.adc,data/ml_data/phase3_interleaved_ml_artifact_512mb.bin,chunk_oracle_best_size,262144,768,201326592,262144,8864,0.0338134765625,lzma_6,4.4683066358281005,1.0,0.0,34,262144
results/phase3_interleaved/interleaved_256kb_oracle.adc,data/ml_data/phase3_interleaved_ml_artifact_512mb.bin,chunk_oracle_best_size,262144,769,201588736,262144,102,0.00038909912109375,zstd_19,0.0066727787465866726,0.000324249267578125,0.99957275390625,14,262144
results/phase3_interleaved/interleaved_256kb_oracle.adc,data/ml_data/phase3_interleaved_ml_artifact_512mb.bin,chunk_oracle_best_size,262144,770,201850880,262144,1900,0.0072479248046875,lzma_6,4.764934758330293,1.0,0.0,46,262144
results/phase3_interleaved/interleaved_256kb_oracle.adc,data/ml_data/phase3_interleaved_ml_artifact_512mb.bin,chunk_oracle_best_size,262144,771,202113024,262144,101,0.000385284423828125,zstd_19,0.0066727787465866726,0.000324249267578125,0.99957275390625,14,262144
results/phase3_interleaved/interleaved_256kb_oracle.adc,data/ml_data/phase3_interleaved_ml_artifact_512mb.bin,chunk_oracle_best_size,262144,772,202375168,262144,178244,0.6799468994140625,lzma_6,7.293854535519906,0.4226570129394531,0.005519866943359375,256,262144
results/phase3_interleaved/interleaved_256kb_oracle.adc,data/ml_data/phase3_interleaved_ml_artifact_512mb.bin,chunk_oracle_best_size,262144,773,202637312,262144,78,0.00029754638671875,zstd_10,1.8596352327448284,0.0325927734375,0.76092529296875,23,262144
results/phase3_interleaved/interleaved_256kb_oracle.adc,data/ml_data/phase3_interleaved_ml_artifact_512mb.bin,chunk_oracle_best_size,262144,774,202899456,262144,8053,0.030719757080078125,zstd_19,4.457833435297326,1.0,0.0,34,262144
results/phase3_interleaved/interleaved_256kb_oracle.adc,data/ml_data/phase3_interleaved_ml_artifact_512mb.bin,chunk_oracle_best_size,262144,775,203161600,262144,262144,1.0,store,7.999336529715956,0.3836784362792969,0.00395965576171875,256,262144
results/phase3_interleaved/interleaved_256kb_oracle.adc,data/ml_data/phase3_interleaved_ml_artifact_512mb.bin,chunk_oracle_best_size,262144,776,203423744,262144,101,0.000385284423828125,zstd_19,0.0066727787465866726,0.000324249267578125,0.99957275390625,14,262144
results/phase3_interleaved/interleaved_256kb_oracle.adc,data/ml_data/phase3_interleaved_ml_artifact_512mb.bin,chunk_oracle_best_size,262144,777,203685888,262144,181,0.000690460205078125,zstd_10,4.059544826900347,0.2628326416015625,0.22920608520507812,95,262144
results/phase3_interleaved/interleaved_256kb_oracle.adc,data/ml_data/phase3_interleaved_ml_artifact_512mb.bin,chunk_oracle_best_size,262144,778,203948032,262144,1900,0.0072479248046875,lzma_6,4.773529016459529,1.0,0.0,46,262144
results/phase3_interleaved/interleaved_256kb_oracle.adc,data/ml_data/phase3_interleaved_ml_artifact_512mb.bin,chunk_oracle_best_size,262144,779,204210176,262144,185568,0.7078857421875,lzma_6,7.327016921227647,0.4186515808105469,0.00347137451171875,256,262144
results/phase3_interleaved/interleaved_256kb_oracle.adc,data/ml_data/phase3_interleaved_ml_artifact_512mb.bin,chunk_oracle_best_size,262144,780,204472320,262144,67,0.000255584716796875,zstd_10,1.728282418908997,0.04412841796875,0.76470947265625,17,262144
results/phase3_interleaved/interleaved_256kb_oracle.adc,data/ml_data/phase3_interleaved_ml_artifact_512mb.bin,chunk_oracle_best_size,262144,781,204734464,262144,262144,1.0,store,7.999289971340174,0.3815193176269531,0.00388336181640625,256,262144
results/phase3_interleaved/interleaved_256kb_oracle.adc,data/ml_data/phase3_interleaved_ml_artifact_512mb.bin,chunk_oracle_best_size,262144,782,204996608,262144,8064,0.03076171875,zstd_19,4.464523591901629,1.0,0.0,34,262144
results/phase3_interleaved/interleaved_256kb_oracle.adc,data/ml_data/phase3_interleaved_ml_artifact_512mb.bin,chunk_oracle_best_size,262144,783,205258752,262144,101,0.000385284423828125,zstd_19,0.0066727787465866726,0.000324249267578125,0.99957275390625,14,262144
results/phase3_interleaved/interleaved_256kb_oracle.adc,data/ml_data/phase3_interleaved_ml_artifact_512mb.bin,chunk_oracle_best_size,262144,784,205520896,262144,1900,0.0072479248046875,lzma_6,4.771694467266082,1.0,0.0,46,262144
results/phase3_interleaved/interleaved_256kb_oracle.adc,data/ml_data/phase3_interleaved_ml_artifact_512mb.bin,chunk_oracle_best_size,262144,785,205783040,262144,101,0.000385284423828125,zstd_19,0.0066727787465866726,0.000324249267578125,0.99957275390625,14,262144
results/phase3_interleaved/interleaved_256kb_oracle.adc,data/ml_data/phase3_interleaved_ml_artifact_512mb.bin,chunk_oracle_best_size,262144,786,206045184,262144,181884,0.6938323974609375,lzma_6,7.312215058199061,0.42111968994140625,0.005344390869140625,256,262144
results/phase3_interleaved/interleaved_256kb_oracle.adc,data/ml_data/phase3_interleaved_ml_artifact_512mb.bin,chunk_oracle_best_size,262144,787,206307328,262144,80,0.00030517578125,zstd_10,1.8779894615960075,0.03131103515625,0.76043701171875,24,262144
results/phase3_interleaved/interleaved_256kb_oracle.adc,data/ml_data/phase3_interleaved_ml_artifact_512mb.bin,chunk_oracle_best_size,262144,788,206569472,262144,8506,0.03244781494140625,zstd_10,4.458787989786075,1.0,0.0,34,262144
results/phase3_interleaved/interleaved_256kb_oracle.adc,data/ml_data/phase3_interleaved_ml_artifact_512mb.bin,chunk_oracle_best_size,262144,789,206831616,262144,262144,1.0,store,7.999224312710059,0.382293701171875,0.0041351318359375,256,262144
results/phase3_interleaved/interleaved_256kb_oracle.adc,data/ml_data/phase3_interleaved_ml_artifact_512mb.bin,chunk_oracle_best_size,262144,790,207093760,262144,101,0.000385284423828125,zstd_19,0.0066727787465866726,0.000324249267578125,0.99957275390625,14,262144
results/phase3_interleaved/interleaved_256kb_oracle.adc,data/ml_data/phase3_interleaved_ml_artifact_512mb.bin,chunk_oracle_best_size,262144,791,207355904,262144,183,0.000698089599609375,zstd_10,4.0431318961855,0.257965087890625,0.228759765625,99,262144
results/phase3_interleaved/interleaved_256kb_oracle.adc,data/ml_data/phase3_interleaved_ml_artifact_512mb.bin,chunk_oracle_best_size,262144,792,207618048,262144,1916,0.0073089599609375,lzma_6,4.768833308993353,1.0,0.0,46,262144
results/phase3_interleaved/interleaved_256kb_oracle.adc,data/ml_data/phase3_interleaved_ml_artifact_512mb.bin,chunk_oracle_best_size,262144,793,207880192,262144,177900,0.6786346435546875,lzma_6,7.274201347396166,0.4682197570800781,0.004180908203125,256,262144
results/phase3_interleaved/interleaved_256kb_oracle.adc,data/ml_data/phase3_interleaved_ml_artifact_512mb.bin,chunk_oracle_best_size,262144,794,208142336,262144,70,0.00026702880859375,zstd_10,1.7534509016363693,0.0416259765625,0.763916015625,18,262144
results/phase3_interleaved/interleaved_256kb_oracle.adc,data/ml_data/phase3_interleaved_ml_artifact_512mb.bin,chunk_oracle_best_size,262144,795,208404480,262144,262144,1.0,store,7.999331494078065,0.3845329284667969,0.00392913818359375,256,262144
results/phase3_interleaved/interleaved_256kb_oracle.adc,data/ml_data/phase3_interleaved_ml_artifact_512mb.bin,chunk_oracle_best_size,262144,796,208666624,262144,8888,0.033905029296875,lzma_6,4.468362112074889,1.0,0.0,34,262144
results/phase3_interleaved/interleaved_256kb_oracle.adc,data/ml_data/phase3_interleaved_ml_artifact_512mb.bin,chunk_oracle_best_size,262144,797,208928768,262144,101,0.000385284423828125,zstd_19,0.0066727787465866726,0.000324249267578125,0.99957275390625,14,262144
results/phase3_interleaved/interleaved_256kb_oracle.adc,data/ml_data/phase3_interleaved_ml_artifact_512mb.bin,chunk_oracle_best_size,262144,798,209190912,262144,1900,0.0072479248046875,lzma_6,4.7720581458385185,1.0,0.0,46,262144
results/phase3_interleaved/interleaved_256kb_oracle.adc,data/ml_data/phase3_interleaved_ml_artifact_512mb.bin,chunk_oracle_best_size,262144,799,209453056,262144,101,0.000385284423828125,zstd_19,0.0066727787465866726,0.000324249267578125,0.99957275390625,14,262144
results/phase3_interleaved/interleaved_256kb_oracle.adc,data/ml_data/phase3_interleaved_ml_artifact_512mb.bin,chunk_oracle_best_size,262144,800,209715200,262144,180352,0.68798828125,lzma_6,7.260659542565426,0.4278907775878906,0.003292083740234375,256,262144
results/phase3_interleaved/interleaved_256kb_oracle.adc,data/ml_data/phase3_interleaved_ml_artifact_512mb.bin,chunk_oracle_best_size,262144,801,209977344,262144,81,0.000308990478515625,zstd_10,1.8953693672656133,0.030029296875,0.760009765625,25,262144
results/phase3_interleaved/interleaved_256kb_oracle.adc,data/ml_data/phase3_interleaved_ml_artifact_512mb.bin,chunk_oracle_best_size,262144,802,210239488,262144,8065,0.030765533447265625,zstd_19,4.465872922519961,1.0,0.0,34,262144
results/phase3_interleaved/interleaved_256kb_oracle.adc,data/ml_data/phase3_interleaved_ml_artifact_512mb.bin,chunk_oracle_best_size,262144,803,210501632,262144,262144,1.0,store,7.999371714671004,0.38275909423828125,0.004016876220703125,256,262144
results/phase3_interleaved/interleaved_256kb_oracle.adc,data/ml_data/phase3_interleaved_ml_artifact_512mb.bin,chunk_oracle_best_size,262144,804,210763776,262144,101,0.000385284423828125,zstd_19,0.0066727787465866726,0.000324249267578125,0.99957275390625,14,262144
results/phase3_interleaved/interleaved_256kb_oracle.adc,data/ml_data/phase3_interleaved_ml_artifact_512mb.bin,chunk_oracle_best_size,262144,805,211025920,262144,183,0.000698089599609375,zstd_10,4.0865607861606055,0.257080078125,0.229644775390625,100,262144
results/phase3_interleaved/interleaved_256kb_oracle.adc,data/ml_data/phase3_interleaved_ml_artifact_512mb.bin,chunk_oracle_best_size,262144,806,211288064,262144,1912,0.007293701171875,lzma_6,4.763336796736036,1.0,0.0,46,262144
results/phase3_interleaved/interleaved_256kb_oracle.adc,data/ml_data/phase3_interleaved_ml_artifact_512mb.bin,chunk_oracle_best_size,262144,807,211550208,262144,179988,0.6865997314453125,lzma_6,7.309293421808348,0.44549560546875,0.003215789794921875,256,262144
results/phase3_interleaved/interleaved_256kb_oracle.adc,data/ml_data/phase3_interleaved_ml_artifact_512mb.bin,chunk_oracle_best_size,262144,808,211812352,262144,71,0.000270843505859375,zstd_10,1.7772116148855726,0.03948974609375,0.76318359375,19,262144
results/phase3_interleaved/interleaved_256kb_oracle.adc,data/ml_data/phase3_interleaved_ml_artifact_512mb.bin,chunk_oracle_best_size,262144,809,212074496,262144,262144,1.0,store,7.999341971432979,0.38251495361328125,0.004192352294921875,256,262144
results/phase3_interleaved/interleaved_256kb_oracle.adc,data/ml_data/phase3_interleaved_ml_artifact_512mb.bin,chunk_oracle_best_size,262144,810,212336640,262144,8053,0.030719757080078125,zstd_19,4.464366143966397,1.0,0.0,34,262144
results/phase3_interleaved/interleaved_256kb_oracle.adc,data/ml_data/phase3_interleaved_ml_artifact_512mb.bin,chunk_oracle_best_size,262144,811,212598784,262144,101,0.000385284423828125,zstd_19,0.0066727787465866726,0.000324249267578125,0.99957275390625,14,262144
results/phase3_interleaved/interleaved_256kb_oracle.adc,data/ml_data/phase3_interleaved_ml_artifact_512mb.bin,chunk_oracle_best_size,262144,812,212860928,262144,1912,0.007293701171875,lzma_6,4.770429638888655,1.0,0.0,46,262144
results/phase3_interleaved/interleaved_256kb_oracle.adc,data/ml_data/phase3_interleaved_ml_artifact_512mb.bin,chunk_oracle_best_size,262144,813,213123072,262144,101,0.000385284423828125,zstd_19,0.0066727787465866726,0.000324249267578125,0.99957275390625,14,262144
results/phase3_interleaved/interleaved_256kb_oracle.adc,data/ml_data/phase3_interleaved_ml_artifact_512mb.bin,chunk_oracle_best_size,262144,814,213385216,262144,178168,0.679656982421875,lzma_6,7.2839139175189835,0.4554557800292969,0.00379180908203125,256,262144
results/phase3_interleaved/interleaved_256kb_oracle.adc,data/ml_data/phase3_interleaved_ml_artifact_512mb.bin,chunk_oracle_best_size,262144,815,213647360,262144,82,0.00031280517578125,zstd_10,1.91181155523121,0.0289306640625,0.7596435546875,26,262144
results/phase3_interleaved/interleaved_256kb_oracle.adc,data/ml_data/phase3_interleaved_ml_artifact_512mb.bin,chunk_oracle_best_size,262144,816,213909504,262144,8269,0.031543731689453125,zstd_19,4.462656455855593,1.0,0.0,34,262144
results/phase3_interleaved/interleaved_256kb_oracle.adc,data/ml_data/phase3_interleaved_ml_artifact_512mb.bin,chunk_oracle_best_size,262144,817,214171648,262144,262144,1.0,store,7.999366978306662,0.38256072998046875,0.003902435302734375,256,262144
results/phase3_interleaved/interleaved_256kb_oracle.adc,data/ml_data/phase3_interleaved_ml_artifact_512mb.bin,chunk_oracle_best_size,262144,818,214433792,262144,101,0.000385284423828125,zstd_19,0.0066727787465866726,0.000324249267578125,0.99957275390625,14,262144
results/phase3_interleaved/interleaved_256kb_oracle.adc,data/ml_data/phase3_interleaved_ml_artifact_512mb.bin,chunk_oracle_best_size,262144,819,214695936,262144,183,0.000698089599609375,zstd_10,4.0855254612077765,0.257965087890625,0.228759765625,99,262144
results/phase3_interleaved/interleaved_256kb_oracle.adc,data/ml_data/phase3_interleaved_ml_artifact_512mb.bin,chunk_oracle_best_size,262144,820,214958080,262144,1912,0.007293701171875,lzma_6,4.765060217604585,1.0,0.0,46,262144
results/phase3_interleaved/interleaved_256kb_oracle.adc,data/ml_data/phase3_interleaved_ml_artifact_512mb.bin,chunk_oracle_best_size,262144,821,215220224,262144,179392,0.684326171875,lzma_6,7.301748989273463,0.44489288330078125,0.00324249267578125,256,262144
results/phase3_interleaved/interleaved_256kb_oracle.adc,data/ml_data/phase3_interleaved_ml_artifact_512mb.bin,chunk_oracle_best_size,262144,822,215482368,262144,74,0.00028228759765625,zstd_10,1.7996677981511775,0.03753662109375,0.76251220703125,20,262144
results/phase3_interleaved/interleaved_256kb_oracle.adc,data/ml_data/phase3_interleaved_ml_artifact_512mb.bin,chunk_oracle_best_size,262144,823,215744512,262144,262144,1.0,store,7.999367818564289,0.3835411071777344,0.00382232666015625,256,262144
results/phase3_interleaved/interleaved_256kb_oracle.adc,data/ml_data/phase3_interleaved_ml_artifact_512mb.bin,chunk_oracle_best_size,262144,824,216006656,262144,8079,0.030818939208984375,zstd_19,4.463739866022715,1.0,0.0,34,262144
results/phase3_interleaved/interleaved_256kb_oracle.adc,data/ml_data/phase3_interleaved_ml_artifact_512mb.bin,chunk_oracle_best_size,262144,825,216268800,262144,101,0.000385284423828125,zstd_19,0.0066727787465866726,0.000324249267578125,0.99957275390625,14,262144
results/phase3_interleaved/interleaved_256kb_oracle.adc,data/ml_data/phase3_interleaved_ml_artifact_512mb.bin,chunk_oracle_best_size,262144,826,216530944,262144,1912,0.007293701171875,lzma_6,4.768706218020107,1.0,0.0,46,262144
results/phase3_interleaved/interleaved_256kb_oracle.adc,data/ml_data/phase3_interleaved_ml_artifact_512mb.bin,chunk_oracle_best_size,262144,827,216793088,262144,101,0.000385284423828125,zstd_19,0.0066727787465866726,0.000324249267578125,0.99957275390625,14,262144
results/phase3_interleaved/interleaved_256kb_oracle.adc,data/ml_data/phase3_interleaved_ml_artifact_512mb.bin,chunk_oracle_best_size,262144,828,217055232,262144,181896,0.693878173828125,lzma_6,7.270720693650375,0.4166450500488281,0.003643035888671875,256,262144
results/phase3_interleaved/interleaved_256kb_oracle.adc,data/ml_data/phase3_interleaved_ml_artifact_512mb.bin,chunk_oracle_best_size,262144,829,217317376,262144,83,0.000316619873046875,zstd_10,1.9277406931939804,0.02783203125,0.75927734375,27,262144
results/phase3_interleaved/interleaved_256kb_oracle.adc,data/ml_data/phase3_interleaved_ml_artifact_512mb.bin,chunk_oracle_best_size,262144,830,217579520,262144,8291,0.031627655029296875,zstd_10,4.468718848998343,1.0,0.0,34,262144
results/phase3_interleaved/interleaved_256kb_oracle.adc,data/ml_data/phase3_interleaved_ml_artifact_512mb.bin,chunk_oracle_best_size,262144,831,217841664,262144,262144,1.0,store,7.999161332371144,0.38416290283203125,0.003955841064453125,256,262144
results/phase3_interleaved/interleaved_256kb_oracle.adc,data/ml_data/phase3_interleaved_ml_artifact_512mb.bin,chunk_oracle_best_size,262144,832,218103808,262144,103,0.000392913818359375,zstd_19,0.0066727787465866726,0.000324249267578125,0.99957275390625,14,262144
results/phase3_interleaved/interleaved_256kb_oracle.adc,data/ml_data/phase3_interleaved_ml_artifact_512mb.bin,chunk_oracle_best_size,262144,833,218365952,262144,183,0.000698089599609375,zstd_10,4.075392358980464,0.25177001953125,0.228759765625,95,262144
results/phase3_interleaved/interleaved_256kb_oracle.adc,data/ml_data/phase3_interleaved_ml_artifact_512mb.bin,chunk_oracle_best_size,262144,834,218628096,262144,1912,0.007293701171875,lzma_6,4.766894913932913,1.0,0.0,46,262144
results/phase3_interleaved/interleaved_256kb_oracle.adc,data/ml_data/phase3_interleaved_ml_artifact_512mb.bin,chunk_oracle_best_size,262144,835,218890240,262144,183456,0.6998291015625,lzma_6,7.288833148587786,0.4513969421386719,0.002086639404296875,256,262144
results/phase3_interleaved/interleaved_256kb_oracle.adc,data/ml_data/phase3_interleaved_ml_artifact_512mb.bin,chunk_oracle_best_size,262144,836,219152384,262144,75,0.000286102294921875,zstd_10,1.8205400655918629,0.03570556640625,0.761962890625,21,262144
results/phase3_interleaved/interleaved_256kb_oracle.adc,data/ml_data/phase3_interleaved_ml_artifact_512mb.bin,chunk_oracle_best_size,262144,837,219414528,262144,262144,1.0,store,7.9991061959834076,0.3833122253417969,0.00408172607421875,256,262144
results/phase3_interleaved/interleaved_256kb_oracle.adc,data/ml_data/phase3_interleaved_ml_artifact_512mb.bin,chunk_oracle_best_size,262144,838,219676672,262144,8064,0.03076171875,zstd_19,4.4574288194282286,1.0,0.0,34,262144
results/phase3_interleaved/interleaved_256kb_oracle.adc,data/ml_data/phase3_interleaved_ml_artifact_512mb.bin,chunk_oracle_best_size,262144,839,219938816,262144,104,0.000396728515625,zstd_19,0.0066727787465866726,0.000324249267578125,0.99957275390625,14,262144
results/phase3_interleaved/interleaved_256kb_oracle.adc,data/ml_data/phase3_interleaved_ml_artifact_512mb.bin,chunk_oracle_best_size,262144,840,220200960,262144,1912,0.007293701171875,lzma_6,4.76329371271333,1.0,0.0,46,262144
results/phase3_interleaved/interleaved_256kb_oracle.adc,data/ml_data/phase3_interleaved_ml_artifact_512mb.bin,chunk_oracle_best_size,262144,841,220463104,262144,104,0.000396728515625,zstd_19,0.0066727787465866726,0.000324249267578125,0.99957275390625,14,262144
results/phase3_interleaved/interleaved_256kb_oracle.adc,data/ml_data/phase3_interleaved_ml_artifact_512mb.bin,chunk_oracle_best_size,262144,842,220725248,262144,181580,0.6926727294921875,lzma_6,7.276118757937443,0.4454078674316406,0.006587982177734375,256,262144
results/phase3_interleaved/interleaved_256kb_oracle.adc,data/ml_data/phase3_interleaved_ml_artifact_512mb.bin,chunk_oracle_best_size,262144,843,220987392,262144,85,0.000324249267578125,zstd_10,1.9428040212458586,0.0267333984375,0.75897216796875,28,262144
results/phase3_interleaved/interleaved_256kb_oracle.adc,data/ml_data/phase3_interleaved_ml_artifact_512mb.bin,chunk_oracle_best_size,262144,844,221249536,262144,8856,0.033782958984375,lzma_6,4.45720216396072,1.0,0.0,34,262144
results/phase3_interleaved/interleaved_256kb_oracle.adc,data/ml_data/phase3_interleaved_ml_artifact_512mb.bin,chunk_oracle_best_size,262144,845,221511680,262144,262144,1.0,store,7.999296663711276,0.3822822570800781,0.003997802734375,256,262144
results/phase3_interleaved/interleaved_256kb_oracle.adc,data/ml_data/phase3_interleaved_ml_artifact_512mb.bin,chunk_oracle_best_size,262144,846,221773824,262144,104,0.000396728515625,zstd_19,0.0066727787465866726,0.000324249267578125,0.99957275390625,14,262144
results/phase3_interleaved/interleaved_256kb_oracle.adc,data/ml_data/phase3_interleaved_ml_artifact_512mb.bin,chunk_oracle_best_size,262144,847,222035968,262144,183,0.000698089599609375,zstd_10,4.0883308056918555,0.257965087890625,0.229644775390625,101,262144
results/phase3_interleaved/interleaved_256kb_oracle.adc,data/ml_data/phase3_interleaved_ml_artifact_512mb.bin,chunk_oracle_best_size,262144,848,222298112,262144,1900,0.0072479248046875,lzma_6,4.768831254478204,1.0,0.0,46,262144
results/phase3_interleaved/interleaved_256kb_oracle.adc,data/ml_data/phase3_interleaved_ml_artifact_512mb.bin,chunk_oracle_best_size,262144,849,222560256,262144,176636,0.6738128662109375,lzma_6,7.25190304146168,0.4337882995605469,0.00469970703125,256,262144
results/phase3_interleaved/interleaved_256kb_oracle.adc,data/ml_data/phase3_interleaved_ml_artifact_512mb.bin,chunk_oracle_best_size,262144,850,222822400,262144,77,0.000293731689453125,zstd_10,1.8406283492670494,0.0340576171875,0.76141357421875,22,262144
results/phase3_interleaved/interleaved_256kb_oracle.adc,data/ml_data/phase3_interleaved_ml_artifact_512mb.bin,chunk_oracle_best_size,262144,851,223084544,262144,262144,1.0,store,7.999263772684482,0.3840370178222656,0.003971099853515625,256,262144
results/phase3_interleaved/interleaved_256kb_oracle.adc,data/ml_data/phase3_interleaved_ml_artifact_512mb.bin,chunk_oracle_best_size,262144,852,223346688,262144,8267,0.031536102294921875,zstd_19,4.464265620742075,1.0,0.0,34,262144
results/phase3_interleaved/interleaved_256kb_oracle.adc,data/ml_data/phase3_interleaved_ml_artifact_512mb.bin,chunk_oracle_best_size,262144,853,223608832,262144,104,0.000396728515625,zstd_19,0.0066727787465866726,0.000324249267578125,0.99957275390625,14,262144
results/phase3_interleaved/interleaved_256kb_oracle.adc,data/ml_data/phase3_interleaved_ml_artifact_512mb.bin,chunk_oracle_best_size,262144,854,223870976,262144,1912,0.007293701171875,lzma_6,4.771569996951633,1.0,0.0,46,262144
results/phase3_interleaved/interleaved_256kb_oracle.adc,data/ml_data/phase3_interleaved_ml_artifact_512mb.bin,chunk_oracle_best_size,262144,855,224133120,262144,104,0.000396728515625,zstd_19,0.0066727787465866726,0.000324249267578125,0.99957275390625,14,262144
results/phase3_interleaved/interleaved_256kb_oracle.adc,data/ml_data/phase3_interleaved_ml_artifact_512mb.bin,chunk_oracle_best_size,262144,856,224395264,262144,181540,0.6925201416015625,lzma_6,7.28502049142232,0.4493446350097656,0.004680633544921875,256,262144
results/phase3_interleaved/interleaved_256kb_oracle.adc,data/ml_data/phase3_interleaved_ml_artifact_512mb.bin,chunk_oracle_best_size,262144,857,224657408,262144,85,0.000324249267578125,zstd_10,1.9574219614934496,0.02581787109375,0.7586669921875,29,262144
results/phase3_interleaved/interleaved_256kb_oracle.adc,data/ml_data/phase3_interleaved_ml_artifact_512mb.bin,chunk_oracle_best_size,262144,858,224919552,262144,8864,0.0338134765625,lzma_6,4.458316121366794,1.0,0.0,34,262144
results/phase3_interleaved/interleaved_256kb_oracle.adc,data/ml_data/phase3_interleaved_ml_artifact_512mb.bin,chunk_oracle_best_size,262144,859,225181696,262144,262144,1.0,store,7.9993465248557865,0.3843803405761719,0.00395965576171875,256,262144
results/phase3_interleaved/interleaved_256kb_oracle.adc,data/ml_data/phase3_interleaved_ml_artifact_512mb.bin,chunk_oracle_best_size,262144,860,225443840,262144,104,0.000396728515625,zstd_19,0.0066727787465866726,0.000324249267578125,0.99957275390625,14,262144
results/phase3_interleaved/interleaved_256kb_oracle.adc,data/ml_data/phase3_interleaved_ml_artifact_512mb.bin,chunk_oracle_best_size,262144,861,225705984,262144,183,0.000698089599609375,zstd_10,4.075944609086992,0.257080078125,0.229644775390625,96,262144
results/phase3_interleaved/interleaved_256kb_oracle.adc,data/ml_data/phase3_interleaved_ml_artifact_512mb.bin,chunk_oracle_best_size,262144,862,225968128,262144,1912,0.007293701171875,lzma_6,4.768706218020107,1.0,0.0,46,262144
results/phase3_interleaved/interleaved_256kb_oracle.adc,data/ml_data/phase3_interleaved_ml_artifact_512mb.bin,chunk_oracle_best_size,262144,863,226230272,262144,184496,0.70379638671875,lzma_6,7.31818996942624,0.414520263671875,0.003009796142578125,256,262144
results/phase3_interleaved/interleaved_256kb_oracle.adc,data/ml_data/phase3_interleaved_ml_artifact_512mb.bin,chunk_oracle_best_size,262144,864,226492416,262144,78,0.00029754638671875,zstd_10,1.8596352327448284,0.0325927734375,0.76092529296875,23,262144
results/phase3_interleaved/interleaved_256kb_oracle.adc,data/ml_data/phase3_interleaved_ml_artifact_512mb.bin,chunk_oracle_best_size,262144,865,226754560,262144,262144,1.0,store,7.999261526538014,0.3817787170410156,0.00376129150390625,256,262144
results/phase3_interleaved/interleaved_256kb_oracle.adc,data/ml_data/phase3_interleaved_ml_artifact_512mb.bin,chunk_oracle_best_size,262144,866,227016704,262144,8291,0.031627655029296875,zstd_10,4.458818725956508,1.0,0.0,34,262144
results/phase3_interleaved/interleaved_256kb_oracle.adc,data/ml_data/phase3_interleaved_ml_artifact_512mb.bin,chunk_oracle_best_size,262144,867,227278848,262144,104,0.000396728515625,zstd_19,0.0066727787465866726,0.000324249267578125,0.99957275390625,14,262144
results/phase3_interleaved/interleaved_256kb_oracle.adc,data/ml_data/phase3_interleaved_ml_artifact_512mb.bin,chunk_oracle_best_size,262144,868,227540992,262144,1900,0.0072479248046875,lzma_6,4.76887433850091,1.0,0.0,46,262144
results/phase3_interleaved/interleaved_256kb_oracle.adc,data/ml_data/phase3_interleaved_ml_artifact_512mb.bin,chunk_oracle_best_size,262144,869,227803136,262144,104,0.000396728515625,zstd_19,0.0066727787465866726,0.000324249267578125,0.99957275390625,14,262144
results/phase3_interleaved/interleaved_256kb_oracle.adc,data/ml_data/phase3_interleaved_ml_artifact_512mb.bin,chunk_oracle_best_size,262144,870,228065280,262144,176304,0.67254638671875,lzma_6,7.26111381277017,0.4736137390136719,0.00353240966796875,256,262144
results/phase3_interleaved/interleaved_256kb_oracle.adc,data/ml_data/phase3_interleaved_ml_artifact_512mb.bin,chunk_oracle_best_size,262144,871,228327424,262144,67,0.000255584716796875,zstd_10,1.728282418908997,0.04412841796875,0.76470947265625,17,262144
results/phase3_interleaved/interleaved_256kb_oracle.adc,data/ml_data/phase3_interleaved_ml_artifact_512mb.bin,chunk_oracle_best_size,262144,872,228589568,262144,8064,0.03076171875,zstd_19,4.464523591901629,1.0,0.0,34,262144
results/phase3_interleaved/interleaved_256kb_oracle.adc,data/ml_data/phase3_interleaved_ml_artifact_512mb.bin,chunk_oracle_best_size,262144,873,228851712,262144,262144,1.0,store,7.999288642259481,0.3839988708496094,0.004001617431640625,256,262144
results/phase3_interleaved/interleaved_256kb_oracle.adc,data/ml_data/phase3_interleaved_ml_artifact_512mb.bin,chunk_oracle_best_size,262144,874,229113856,262144,104,0.000396728515625,zstd_19,0.0066727787465866726,0.000324249267578125,0.99957275390625,14,262144
results/phase3_interleaved/interleaved_256kb_oracle.adc,data/ml_data/phase3_interleaved_ml_artifact_512mb.bin,chunk_oracle_best_size,262144,875,229376000,262144,183,0.000698089599609375,zstd_10,4.090728151959716,0.25885009765625,0.228759765625,99,262144
results/phase3_interleaved/interleaved_256kb_oracle.adc,data/ml_data/phase3_interleaved_ml_artifact_512mb.bin,chunk_oracle_best_size,262144,876,229638144,262144,1912,0.007293701171875,lzma_6,4.771737551288788,1.0,0.0,46,262144
results/phase3_interleaved/interleaved_256kb_oracle.adc,data/ml_data/phase3_interleaved_ml_artifact_512mb.bin,chunk_oracle_best_size,262144,877,229900288,262144,188348,0.7184906005859375,lzma_6,7.319969618704049,0.484771728515625,0.003143310546875,256,262144
results/phase3_interleaved/interleaved_256kb_oracle.adc,data/ml_data/phase3_interleaved_ml_artifact_512mb.bin,chunk_oracle_best_size,262144,878,230162432,262144,80,0.00030517578125,zstd_10,1.8779894615960075,0.03131103515625,0.76043701171875,24,262144
results/phase3_interleaved/interleaved_256kb_oracle.adc,data/ml_data/phase3_interleaved_ml_artifact_512mb.bin,chunk_oracle_best_size,262144,879,230424576,262144,262144,1.0,store,7.999261893568844,0.38205718994140625,0.003814697265625,256,262144
results/phase3_interleaved/interleaved_256kb_oracle.adc,data/ml_data/phase3_interleaved_ml_artifact_512mb.bin,chunk_oracle_best_size,262144,880,230686720,262144,8050,0.03070831298828125,zstd_19,4.460139125453497,1.0,0.0,34,262144
results/phase3_interleaved/interleaved_256kb_oracle.adc,data/ml_data/phase3_interleaved_ml_artifact_512mb.bin,chunk_oracle_best_size,262144,881,230948864,262144,104,0.000396728515625,zstd_19,0.0066727787465866726,0.000324249267578125,0.99957275390625,14,262144
results/phase3_interleaved/interleaved_256kb_oracle.adc,data/ml_data/phase3_interleaved_ml_artifact_512mb.bin,chunk_oracle_best_size,262144,882,231211008,262144,1900,0.0072479248046875,lzma_6,4.770597759369458,1.0,0.0,46,262144
results/phase3_interleaved/interleaved_256kb_oracle.adc,data/ml_data/phase3_interleaved_ml_artifact_512mb.bin,chunk_oracle_best_size,262144,883,231473152,262144,104,0.000396728515625,zstd_19,0.0066727787465866726,0.000324249267578125,0.99957275390625,14,262144
results/phase3_interleaved/interleaved_256kb_oracle.adc,data/ml_data/phase3_interleaved_ml_artifact_512mb.bin,chunk_oracle_best_size,262144,884,231735296,262144,185360,0.70709228515625,lzma_6,7.315818242445816,0.4457664489746094,0.002185821533203125,256,262144
results/phase3_interleaved/interleaved_256kb_oracle.adc,data/ml_data/phase3_interleaved_ml_artifact_512mb.bin,chunk_oracle_best_size,262144,885,231997440,262144,70,0.00026702880859375,zstd_10,1.7534509016363693,0.0416259765625,0.763916015625,18,262144
results/phase3_interleaved/interleaved_256kb_oracle.adc,data/ml_data/phase3_interleaved_ml_artifact_512mb.bin,chunk_oracle_best_size,262144,886,232259584,262144,8067,0.030773162841796875,zstd_19,4.458673827149763,1.0,0.0,34,262144
results/phase3_interleaved/interleaved_256kb_oracle.adc,data/ml_data/phase3_interleaved_ml_artifact_512mb.bin,chunk_oracle_best_size,262144,887,232521728,262144,262144,1.0,store,7.9993430752942265,0.3824195861816406,0.003856658935546875,256,262144
results/phase3_interleaved/interleaved_256kb_oracle.adc,data/ml_data/phase3_interleaved_ml_artifact_512mb.bin,chunk_oracle_best_size,262144,888,232783872,262144,104,0.000396728515625,zstd_19,0.0066727787465866726,0.000324249267578125,0.99957275390625,14,262144
results/phase3_interleaved/interleaved_256kb_oracle.adc,data/ml_data/phase3_interleaved_ml_artifact_512mb.bin,chunk_oracle_best_size,262144,889,233046016,262144,183,0.000698089599609375,zstd_10,4.06940711780305,0.25177001953125,0.229644775390625,94,262144
results/phase3_interleaved/interleaved_256kb_oracle.adc,data/ml_data/phase3_interleaved_ml_artifact_512mb.bin,chunk_oracle_best_size,262144,890,233308160,262144,1912,0.007293701171875,lzma_6,4.763657391285768,1.0,0.0,46,262144
results/phase3_interleaved/interleaved_256kb_oracle.adc,data/ml_data/phase3_interleaved_ml_artifact_512mb.bin,chunk_oracle_best_size,262144,891,233570304,262144,183792,0.70111083984375,lzma_6,7.237588411570504,0.4796180725097656,0.0020904541015625,256,262144
results/phase3_interleaved/interleaved_256kb_oracle.adc,data/ml_data/phase3_interleaved_ml_artifact_512mb.bin,chunk_oracle_best_size,262144,892,233832448,262144,81,0.000308990478515625,zstd_10,1.8953693672656133,0.030029296875,0.760009765625,25,262144
results/phase3_interleaved/interleaved_256kb_oracle.adc,data/ml_data/phase3_interleaved_ml_artifact_512mb.bin,chunk_oracle_best_size,262144,893,234094592,262144,262144,1.0,store,7.99933243913634,0.3830413818359375,0.003917694091796875,256,262144
results/phase3_interleaved/interleaved_256kb_oracle.adc,data/ml_data/phase3_interleaved_ml_artifact_512mb.bin,chunk_oracle_best_size,262144,894,234356736,262144,8868,0.0338287353515625,lzma_6,4.467216038931986,1.0,0.0,34,262144
results/phase3_interleaved/interleaved_256kb_oracle.adc,data/ml_data/phase3_interleaved_ml_artifact_512mb.bin,chunk_oracle_best_size,262144,895,234618880,262144,104,0.000396728515625,zstd_19,0.0066727787465866726,0.000324249267578125,0.99957275390625,14,262144
results/phase3_interleaved/interleaved_256kb_oracle.adc,data/ml_data/phase3_interleaved_ml_artifact_512mb.bin,chunk_oracle_best_size,262144,896,234881024,262144,1900,0.0072479248046875,lzma_6,4.767303391701289,1.0,0.0,46,262144
results/phase3_interleaved/interleaved_256kb_oracle.adc,data/ml_data/phase3_interleaved_ml_artifact_512mb.bin,chunk_oracle_best_size,262144,897,235143168,262144,102,0.00038909912109375,zstd_19,0.0066727787465866726,0.000324249267578125,0.99957275390625,14,262144
results/phase3_interleaved/interleaved_256kb_oracle.adc,data/ml_data/phase3_interleaved_ml_artifact_512mb.bin,chunk_oracle_best_size,262144,898,235405312,262144,179100,0.6832122802734375,lzma_6,7.278619592248506,0.4335365295410156,0.002849578857421875,256,262144
results/phase3_interleaved/interleaved_256kb_oracle.adc,data/ml_data/phase3_interleaved_ml_artifact_512mb.bin,chunk_oracle_best_size,262144,899,235667456,262144,71,0.000270843505859375,zstd_10,1.7772116148855726,0.03948974609375,0.76318359375,19,262144
results/phase3_interleaved/interleaved_256kb_oracle.adc,data/ml_data/phase3_interleaved_ml_artifact_512mb.bin,chunk_oracle_best_size,262144,900,235929600,262144,8054,0.03072357177734375,zstd_19,4.460838405856381,1.0,0.0,34,262144
results/phase3_interleaved/interleaved_256kb_oracle.adc,data/ml_data/phase3_interleaved_ml_artifact_512mb.bin,chunk_oracle_best_size,262144,901,236191744,262144,262144,1.0,store,7.999335896406197,0.3834686279296875,0.004047393798828125,256,262144
results/phase3_interleaved/interleaved_256kb_oracle.adc,data/ml_data/phase3_interleaved_ml_artifact_512mb.bin,chunk_oracle_best_size,262144,902,236453888,262144,101,0.000385284423828125,zstd_19,0.0066727787465866726,0.000324249267578125,0.99957275390625,14,262144
results/phase3_interleaved/interleaved_256kb_oracle.adc,data/ml_data/phase3_interleaved_ml_artifact_512mb.bin,chunk_oracle_best_size,262144,903,236716032,262144,183,0.000698089599609375,zstd_10,4.081627755191027,0.256195068359375,0.23052978515625,98,262144
results/phase3_interleaved/interleaved_256kb_oracle.adc,data/ml_data/phase3_interleaved_ml_artifact_512mb.bin,chunk_oracle_best_size,262144,904,236978176,262144,1912,0.007293701171875,lzma_6,4.758666049549347,1.0,0.0,46,262144
results/phase3_interleaved/interleaved_256kb_oracle.adc,data/ml_data/phase3_interleaved_ml_artifact_512mb.bin,chunk_oracle_best_size,262144,905,237240320,262144,180424,0.688262939453125,lzma_6,7.255994070760407,0.48438262939453125,0.002685546875,256,262144
results/phase3_interleaved/interleaved_256kb_oracle.adc,data/ml_data/phase3_interleaved_ml_artifact_512mb.bin,chunk_oracle_best_size,262144,906,237502464,262144,82,0.00031280517578125,zstd_10,1.91181155523121,0.0289306640625,0.7596435546875,26,262144
results/phase3_interleaved/interleaved_256kb_oracle.adc,data/ml_data/phase3_interleaved_ml_artifact_512mb.bin,chunk_oracle_best_size,262144,907,237764608,262144,262144,1.0,store,7.999323539850766,0.3830223083496094,0.00386810302734375,256,262144
results/phase3_interleaved/interleaved_256kb_oracle.adc,data/ml_data/phase3_interleaved_ml_artifact_512mb.bin,chunk_oracle_best_size,262144,908,238026752,262144,8884,0.0338897705078125,lzma_6,4.469463442014397,1.0,0.0,34,262144
results/phase3_interleaved/interleaved_256kb_oracle.adc,data/ml_data/phase3_interleaved_ml_artifact_512mb.bin,chunk_oracle_best_size,262144,909,238288896,262144,101,0.000385284423828125,zstd_19,0.0066727787465866726,0.000324249267578125,0.99957275390625,14,262144
results/phase3_interleaved/interleaved_256kb_oracle.adc,data/ml_data/phase3_interleaved_ml_artifact_512mb.bin,chunk_oracle_best_size,262144,910,238551040,262144,1916,0.0073089599609375,lzma_6,4.760432554440602,1.0,0.0,46,262144
results/phase3_interleaved/interleaved_256kb_oracle.adc,data/ml_data/phase3_interleaved_ml_artifact_512mb.bin,chunk_oracle_best_size,262144,911,238813184,262144,101,0.000385284423828125,zstd_19,0.0066727787465866726,0.000324249267578125,0.99957275390625,14,262144
results/phase3_interleaved/interleaved_256kb_oracle.adc,data/ml_data/phase3_interleaved_ml_artifact_512mb.bin,chunk_oracle_best_size,262144,912,239075328,262144,183716,0.7008209228515625,lzma_6,7.310684740699053,0.4223976135253906,0.002033233642578125,256,262144
results/phase3_interleaved/interleaved_256kb_oracle.adc,data/ml_data/phase3_interleaved_ml_artifact_512mb.bin,chunk_oracle_best_size,262144,913,239337472,262144,74,0.00028228759765625,zstd_10,1.7996677981511775,0.03753662109375,0.76251220703125,20,262144
results/phase3_interleaved/interleaved_256kb_oracle.adc,data/ml_data/phase3_interleaved_ml_artifact_512mb.bin,chunk_oracle_best_size,262144,914,239599616,262144,8080,0.03082275390625,zstd_19,4.461828471600054,1.0,0.0,34,262144
results/phase3_interleaved/interleaved_256kb_oracle.adc,data/ml_data/phase3_interleaved_ml_artifact_512mb.bin,chunk_oracle_best_size,262144,915,239861760,262144,262144,1.0,store,7.999247226049483,0.3836479187011719,0.00403594970703125,256,262144
results/phase3_interleaved/interleaved_256kb_oracle.adc,data/ml_data/phase3_interleaved_ml_artifact_512mb.bin,chunk_oracle_best_size,262144,916,240123904,262144,101,0.000385284423828125,zstd_19,0.0066727787465866726,0.000324249267578125,0.99957275390625,14,262144
results/phase3_interleaved/interleaved_256kb_oracle.adc,data/ml_data/phase3_interleaved_ml_artifact_512mb.bin,chunk_oracle_best_size,262144,917,240386048,262144,183,0.000698089599609375,zstd_10,4.0865607861606055,0.257080078125,0.229644775390625,100,262144
results/phase3_interleaved/interleaved_256kb_oracle.adc,data/ml_data/phase3_interleaved_ml_artifact_512mb.bin,chunk_oracle_best_size,262144,918,240648192,262144,1912,0.007293701171875,lzma_6,4.769026812569837,1.0,0.0,46,262144
results/phase3_interleaved/interleaved_256kb_oracle.adc,data/ml_data/phase3_interleaved_ml_artifact_512mb.bin,chunk_oracle_best_size,262144,919,240910336,262144,182272,0.6953125,lzma_6,7.288284460067044,0.4566612243652344,0.0021209716796875,256,262144
results/phase3_interleaved/interleaved_256kb_oracle.adc,data/ml_data/phase3_interleaved_ml_artifact_512mb.bin,chunk_oracle_best_size,262144,920,241172480,262144,83,0.000316619873046875,zstd_10,1.9277406931939804,0.02783203125,0.75927734375,27,262144
results/phase3_interleaved/interleaved_256kb_oracle.adc,data/ml_data/phase3_interleaved_ml_artifact_512mb.bin,chunk_oracle_best_size,262144,921,241434624,262144,262144,1.0,store,7.999258504049573,0.3821144104003906,0.003887176513671875,256,262144
results/phase3_interleaved/interleaved_256kb_oracle.adc,data/ml_data/phase3_interleaved_ml_artifact_512mb.bin,chunk_oracle_best_size,262144,922,241696768,262144,8067,0.030773162841796875,zstd_19,4.453149278700761,1.0,0.0,34,262144
results/phase3_interleaved/interleaved_256kb_oracle.adc,data/ml_data/phase3_interleaved_ml_artifact_512mb.bin,chunk_oracle_best_size,262144,923,241958912,262144,101,0.000385284423828125,zstd_19,0.0066727787465866726,0.000324249267578125,0.99957275390625,14,262144
results/phase3_interleaved/interleaved_256kb_oracle.adc,data/ml_data/phase3_interleaved_ml_artifact_512mb.bin,chunk_oracle_best_size,262144,924,242221056,262144,1912,0.007293701171875,lzma_6,4.764035470833417,1.0,0.0,46,262144
results/phase3_interleaved/interleaved_256kb_oracle.adc,data/ml_data/phase3_interleaved_ml_artifact_512mb.bin,chunk_oracle_best_size,262144,925,242483200,262144,101,0.000385284423828125,zstd_19,0.0066727787465866726,0.000324249267578125,0.99957275390625,14,262144
results/phase3_interleaved/interleaved_256kb_oracle.adc,data/ml_data/phase3_interleaved_ml_artifact_512mb.bin,chunk_oracle_best_size,262144,926,242745344,262144,185340,0.7070159912109375,lzma_6,7.314981884783196,0.4457550048828125,0.0022125244140625,256,262144
results/phase3_interleaved/interleaved_256kb_oracle.adc,data/ml_data/phase3_interleaved_ml_artifact_512mb.bin,chunk_oracle_best_size,262144,927,243007488,262144,75,0.000286102294921875,zstd_10,1.8205400655918629,0.03570556640625,0.761962890625,21,262144
results/phase3_interleaved/interleaved_256kb_oracle.adc,data/ml_data/phase3_interleaved_ml_artifact_512mb.bin,chunk_oracle_best_size,262144,928,243269632,262144,8065,0.030765533447265625,zstd_19,4.464573219285408,1.0,0.0,34,262144
results/phase3_interleaved/interleaved_256kb_oracle.adc,data/ml_data/phase3_interleaved_ml_artifact_512mb.bin,chunk_oracle_best_size,262144,929,243531776,262144,262144,1.0,store,7.999397519922236,0.3837013244628906,0.0040435791015625,256,262144
results/phase3_interleaved/interleaved_256kb_oracle.adc,data/ml_data/phase3_interleaved_ml_artifact_512mb.bin,chunk_oracle_best_size,262144,930,243793920,262144,101,0.000385284423828125,zstd_19,0.0066727787465866726,0.000324249267578125,0.99957275390625,14,262144
results/phase3_interleaved/interleaved_256kb_oracle.adc,data/ml_data/phase3_interleaved_ml_artifact_512mb.bin,chunk_oracle_best_size,262144,931,244056064,262144,183,0.000698089599609375,zstd_10,4.082713123811598,0.259735107421875,0.228759765625,99,262144
results/phase3_interleaved/interleaved_256kb_oracle.adc,data/ml_data/phase3_interleaved_ml_artifact_512mb.bin,chunk_oracle_best_size,262144,932,244318208,262144,1912,0.007293701171875,lzma_6,4.764033755660185,1.0,0.0,46,262144
results/phase3_interleaved/interleaved_256kb_oracle.adc,data/ml_data/phase3_interleaved_ml_artifact_512mb.bin,chunk_oracle_best_size,262144,933,244580352,262144,183120,0.69854736328125,lzma_6,7.243153145557504,0.4572334289550781,0.002361297607421875,256,262144
results/phase3_interleaved/interleaved_256kb_oracle.adc,data/ml_data/phase3_interleaved_ml_artifact_512mb.bin,chunk_oracle_best_size,262144,934,244842496,262144,85,0.000324249267578125,zstd_10,1.9428040212458586,0.0267333984375,0.75897216796875,28,262144
results/phase3_interleaved/interleaved_256kb_oracle.adc,data/ml_data/phase3_interleaved_ml_artifact_512mb.bin,chunk_oracle_best_size,262144,935,245104640,262144,262144,1.0,store,7.999432355611199,0.38329315185546875,0.00385284423828125,256,262144
results/phase3_interleaved/interleaved_256kb_oracle.adc,data/ml_data/phase3_interleaved_ml_artifact_512mb.bin,chunk_oracle_best_size,262144,936,245366784,262144,8053,0.030719757080078125,zstd_19,4.467516055308296,1.0,0.0,34,262144
results/phase3_interleaved/interleaved_256kb_oracle.adc,data/ml_data/phase3_interleaved_ml_artifact_512mb.bin,chunk_oracle_best_size,262144,937,245628928,262144,101,0.000385284423828125,zstd_19,0.0066727787465866726,0.000324249267578125,0.99957275390625,14,262144
results/phase3_interleaved/interleaved_256kb_oracle.adc,data/ml_data/phase3_interleaved_ml_artifact_512mb.bin,chunk_oracle_best_size,262144,938,245891072,262144,1912,0.007293701171875,lzma_6,4.767258592505351,1.0,0.0,46,262144
results/phase3_interleaved/interleaved_256kb_oracle.adc,data/ml_data/phase3_interleaved_ml_artifact_512mb.bin,chunk_oracle_best_size,262144,939,246153216,262144,101,0.000385284423828125,zstd_19,0.0066727787465866726,0.000324249267578125,0.99957275390625,14,262144
results/phase3_interleaved/interleaved_256kb_oracle.adc,data/ml_data/phase3_interleaved_ml_artifact_512mb.bin,chunk_oracle_best_size,262144,940,246415360,262144,178888,0.682403564453125,lzma_6,7.276885634455539,0.4223442077636719,0.002941131591796875,256,262144
results/phase3_interleaved/interleaved_256kb_oracle.adc,data/ml_data/phase3_interleaved_ml_artifact_512mb.bin,chunk_oracle_best_size,262144,941,246677504,262144,77,0.000293731689453125,zstd_10,1.8406283492670494,0.0340576171875,0.76141357421875,22,262144
results/phase3_interleaved/interleaved_256kb_oracle.adc,data/ml_data/phase3_interleaved_ml_artifact_512mb.bin,chunk_oracle_best_size,262144,942,246939648,262144,8267,0.031536102294921875,zstd_19,4.463477253382139,1.0,0.0,34,262144
results/phase3_interleaved/interleaved_256kb_oracle.adc,data/ml_data/phase3_interleaved_ml_artifact_512mb.bin,chunk_oracle_best_size,262144,943,247201792,262144,262144,1.0,store,7.999355475914355,0.38158416748046875,0.003986358642578125,256,262144
results/phase3_interleaved/interleaved_256kb_oracle.adc,data/ml_data/phase3_interleaved_ml_artifact_512mb.bin,chunk_oracle_best_size,262144,944,247463936,262144,101,0.000385284423828125,zstd_19,0.0066727787465866726,0.000324249267578125,0.99957275390625,14,262144
results/phase3_interleaved/interleaved_256kb_oracle.adc,data/ml_data/phase3_interleaved_ml_artifact_512mb.bin,chunk_oracle_best_size,262144,945,247726080,262144,183,0.000698089599609375,zstd_10,4.0865607861606055,0.257965087890625,0.229644775390625,100,262144
results/phase3_interleaved/interleaved_256kb_oracle.adc,data/ml_data/phase3_interleaved_ml_artifact_512mb.bin,chunk_oracle_best_size,262144,946,247988224,262144,1912,0.007293701171875,lzma_6,4.762312049964869,1.0,0.0,46,262144
results/phase3_interleaved/interleaved_256kb_oracle.adc,data/ml_data/phase3_interleaved_ml_artifact_512mb.bin,chunk_oracle_best_size,262144,947,248250368,262144,182064,0.69451904296875,lzma_6,7.336603509949114,0.4402008056640625,0.003170013427734375,256,262144
results/phase3_interleaved/interleaved_256kb_oracle.adc,data/ml_data/phase3_interleaved_ml_artifact_512mb.bin,chunk_oracle_best_size,262144,948,248512512,262144,85,0.000324249267578125,zstd_10,1.9574219614934496,0.02581787109375,0.7586669921875,29,262144
results/phase3_interleaved/interleaved_256kb_oracle.adc,data/ml_data/phase3_interleaved_ml_artifact_512mb.bin,chunk_oracle_best_size,262144,949,248774656,262144,262144,1.0,store,7.999287234121041,0.38147735595703125,0.003726959228515625,256,262144
results/phase3_interleaved/interleaved_256kb_oracle.adc,data/ml_data/phase3_interleaved_ml_artifact_512mb.bin,chunk_oracle_best_size,262144,950,249036800,262144,8507,0.032451629638671875,zstd_10,4.469468083495419,1.0,0.0,34,262144
results/phase3_interleaved/interleaved_256kb_oracle.adc,data/ml_data/phase3_interleaved_ml_artifact_512mb.bin,chunk_oracle_best_size,262144,951,249298944,262144,101,0.000385284423828125,zstd_19,0.0066727787465866726,0.000324249267578125,0.99957275390625,14,262144
results/phase3_interleaved/interleaved_256kb_oracle.adc,data/ml_data/phase3_interleaved_ml_artifact_512mb.bin,chunk_oracle_best_size,262144,952,249561088,262144,1912,0.007293701171875,lzma_6,4.768708838678904,1.0,0.0,46,262144
results/phase3_interleaved/interleaved_256kb_oracle.adc,data/ml_data/phase3_interleaved_ml_artifact_512mb.bin,chunk_oracle_best_size,262144,953,249823232,262144,101,0.000385284423828125,zstd_19,0.0066727787465866726,0.000324249267578125,0.99957275390625,14,262144
results/phase3_interleaved/interleaved_256kb_oracle.adc,data/ml_data/phase3_interleaved_ml_artifact_512mb.bin,chunk_oracle_best_size,262144,954,250085376,262144,182208,0.695068359375,lzma_6,7.270717546151003,0.41938018798828125,0.002605438232421875,256,262144
results/phase3_interleaved/interleaved_256kb_oracle.adc,data/ml_data/phase3_interleaved_ml_artifact_512mb.bin,chunk_oracle_best_size,262144,955,250347520,262144,78,0.00029754638671875,zstd_10,1.8596352327448284,0.0325927734375,0.76092529296875,23,262144
results/phase3_interleaved/interleaved_256kb_oracle.adc,data/ml_data/phase3_interleaved_ml_artifact_512mb.bin,chunk_oracle_best_size,262144,956,250609664,262144,8615,0.032863616943359375,zstd_10,4.468201848209571,1.0,0.0,34,262144
results/phase3_interleaved/interleaved_256kb_oracle.adc,data/ml_data/phase3_interleaved_ml_artifact_512mb.bin,chunk_oracle_best_size,262144,957,250871808,262144,262144,1.0,store,7.999257451577822,0.38265228271484375,0.003948211669921875,256,262144
results/phase3_interleaved/interleaved_256kb_oracle.adc,data/ml_data/phase3_interleaved_ml_artifact_512mb.bin,chunk_oracle_best_size,262144,958,251133952,262144,101,0.000385284423828125,zstd_19,0.0066727787465866726,0.000324249267578125,0.99957275390625,14,262144
results/phase3_interleaved/interleaved_256kb_oracle.adc,data/ml_data/phase3_interleaved_ml_artifact_512mb.bin,chunk_oracle_best_size,262144,959,251396096,262144,183,0.000698089599609375,zstd_10,4.080605935141831,0.25177001953125,0.228759765625,95,262144
results/phase3_interleaved/interleaved_256kb_oracle.adc,data/ml_data/phase3_interleaved_ml_artifact_512mb.bin,chunk_oracle_best_size,262144,960,251658240,262144,1912,0.007293701171875,lzma_6,4.7587091335720535,1.0,0.0,46,262144
results/phase3_interleaved/interleaved_256kb_oracle.adc,data/ml_data/phase3_interleaved_ml_artifact_512mb.bin,chunk_oracle_best_size,262144,961,251920384,262144,183784,0.701080322265625,lzma_6,7.308914559979394,0.4648475646972656,0.003383636474609375,256,262144
results/phase3_interleaved/interleaved_256kb_oracle.adc,data/ml_data/phase3_interleaved_ml_artifact_512mb.bin,chunk_oracle_best_size,262144,962,252182528,262144,67,0.000255584716796875,zstd_10,1.728282418908997,0.04412841796875,0.76470947265625,17,262144
results/phase3_interleaved/interleaved_256kb_oracle.adc,data/ml_data/phase3_interleaved_ml_artifact_512mb.bin,chunk_oracle_best_size,262144,963,252444672,262144,262144,1.0,store,7.999397004357373,0.3825836181640625,0.00403594970703125,256,262144
results/phase3_interleaved/interleaved_256kb_oracle.adc,data/ml_data/phase3_interleaved_ml_artifact_512mb.bin,chunk_oracle_best_size,262144,964,252706816,262144,8066,0.03076934814453125,zstd_19,4.467111439439199,1.0,0.0,34,262144
results/phase3_interleaved/interleaved_256kb_oracle.adc,data/ml_data/phase3_interleaved_ml_artifact_512mb.bin,chunk_oracle_best_size,262144,965,252968960,262144,104,0.000396728515625,zstd_19,0.0066727787465866726,0.000324249267578125,0.99957275390625,14,262144
results/phase3_interleaved/interleaved_256kb_oracle.adc,data/ml_data/phase3_interleaved_ml_artifact_512mb.bin,chunk_oracle_best_size,262144,966,253231104,262144,1900,0.0072479248046875,lzma_6,4.761060194500554,1.0,0.0,46,262144
results/phase3_interleaved/interleaved_256kb_oracle.adc,data/ml_data/phase3_interleaved_ml_artifact_512mb.bin,chunk_oracle_best_size,262144,967,253493248,262144,104,0.000396728515625,zstd_19,0.0066727787465866726,0.000324249267578125,0.99957275390625,14,262144
results/phase3_interleaved/interleaved_256kb_oracle.adc,data/ml_data/phase3_interleaved_ml_artifact_512mb.bin,chunk_oracle_best_size,262144,968,253755392,262144,184520,0.703887939453125,lzma_6,7.291146967557002,0.43365478515625,0.0032196044921875,256,262144
results/phase3_interleaved/interleaved_256kb_oracle.adc,data/ml_data/phase3_interleaved_ml_artifact_512mb.bin,chunk_oracle_best_size,262144,969,254017536,262144,80,0.00030517578125,zstd_10,1.8779894615960075,0.03131103515625,0.76043701171875,24,262144
results/phase3_interleaved/interleaved_256kb_oracle.adc,data/ml_data/phase3_interleaved_ml_artifact_512mb.bin,chunk_oracle_best_size,262144,970,254279680,262144,8876,0.0338592529296875,lzma_6,4.469827410378623,1.0,0.0,34,262144
results/phase3_interleaved/interleaved_256kb_oracle.adc,data/ml_data/phase3_interleaved_ml_artifact_512mb.bin,chunk_oracle_best_size,262144,971,254541824,262144,262144,1.0,store,7.999284812503151,0.3852729797363281,0.003742218017578125,256,262144
results/phase3_interleaved/interleaved_256kb_oracle.adc,data/ml_data/phase3_interleaved_ml_artifact_512mb.bin,chunk_oracle_best_size,262144,972,254803968,262144,104,0.000396728515625,zstd_19,0.0066727787465866726,0.000324249267578125,0.99957275390625,14,262144
results/phase3_interleaved/interleaved_256kb_oracle.adc,data/ml_data/phase3_interleaved_ml_artifact_512mb.bin,chunk_oracle_best_size,262144,973,255066112,262144,183,0.000698089599609375,zstd_10,4.092494350850451,0.25885009765625,0.228759765625,100,262144
results/phase3_interleaved/interleaved_256kb_oracle.adc,data/ml_data/phase3_interleaved_ml_artifact_512mb.bin,chunk_oracle_best_size,262144,974,255328256,262144,1912,0.007293701171875,lzma_6,4.7670668041020985,1.0,0.0,46,262144
results/phase3_interleaved/interleaved_256kb_oracle.adc,data/ml_data/phase3_interleaved_ml_artifact_512mb.bin,chunk_oracle_best_size,262144,975,255590400,262144,184344,0.703216552734375,lzma_6,7.308345857405491,0.47214508056640625,0.0023956298828125,256,262144
results/phase3_interleaved/interleaved_256kb_oracle.adc,data/ml_data/phase3_interleaved_ml_artifact_512mb.bin,chunk_oracle_best_size,262144,976,255852544,262144,70,0.00026702880859375,zstd_10,1.7534509016363693,0.0416259765625,0.763916015625,18,262144
results/phase3_interleaved/interleaved_256kb_oracle.adc,data/ml_data/phase3_interleaved_ml_artifact_512mb.bin,chunk_oracle_best_size,262144,977,256114688,262144,262144,1.0,store,7.999267055534522,0.3821678161621094,0.003993988037109375,256,262144
results/phase3_interleaved/interleaved_256kb_oracle.adc,data/ml_data/phase3_interleaved_ml_artifact_512mb.bin,chunk_oracle_best_size,262144,978,256376832,262144,8267,0.031536102294921875,zstd_19,4.468213662070626,1.0,0.0,34,262144
results/phase3_interleaved/interleaved_256kb_oracle.adc,data/ml_data/phase3_interleaved_ml_artifact_512mb.bin,chunk_oracle_best_size,262144,979,256638976,262144,104,0.000396728515625,zstd_19,0.0066727787465866726,0.000324249267578125,0.99957275390625,14,262144
results/phase3_interleaved/interleaved_256kb_oracle.adc,data/ml_data/phase3_interleaved_ml_artifact_512mb.bin,chunk_oracle_best_size,262144,980,256901120,262144,1912,0.007293701171875,lzma_6,4.763657391285768,1.0,0.0,46,262144
results/phase3_interleaved/interleaved_256kb_oracle.adc,data/ml_data/phase3_interleaved_ml_artifact_512mb.bin,chunk_oracle_best_size,262144,981,257163264,262144,104,0.000396728515625,zstd_19,0.0066727787465866726,0.000324249267578125,0.99957275390625,14,262144
results/phase3_interleaved/interleaved_256kb_oracle.adc,data/ml_data/phase3_interleaved_ml_artifact_512mb.bin,chunk_oracle_best_size,262144,982,257425408,262144,184328,0.703155517578125,lzma_6,7.2474394461039235,0.474212646484375,0.002155303955078125,256,262144
results/phase3_interleaved/interleaved_256kb_oracle.adc,data/ml_data/phase3_interleaved_ml_artifact_512mb.bin,chunk_oracle_best_size,262144,983,257687552,262144,81,0.000308990478515625,zstd_10,1.8953693672656133,0.030029296875,0.760009765625,25,262144
results/phase3_interleaved/interleaved_256kb_oracle.adc,data/ml_data/phase3_interleaved_ml_artifact_512mb.bin,chunk_oracle_best_size,262144,984,257949696,262144,8860,0.0337982177734375,lzma_6,4.467216038931986,1.0,0.0,34,262144
results/phase3_interleaved/interleaved_256kb_oracle.adc,data/ml_data/phase3_interleaved_ml_artifact_512mb.bin,chunk_oracle_best_size,262144,985,258211840,262144,262144,1.0,store,7.999282850666395,0.3826255798339844,0.00397491455078125,256,262144
results/phase3_interleaved/interleaved_256kb_oracle.adc,data/ml_data/phase3_interleaved_ml_artifact_512mb.bin,chunk_oracle_best_size,262144,986,258473984,262144,104,0.000396728515625,zstd_19,0.0066727787465866726,0.000324249267578125,0.99957275390625,14,262144
results/phase3_interleaved/interleaved_256kb_oracle.adc,data/ml_data/phase3_interleaved_ml_artifact_512mb.bin,chunk_oracle_best_size,262144,987,258736128,262144,183,0.000698089599609375,zstd_10,4.083770254586669,0.25885009765625,0.228759765625,98,262144
results/phase3_interleaved/interleaved_256kb_oracle.adc,data/ml_data/phase3_interleaved_ml_artifact_512mb.bin,chunk_oracle_best_size,262144,988,258998272,262144,1900,0.0072479248046875,lzma_6,4.769194933050641,1.0,0.0,46,262144
results/phase3_interleaved/interleaved_256kb_oracle.adc,data/ml_data/phase3_interleaved_ml_artifact_512mb.bin,chunk_oracle_best_size,262144,989,259260416,262144,178652,0.6815032958984375,lzma_6,7.256508106012418,0.44272613525390625,0.00229644775390625,256,262144
results/phase3_interleaved/interleaved_256kb_oracle.adc,data/ml_data/phase3_interleaved_ml_artifact_512mb.bin,chunk_oracle_best_size,262144,990,259522560,262144,71,0.000270843505859375,zstd_10,1.7772116148855726,0.03948974609375,0.76318359375,19,262144
results/phase3_interleaved/interleaved_256kb_oracle.adc,data/ml_data/phase3_interleaved_ml_artifact_512mb.bin,chunk_oracle_best_size,262144,991,259784704,262144,262144,1.0,store,7.999295812395966,0.38336944580078125,0.003879547119140625,256,262144
results/phase3_interleaved/interleaved_256kb_oracle.adc,data/ml_data/phase3_interleaved_ml_artifact_512mb.bin,chunk_oracle_best_size,262144,992,260046848,262144,8128,0.031005859375,zstd_19,4.455186975770718,1.0,0.0,34,262144
results/phase3_interleaved/interleaved_256kb_oracle.adc,data/ml_data/phase3_interleaved_ml_artifact_512mb.bin,chunk_oracle_best_size,262144,993,260308992,262144,104,0.000396728515625,zstd_19,0.0066727787465866726,0.000324249267578125,0.99957275390625,14,262144
results/phase3_interleaved/interleaved_256kb_oracle.adc,data/ml_data/phase3_interleaved_ml_artifact_512mb.bin,chunk_oracle_best_size,262144,994,260571136,262144,1900,0.0072479248046875,lzma_6,4.7612585755480605,1.0,0.0,46,262144
results/phase3_interleaved/interleaved_256kb_oracle.adc,data/ml_data/phase3_interleaved_ml_artifact_512mb.bin,chunk_oracle_best_size,262144,995,260833280,262144,104,0.000396728515625,zstd_19,0.0066727787465866726,0.000324249267578125,0.99957275390625,14,262144
results/phase3_interleaved/interleaved_256kb_oracle.adc,data/ml_data/phase3_interleaved_ml_artifact_512mb.bin,chunk_oracle_best_size,262144,996,261095424,262144,179212,0.6836395263671875,lzma_6,7.311555487584618,0.4697227478027344,0.003971099853515625,256,262144
results/phase3_interleaved/interleaved_256kb_oracle.adc,data/ml_data/phase3_interleaved_ml_artifact_512mb.bin,chunk_oracle_best_size,262144,997,261357568,262144,82,0.00031280517578125,zstd_10,1.91181155523121,0.0289306640625,0.7596435546875,26,262144
results/phase3_interleaved/interleaved_256kb_oracle.adc,data/ml_data/phase3_interleaved_ml_artifact_512mb.bin,chunk_oracle_best_size,262144,998,261619712,262144,8748,0.0333709716796875,lzma_6,4.458475453854718,1.0,0.0,34,262144
results/phase3_interleaved/interleaved_256kb_oracle.adc,data/ml_data/phase3_interleaved_ml_artifact_512mb.bin,chunk_oracle_best_size,262144,999,261881856,262144,262144,1.0,store,7.999307241479382,0.3829803466796875,0.003726959228515625,256,262144
results/phase3_interleaved/interleaved_256kb_oracle.adc,data/ml_data/phase3_interleaved_ml_artifact_512mb.bin,chunk_oracle_best_size,262144,1000,262144000,262144,104,0.000396728515625,zstd_19,0.0066727787465866726,0.000324249267578125,0.99957275390625,14,262144
results/phase3_interleaved/interleaved_256kb_oracle.adc,data/ml_data/phase3_interleaved_ml_artifact_512mb.bin,chunk_oracle_best_size,262144,1001,262406144,262144,278,0.00106048583984375,zstd_3,4.257562596782957,0.2622871398925781,0.22894668579101562,117,262144
results/phase3_interleaved/interleaved_256kb_oracle.adc,data/ml_data/phase3_interleaved_ml_artifact_512mb.bin,chunk_oracle_best_size,262144,1002,262668288,262144,1876,0.0071563720703125,lzma_6,4.76355408518913,1.0,0.0,46,262144
results/phase3_interleaved/interleaved_256kb_oracle.adc,data/ml_data/phase3_interleaved_ml_artifact_512mb.bin,chunk_oracle_best_size,262144,1003,262930432,262144,178492,0.6808929443359375,lzma_6,7.236355460182664,0.4740409851074219,0.005126953125,256,262144
results/phase3_interleaved/interleaved_256kb_oracle.adc,data/ml_data/phase3_interleaved_ml_artifact_512mb.bin,chunk_oracle_best_size,262144,1004,263192576,262144,74,0.00028228759765625,zstd_10,1.7996677981511775,0.03753662109375,0.76251220703125,20,262144
results/phase3_interleaved/interleaved_256kb_oracle.adc,data/ml_data/phase3_interleaved_ml_artifact_512mb.bin,chunk_oracle_best_size,262144,1005,263454720,262144,262144,1.0,store,7.999149284480206,0.38459014892578125,0.003902435302734375,256,262144
results/phase3_interleaved/interleaved_256kb_oracle.adc,data/ml_data/phase3_interleaved_ml_artifact_512mb.bin,chunk_oracle_best_size,262144,1006,263716864,262144,8192,0.03125,zstd_19,4.476198047979407,1.0,0.0,34,262144
results/phase3_interleaved/interleaved_256kb_oracle.adc,data/ml_data/phase3_interleaved_ml_artifact_512mb.bin,chunk_oracle_best_size,262144,1007,263979008,262144,104,0.000396728515625,zstd_19,0.0066727787465866726,0.000324249267578125,0.99957275390625,14,262144
results/phase3_interleaved/interleaved_256kb_oracle.adc,data/ml_data/phase3_interleaved_ml_artifact_512mb.bin,chunk_oracle_best_size,262144,1008,264241152,262144,1876,0.0071563720703125,lzma_6,4.76678096192505,1.0,0.0,46,262144
results/phase3_interleaved/interleaved_256kb_oracle.adc,data/ml_data/phase3_interleaved_ml_artifact_512mb.bin,chunk_oracle_best_size,262144,1009,264503296,262144,104,0.000396728515625,zstd_19,0.0066727787465866726,0.000324249267578125,0.99957275390625,14,262144
results/phase3_interleaved/interleaved_256kb_oracle.adc,data/ml_data/phase3_interleaved_ml_artifact_512mb.bin,chunk_oracle_best_size,262144,1010,264765440,262144,184240,0.70281982421875,lzma_6,7.3013833342987535,0.4754295349121094,0.00283050537109375,256,262144
results/phase3_interleaved/interleaved_256kb_oracle.adc,data/ml_data/phase3_interleaved_ml_artifact_512mb.bin,chunk_oracle_best_size,262144,1011,265027584,262144,83,0.000316619873046875,zstd_10,1.9277406931939804,0.02783203125,0.75927734375,27,262144
results/phase3_interleaved/interleaved_256kb_oracle.adc,data/ml_data/phase3_interleaved_ml_artifact_512mb.bin,chunk_oracle_best_size,262144,1012,265289728,262144,8382,0.03197479248046875,zstd_19,4.469186255000386,1.0,0.0,34,262144
results/phase3_interleaved/interleaved_256kb_oracle.adc,data/ml_data/phase3_interleaved_ml_artifact_512mb.bin,chunk_oracle_best_size,262144,1013,265551872,262144,262144,1.0,store,7.999248548794331,0.3833580017089844,0.003978729248046875,256,262144
results/phase3_interleaved/interleaved_256kb_oracle.adc,data/ml_data/phase3_interleaved_ml_artifact_512mb.bin,chunk_oracle_best_size,262144,1014,265814016,262144,104,0.000396728515625,zstd_19,0.0066727787465866726,0.000324249267578125,0.99957275390625,14,262144
results/phase3_interleaved/interleaved_256kb_oracle.adc,data/ml_data/phase3_interleaved_ml_artifact_512mb.bin,chunk_oracle_best_size,262144,1015,266076160,262144,278,0.00106048583984375,zstd_3,4.261181523839667,0.2684288024902344,0.22806930541992188,115,262144
results/phase3_interleaved/interleaved_256kb_oracle.adc,data/ml_data/phase3_interleaved_ml_artifact_512mb.bin,chunk_oracle_best_size,262144,1016,266338304,262144,1876,0.0071563720703125,lzma_6,4.766060750183091,1.0,0.0,46,262144
results/phase3_interleaved/interleaved_256kb_oracle.adc,data/ml_data/phase3_interleaved_ml_artifact_512mb.bin,chunk_oracle_best_size,262144,1017,266600448,262144,187008,0.71337890625,lzma_6,7.333295959766103,0.4681968688964844,0.002422332763671875,256,262144
results/phase3_interleaved/interleaved_256kb_oracle.adc,data/ml_data/phase3_interleaved_ml_artifact_512mb.bin,chunk_oracle_best_size,262144,1018,266862592,262144,75,0.000286102294921875,zstd_10,1.8205400655918629,0.03570556640625,0.761962890625,21,262144
results/phase3_interleaved/interleaved_256kb_oracle.adc,data/ml_data/phase3_interleaved_ml_artifact_512mb.bin,chunk_oracle_best_size,262144,1019,267124736,262144,262144,1.0,store,7.99926271819877,0.3824882507324219,0.0039825439453125,256,262144
results/phase3_interleaved/interleaved_256kb_oracle.adc,data/ml_data/phase3_interleaved_ml_artifact_512mb.bin,chunk_oracle_best_size,262144,1020,267386880,262144,8491,0.032390594482421875,zstd_19,4.472740954608916,1.0,0.0,34,262144
results/phase3_interleaved/interleaved_256kb_oracle.adc,data/ml_data/phase3_interleaved_ml_artifact_512mb.bin,chunk_oracle_best_size,262144,1021,267649024,262144,104,0.000396728515625,zstd_19,0.0066727787465866726,0.000324249267578125,0.99957275390625,14,262144
results/phase3_interleaved/interleaved_256kb_oracle.adc,data/ml_data/phase3_interleaved_ml_artifact_512mb.bin,chunk_oracle_best_size,262144,1022,267911168,262144,1876,0.0071563720703125,lzma_6,4.7677770805473365,1.0,0.0,46,262144
results/phase3_interleaved/interleaved_256kb_oracle.adc,data/ml_data/phase3_interleaved_ml_artifact_512mb.bin,chunk_oracle_best_size,262144,1023,268173312,262144,104,0.000396728515625,zstd_19,0.0066727787465866726,0.000324249267578125,0.99957275390625,14,262144
results/phase3_interleaved/interleaved_256kb_oracle.adc,data/ml_data/phase3_interleaved_ml_artifact_512mb.bin,chunk_oracle_best_size,262144,1024,268435456,262144,187248,0.71429443359375,lzma_6,7.30369415571224,0.4357948303222656,0.002933502197265625,256,262144
results/phase3_interleaved/interleaved_256kb_oracle.adc,data/ml_data/phase3_interleaved_ml_artifact_512mb.bin,chunk_oracle_best_size,262144,1025,268697600,262144,85,0.000324249267578125,zstd_10,1.9428040212458586,0.0267333984375,0.75897216796875,28,262144
results/phase3_interleaved/interleaved_256kb_oracle.adc,data/ml_data/phase3_interleaved_ml_artifact_512mb.bin,chunk_oracle_best_size,262144,1026,268959744,262144,8232,0.031402587890625,zstd_19,4.48167125247788,1.0,0.0,34,262144
results/phase3_interleaved/interleaved_256kb_oracle.adc,data/ml_data/phase3_interleaved_ml_artifact_512mb.bin,chunk_oracle_best_size,262144,1027,269221888,262144,262144,1.0,store,7.999338026897781,0.3809928894042969,0.00386810302734375,256,262144
results/phase3_interleaved/interleaved_256kb_oracle.adc,data/ml_data/phase3_interleaved_ml_artifact_512mb.bin,chunk_oracle_best_size,262144,1028,269484032,262144,101,0.000385284423828125,zstd_19,0.0066727787465866726,0.000324249267578125,0.99957275390625,14,262144
results/phase3_interleaved/interleaved_256kb_oracle.adc,data/ml_data/phase3_interleaved_ml_artifact_512mb.bin,chunk_oracle_best_size,262144,1029,269746176,262144,278,0.00106048583984375,zstd_3,4.262302767546922,0.2640419006347656,0.22806930541992188,119,262144
results/phase3_interleaved/interleaved_256kb_oracle.adc,data/ml_data/phase3_interleaved_ml_artifact_512mb.bin,chunk_oracle_best_size,262144,1030,270008320,262144,1876,0.0071563720703125,lzma_6,4.761789564875629,1.0,0.0,46,262144
results/phase3_interleaved/interleaved_256kb_oracle.adc,data/ml_data/phase3_interleaved_ml_artifact_512mb.bin,chunk_oracle_best_size,262144,1031,270270464,262144,182084,0.6945953369140625,lzma_6,7.267920166814088,0.4493980407714844,0.003665924072265625,256,262144
results/phase3_interleaved/interleaved_256kb_oracle.adc,data/ml_data/phase3_interleaved_ml_artifact_512mb.bin,chunk_oracle_best_size,262144,1032,270532608,262144,77,0.000293731689453125,zstd_10,1.8406283492670494,0.0340576171875,0.76141357421875,22,262144
results/phase3_interleaved/interleaved_256kb_oracle.adc,data/ml_data/phase3_interleaved_ml_artifact_512mb.bin,chunk_oracle_best_size,262144,1033,270794752,262144,262144,1.0,store,7.999217063745173,0.3852272033691406,0.00370025634765625,256,262144
results/phase3_interleaved/interleaved_256kb_oracle.adc,data/ml_data/phase3_interleaved_ml_artifact_512mb.bin,chunk_oracle_best_size,262144,1034,271056896,262144,8033,0.030643463134765625,zstd_19,4.482996846277125,1.0,0.0,34,262144
results/phase3_interleaved/interleaved_256kb_oracle.adc,data/ml_data/phase3_interleaved_ml_artifact_512mb.bin,chunk_oracle_best_size,262144,1035,271319040,262144,101,0.000385284423828125,zstd_19,0.0066727787465866726,0.000324249267578125,0.99957275390625,14,262144
results/phase3_interleaved/interleaved_256kb_oracle.adc,data/ml_data/phase3_interleaved_ml_artifact_512mb.bin,chunk_oracle_best_size,262144,1036,271581184,262144,1876,0.0071563720703125,lzma_6,4.766059037019705,1.0,0.0,46,262144
results/phase3_interleaved/interleaved_256kb_oracle.adc,data/ml_data/phase3_interleaved_ml_artifact_512mb.bin,chunk_oracle_best_size,262144,1037,271843328,262144,101,0.000385284423828125,zstd_19,0.0066727787465866726,0.000324249267578125,0.99957275390625,14,262144
results/phase3_interleaved/interleaved_256kb_oracle.adc,data/ml_data/phase3_interleaved_ml_artifact_512mb.bin,chunk_oracle_best_size,262144,1038,272105472,262144,183548,0.7001800537109375,lzma_6,7.2892601811262745,0.4655342102050781,0.002346038818359375,256,262144
results/phase3_interleaved/interleaved_256kb_oracle.adc,data/ml_data/phase3_interleaved_ml_artifact_512mb.bin,chunk_oracle_best_size,262144,1039,272367616,262144,85,0.000324249267578125,zstd_10,1.9574219614934496,0.02581787109375,0.7586669921875,29,262144
results/phase3_interleaved/interleaved_256kb_oracle.adc,data/ml_data/phase3_interleaved_ml_artifact_512mb.bin,chunk_oracle_best_size,262144,1040,272629760,262144,8784,0.03350830078125,lzma_6,4.475110886676126,1.0,0.0,34,262144
results/phase3_interleaved/interleaved_256kb_oracle.adc,data/ml_data/phase3_interleaved_ml_artifact_512mb.bin,chunk_oracle_best_size,262144,1041,272891904,262144,262144,1.0,store,7.999343777696166,0.38344573974609375,0.00395965576171875,256,262144
results/phase3_interleaved/interleaved_256kb_oracle.adc,data/ml_data/phase3_interleaved_ml_artifact_512mb.bin,chunk_oracle_best_size,262144,1042,273154048,262144,101,0.000385284423828125,zstd_19,0.0066727787465866726,0.000324249267578125,0.99957275390625,14,262144
results/phase3_interleaved/interleaved_256kb_oracle.adc,data/ml_data/phase3_interleaved_ml_artifact_512mb.bin,chunk_oracle_best_size,262144,1043,273416192,262144,278,0.00106048583984375,zstd_3,4.261952857447451,0.2649192810058594,0.22806930541992188,118,262144
results/phase3_interleaved/interleaved_256kb_oracle.adc,data/ml_data/phase3_interleaved_ml_artifact_512mb.bin,chunk_oracle_best_size,262144,1044,273678336,262144,1876,0.0071563720703125,lzma_6,4.76473715610247,1.0,0.0,46,262144
results/phase3_interleaved/interleaved_256kb_oracle.adc,data/ml_data/phase3_interleaved_ml_artifact_512mb.bin,chunk_oracle_best_size,262144,1045,273940480,262144,185012,0.7057647705078125,lzma_6,7.311061031285905,0.4558372497558594,0.00226593017578125,256,262144
results/phase3_interleaved/interleaved_256kb_oracle.adc,data/ml_data/phase3_interleaved_ml_artifact_512mb.bin,chunk_oracle_best_size,262144,1046,274202624,262144,78,0.00029754638671875,zstd_10,1.8596352327448284,0.0325927734375,0.76092529296875,23,262144
results/phase3_interleaved/interleaved_256kb_oracle.adc,data/ml_data/phase3_interleaved_ml_artifact_512mb.bin,chunk_oracle_best_size,262144,1047,274464768,262144,262144,1.0,store,7.999325914659211,0.3828773498535156,0.0037078857421875,256,262144
results/phase3_interleaved/interleaved_256kb_oracle.adc,data/ml_data/phase3_interleaved_ml_artifact_512mb.bin,chunk_oracle_best_size,262144,1048,274726912,262144,8391,0.032009124755859375,zstd_19,4.484069116553642,1.0,0.0,34,262144
results/phase3_interleaved/interleaved_256kb_oracle.adc,data/ml_data/phase3_interleaved_ml_artifact_512mb.bin,chunk_oracle_best_size,262144,1049,274989056,262144,101,0.000385284423828125,zstd_19,0.0066727787465866726,0.000324249267578125,0.99957275390625,14,262144
results/phase3_interleaved/interleaved_256kb_oracle.adc,data/ml_data/phase3_interleaved_ml_artifact_512mb.bin,chunk_oracle_best_size,262144,1050,275251200,262144,1876,0.0071563720703125,lzma_6,4.766452865430406,1.0,0.0,46,262144
results/phase3_interleaved/interleaved_256kb_oracle.adc,data/ml_data/phase3_interleaved_ml_artifact_512mb.bin,chunk_oracle_best_size,262144,1051,275513344,262144,101,0.000385284423828125,zstd_19,0.0066727787465866726,0.000324249267578125,0.99957275390625,14,262144
results/phase3_interleaved/interleaved_256kb_oracle.adc,data/ml_data/phase3_interleaved_ml_artifact_512mb.bin,chunk_oracle_best_size,262144,1052,275775488,262144,184188,0.7026214599609375,lzma_6,7.324662022845349,0.46891021728515625,0.003894805908203125,256,262144
results/phase3_interleaved/interleaved_256kb_oracle.adc,data/ml_data/phase3_interleaved_ml_artifact_512mb.bin,chunk_oracle_best_size,262144,1053,276037632,262144,67,0.000255584716796875,zstd_10,1.728282418908997,0.04412841796875,0.76470947265625,17,262144
results/phase3_interleaved/interleaved_256kb_oracle.adc,data/ml_data/phase3_interleaved_ml_artifact_512mb.bin,chunk_oracle_best_size,262144,1054,276299776,262144,8234,0.03141021728515625,zstd_19,4.484040442219838,1.0,0.0,34,262144
results/phase3_interleaved/interleaved_256kb_oracle.adc,data/ml_data/phase3_interleaved_ml_artifact_512mb.bin,chunk_oracle_best_size,262144,1055,276561920,262144,262144,1.0,store,7.999301842037133,0.3819541931152344,0.003917694091796875,256,262144
results/phase3_interleaved/interleaved_256kb_oracle.adc,data/ml_data/phase3_interleaved_ml_artifact_512mb.bin,chunk_oracle_best_size,262144,1056,276824064,262144,101,0.000385284423828125,zstd_19,0.0066727787465866726,0.000324249267578125,0.99957275390625,14,262144
results/phase3_interleaved/interleaved_256kb_oracle.adc,data/ml_data/phase3_interleaved_ml_artifact_512mb.bin,chunk_oracle_best_size,262144,1057,277086208,262144,278,0.00106048583984375,zstd_3,4.269184437819266,0.2631645202636719,0.22806930541992188,120,262144
results/phase3_interleaved/interleaved_256kb_oracle.adc,data/ml_data/phase3_interleaved_ml_artifact_512mb.bin,chunk_oracle_best_size,262144,1058,277348352,262144,1876,0.0071563720703125,lzma_6,4.775667257838033,1.0,0.0,46,262144
results/phase3_interleaved/interleaved_256kb_oracle.adc,data/ml_data/phase3_interleaved_ml_artifact_512mb.bin,chunk_oracle_best_size,262144,1059,277610496,262144,183556,0.7002105712890625,lzma_6,7.25084277659733,0.4575309753417969,0.004268646240234375,256,262144
results/phase3_interleaved/interleaved_256kb_oracle.adc,data/ml_data/phase3_interleaved_ml_artifact_512mb.bin,chunk_oracle_best_size,262144,1060,277872640,262144,80,0.00030517578125,zstd_10,1.8779894615960075,0.03131103515625,0.76043701171875,24,262144
results/phase3_interleaved/interleaved_256kb_oracle.adc,data/ml_data/phase3_interleaved_ml_artifact_512mb.bin,chunk_oracle_best_size,262144,1061,278134784,262144,262144,1.0,store,7.99933753193146,0.38311004638671875,0.003757476806640625,256,262144
results/phase3_interleaved/interleaved_256kb_oracle.adc,data/ml_data/phase3_interleaved_ml_artifact_512mb.bin,chunk_oracle_best_size,262144,1062,278396928,262144,8232,0.031402587890625,zstd_19,4.48167125247788,1.0,0.0,34,262144
results/phase3_interleaved/interleaved_256kb_oracle.adc,data/ml_data/phase3_interleaved_ml_artifact_512mb.bin,chunk_oracle_best_size,262144,1063,278659072,262144,101,0.000385284423828125,zstd_19,0.0066727787465866726,0.000324249267578125,0.99957275390625,14,262144
results/phase3_interleaved/interleaved_256kb_oracle.adc,data/ml_data/phase3_interleaved_ml_artifact_512mb.bin,chunk_oracle_best_size,262144,1064,278921216,262144,1876,0.0071563720703125,lzma_6,4.766060750183091,1.0,0.0,46,262144
results/phase3_interleaved/interleaved_256kb_oracle.adc,data/ml_data/phase3_interleaved_ml_artifact_512mb.bin,chunk_oracle_best_size,262144,1065,279183360,262144,101,0.000385284423828125,zstd_19,0.0066727787465866726,0.000324249267578125,0.99957275390625,14,262144
results/phase3_interleaved/interleaved_256kb_oracle.adc,data/ml_data/phase3_interleaved_ml_artifact_512mb.bin,chunk_oracle_best_size,262144,1066,279445504,262144,185848,0.708953857421875,lzma_6,7.306351934706782,0.4645576477050781,0.0023193359375,256,262144
results/phase3_interleaved/interleaved_256kb_oracle.adc,data/ml_data/phase3_interleaved_ml_artifact_512mb.bin,chunk_oracle_best_size,262144,1067,279707648,262144,70,0.00026702880859375,zstd_10,1.7534509016363693,0.0416259765625,0.763916015625,18,262144
results/phase3_interleaved/interleaved_256kb_oracle.adc,data/ml_data/phase3_interleaved_ml_artifact_512mb.bin,chunk_oracle_best_size,262144,1068,279969792,262144,7736,0.029510498046875,lzma_6,4.485167015715574,1.0,0.0,34,262144
results/phase3_interleaved/interleaved_256kb_oracle.adc,data/ml_data/phase3_interleaved_ml_artifact_512mb.bin,chunk_oracle_best_size,262144,1069,280231936,262144,262144,1.0,store,7.999215149075488,0.3822593688964844,0.0039825439453125,256,262144
results/phase3_interleaved/interleaved_256kb_oracle.adc,data/ml_data/phase3_interleaved_ml_artifact_512mb.bin,chunk_oracle_best_size,262144,1070,280494080,262144,101,0.000385284423828125,zstd_19,0.0066727787465866726,0.000324249267578125,0.99957275390625,14,262144
results/phase3_interleaved/interleaved_256kb_oracle.adc,data/ml_data/phase3_interleaved_ml_artifact_512mb.bin,chunk_oracle_best_size,262144,1071,280756224,262144,278,0.00106048583984375,zstd_3,4.262930233439066,0.2675514221191406,0.22806930541992188,115,262144
results/phase3_interleaved/interleaved_256kb_oracle.adc,data/ml_data/phase3_interleaved_ml_artifact_512mb.bin,chunk_oracle_best_size,262144,1072,281018368,262144,1876,0.0071563720703125,lzma_6,4.77255513150339,1.0,0.0,46,262144
results/phase3_interleaved/interleaved_256kb_oracle.adc,data/ml_data/phase3_interleaved_ml_artifact_512mb.bin,chunk_oracle_best_size,262144,1073,281280512,262144,185268,0.7067413330078125,lzma_6,7.3358374756665565,0.44129180908203125,0.004016876220703125,256,262144
results/phase3_interleaved/interleaved_256kb_oracle.adc,data/ml_data/phase3_interleaved_ml_artifact_512mb.bin,chunk_oracle_best_size,262144,1074,281542656,262144,81,0.000308990478515625,zstd_10,1.8953693672656133,0.030029296875,0.760009765625,25,262144
results/phase3_interleaved/interleaved_256kb_oracle.adc,data/ml_data/phase3_interleaved_ml_artifact_512mb.bin,chunk_oracle_best_size,262144,1075,281804800,262144,262144,1.0,store,7.999330198933947,0.3811759948730469,0.00377655029296875,256,262144
results/phase3_interleaved/interleaved_256kb_oracle.adc,data/ml_data/phase3_interleaved_ml_artifact_512mb.bin,chunk_oracle_best_size,262144,1076,282066944,262144,8640,0.032958984375,lzma_6,4.485110151064696,1.0,0.0,34,262144
results/phase3_interleaved/interleaved_256kb_oracle.adc,data/ml_data/phase3_interleaved_ml_artifact_512mb.bin,chunk_oracle_best_size,262144,1077,282329088,262144,101,0.000385284423828125,zstd_19,0.0066727787465866726,0.000324249267578125,0.99957275390625,14,262144
results/phase3_interleaved/interleaved_256kb_oracle.adc,data/ml_data/phase3_interleaved_ml_artifact_512mb.bin,chunk_oracle_best_size,262144,1078,282591232,262144,1876,0.0071563720703125,lzma_6,4.77578200823931,1.0,0.0,46,262144
results/phase3_interleaved/interleaved_256kb_oracle.adc,data/ml_data/phase3_interleaved_ml_artifact_512mb.bin,chunk_oracle_best_size,262144,1079,282853376,262144,101,0.000385284423828125,zstd_19,0.0066727787465866726,0.000324249267578125,0.99957275390625,14,262144
results/phase3_interleaved/interleaved_256kb_oracle.adc,data/ml_data/phase3_interleaved_ml_artifact_512mb.bin,chunk_oracle_best_size,262144,1080,283115520,262144,180792,0.689666748046875,lzma_6,7.3371409977823845,0.4372138977050781,0.0032196044921875,256,262144
results/phase3_interleaved/interleaved_256kb_oracle.adc,data/ml_data/phase3_interleaved_ml_artifact_512mb.bin,chunk_oracle_best_size,262144,1081,283377664,262144,71,0.000270843505859375,zstd_10,1.7772116148855726,0.03948974609375,0.76318359375,19,262144
results/phase3_interleaved/interleaved_256kb_oracle.adc,data/ml_data/phase3_interleaved_ml_artifact_512mb.bin,chunk_oracle_best_size,262144,1082,283639808,262144,8236,0.0314178466796875,zstd_10,4.4816711642614955,1.0,0.0,34,262144
results/phase3_interleaved/interleaved_256kb_oracle.adc,data/ml_data/phase3_interleaved_ml_artifact_512mb.bin,chunk_oracle_best_size,262144,1083,283901952,262144,262144,1.0,store,7.999163203130546,0.3824310302734375,0.0036773681640625,256,262144
results/phase3_interleaved/interleaved_256kb_oracle.adc,data/ml_data/phase3_interleaved_ml_artifact_512mb.bin,chunk_oracle_best_size,262144,1084,284164096,262144,101,0.000385284423828125,zstd_19,0.0066727787465866726,0.000324249267578125,0.99957275390625,14,262144
results/phase3_interleaved/interleaved_256kb_oracle.adc,data/ml_data/phase3_interleaved_ml_artifact_512mb.bin,chunk_oracle_best_size,262144,1085,284426240,262144,278,0.00106048583984375,zstd_3,4.2680897671025955,0.2631645202636719,0.22806930541992188,119,262144
results/phase3_interleaved/interleaved_256kb_oracle.adc,data/ml_data/phase3_interleaved_ml_artifact_512mb.bin,chunk_oracle_best_size,262144,1086,284688384,262144,1876,0.0071563720703125,lzma_6,4.771050434069125,1.0,0.0,46,262144
results/phase3_interleaved/interleaved_256kb_oracle.adc,data/ml_data/phase3_interleaved_ml_artifact_512mb.bin,chunk_oracle_best_size,262144,1087,284950528,262144,176596,0.6736602783203125,lzma_6,7.2739597144270896,0.4218292236328125,0.00373077392578125,256,262144
results/phase3_interleaved/interleaved_256kb_oracle.adc,data/ml_data/phase3_interleaved_ml_artifact_512mb.bin,chunk_oracle_best_size,262144,1088,285212672,262144,82,0.00031280517578125,zstd_10,1.91181155523121,0.0289306640625,0.7596435546875,26,262144
results/phase3_interleaved/interleaved_256kb_oracle.adc,data/ml_data/phase3_interleaved_ml_artifact_512mb.bin,chunk_oracle_best_size,262144,1089,285474816,262144,262144,1.0,store,7.9993134216974875,0.3826484680175781,0.003894805908203125,256,262144
results/phase3_interleaved/interleaved_256kb_oracle.adc,data/ml_data/phase3_interleaved_ml_artifact_512mb.bin,chunk_oracle_best_size,262144,1090,285736960,262144,8001,0.030521392822265625,zstd_19,4.476231589149747,1.0,0.0,34,262144
results/phase3_interleaved/interleaved_256kb_oracle.adc,data/ml_data/phase3_interleaved_ml_artifact_512mb.bin,chunk_oracle_best_size,262144,1091,285999104,262144,104,0.000396728515625,zstd_19,0.0066727787465866726,0.000324249267578125,0.99957275390625,14,262144
results/phase3_interleaved/interleaved_256kb_oracle.adc,data/ml_data/phase3_interleaved_ml_artifact_512mb.bin,chunk_oracle_best_size,262144,1092,286261248,262144,1876,0.0071563720703125,lzma_6,4.768155059785306,1.0,0.0,46,262144
results/phase3_interleaved/interleaved_256kb_oracle.adc,data/ml_data/phase3_interleaved_ml_artifact_512mb.bin,chunk_oracle_best_size,262144,1093,286523392,262144,104,0.000396728515625,zstd_19,0.0066727787465866726,0.000324249267578125,0.99957275390625,14,262144
results/phase3_interleaved/interleaved_256kb_oracle.adc,data/ml_data/phase3_interleaved_ml_artifact_512mb.bin,chunk_oracle_best_size,262144,1094,286785536,262144,179824,0.68597412109375,lzma_6,7.270394769335614,0.4835395812988281,0.002948760986328125,256,262144
results/phase3_interleaved/interleaved_256kb_oracle.adc,data/ml_data/phase3_interleaved_ml_artifact_512mb.bin,chunk_oracle_best_size,262144,1095,287047680,262144,74,0.00028228759765625,zstd_10,1.7996677981511775,0.03753662109375,0.76251220703125,20,262144
results/phase3_interleaved/interleaved_256kb_oracle.adc,data/ml_data/phase3_interleaved_ml_artifact_512mb.bin,chunk_oracle_best_size,262144,1096,287309824,262144,8209,0.031314849853515625,zstd_19,4.485116197315,1.0,0.0,34,262144
results/phase3_interleaved/interleaved_256kb_oracle.adc,data/ml_data/phase3_interleaved_ml_artifact_512mb.bin,chunk_oracle_best_size,262144,1097,287571968,262144,262144,1.0,store,7.999224942587169,0.3843040466308594,0.003795623779296875,256,262144
results/phase3_interleaved/interleaved_256kb_oracle.adc,data/ml_data/phase3_interleaved_ml_artifact_512mb.bin,chunk_oracle_best_size,262144,1098,287834112,262144,104,0.000396728515625,zstd_19,0.0066727787465866726,0.000324249267578125,0.99957275390625,14,262144
results/phase3_interleaved/interleaved_256kb_oracle.adc,data/ml_data/phase3_interleaved_ml_artifact_512mb.bin,chunk_oracle_best_size,262144,1099,288096256,262144,278,0.00106048583984375,zstd_3,4.227786863647362,0.2649192810058594,0.22806930541992188,114,262144
results/phase3_interleaved/interleaved_256kb_oracle.adc,data/ml_data/phase3_interleaved_ml_artifact_512mb.bin,chunk_oracle_best_size,262144,1100,288358400,262144,1872,0.00714111328125,lzma_6,4.7617912780390155,1.0,0.0,46,262144
results/phase3_interleaved/interleaved_256kb_oracle.adc,data/ml_data/phase3_interleaved_ml_artifact_512mb.bin,chunk_oracle_best_size,262144,1101,288620544,262144,181232,0.69134521484375,lzma_6,7.293359685762801,0.4682197570800781,0.003726959228515625,256,262144
results/phase3_interleaved/interleaved_256kb_oracle.adc,data/ml_data/phase3_interleaved_ml_artifact_512mb.bin,chunk_oracle_best_size,262144,1102,288882688,262144,83,0.000316619873046875,zstd_10,1.9277406931939804,0.02783203125,0.75927734375,27,262144
results/phase3_interleaved/interleaved_256kb_oracle.adc,data/ml_data/phase3_interleaved_ml_artifact_512mb.bin,chunk_oracle_best_size,262144,1103,289144832,262144,262144,1.0,store,7.999401183865397,0.3849678039550781,0.003986358642578125,256,262144
results/phase3_interleaved/interleaved_256kb_oracle.adc,data/ml_data/phase3_interleaved_ml_artifact_512mb.bin,chunk_oracle_best_size,262144,1104,289406976,262144,8424,0.032135009765625,zstd_19,4.471581803466145,1.0,0.0,34,262144
results/phase3_interleaved/interleaved_256kb_oracle.adc,data/ml_data/phase3_interleaved_ml_artifact_512mb.bin,chunk_oracle_best_size,262144,1105,289669120,262144,104,0.000396728515625,zstd_19,0.0066727787465866726,0.000324249267578125,0.99957275390625,14,262144
results/phase3_interleaved/interleaved_256kb_oracle.adc,data/ml_data/phase3_interleaved_ml_artifact_512mb.bin,chunk_oracle_best_size,262144,1106,289931264,262144,1876,0.0071563720703125,lzma_6,4.766060750183091,1.0,0.0,46,262144
results/phase3_interleaved/interleaved_256kb_oracle.adc,data/ml_data/phase3_interleaved_ml_artifact_512mb.bin,chunk_oracle_best_size,262144,1107,290193408,262144,104,0.000396728515625,zstd_19,0.0066727787465866726,0.000324249267578125,0.99957275390625,14,262144
results/phase3_interleaved/interleaved_256kb_oracle.adc,data/ml_data/phase3_interleaved_ml_artifact_512mb.bin,chunk_oracle_best_size,262144,1108,290455552,262144,185840,0.70892333984375,lzma_6,7.284943987878236,0.4554939270019531,0.003620147705078125,256,262144
results/phase3_interleaved/interleaved_256kb_oracle.adc,data/ml_data/phase3_interleaved_ml_artifact_512mb.bin,chunk_oracle_best_size,262144,1109,290717696,262144,75,0.000286102294921875,zstd_10,1.8205400655918629,0.03570556640625,0.761962890625,21,262144
results/phase3_interleaved/interleaved_256kb_oracle.adc,data/ml_data/phase3_interleaved_ml_artifact_512mb.bin,chunk_oracle_best_size,262144,1110,290979840,262144,8051,0.030712127685546875,zstd_19,4.455493316666871,1.0,0.0,34,262144
results/phase3_interleaved/interleaved_256kb_oracle.adc,data/ml_data/phase3_interleaved_ml_artifact_512mb.bin,chunk_oracle_best_size,262144,1111,291241984,262144,262144,1.0,store,7.999257599266202,0.38152313232421875,0.003688812255859375,256,262144
results/phase3_interleaved/interleaved_256kb_oracle.adc,data/ml_data/phase3_interleaved_ml_artifact_512mb.bin,chunk_oracle_best_size,262144,1112,291504128,262144,104,0.000396728515625,zstd_19,0.0066727787465866726,0.000324249267578125,0.99957275390625,14,262144
results/phase3_interleaved/interleaved_256kb_oracle.adc,data/ml_data/phase3_interleaved_ml_artifact_512mb.bin,chunk_oracle_best_size,262144,1113,291766272,262144,277,0.001056671142578125,zstd_3,4.243950008576277,0.25899505615234375,0.22916412353515625,112,262144
results/phase3_interleaved/interleaved_256kb_oracle.adc,data/ml_data/phase3_interleaved_ml_artifact_512mb.bin,chunk_oracle_best_size,262144,1114,292028416,262144,1872,0.00714111328125,lzma_6,4.7683213797720265,1.0,0.0,46,262144
results/phase3_interleaved/interleaved_256kb_oracle.adc,data/ml_data/phase3_interleaved_ml_artifact_512mb.bin,chunk_oracle_best_size,262144,1115,292290560,262144,184956,0.7055511474609375,lzma_6,7.267973468205207,0.47330474853515625,0.0025634765625,256,262144
results/phase3_interleaved/interleaved_256kb_oracle.adc,data/ml_data/phase3_interleaved_ml_artifact_512mb.bin,chunk_oracle_best_size,262144,1116,292552704,262144,85,0.000324249267578125,zstd_10,1.9428040212458586,0.0267333984375,0.75897216796875,28,262144
results/phase3_interleaved/interleaved_256kb_oracle.adc,data/ml_data/phase3_interleaved_ml_artifact_512mb.bin,chunk_oracle_best_size,262144,1117,292814848,262144,262144,1.0,store,7.9992765539260065,0.3814544677734375,0.00402069091796875,256,262144
results/phase3_interleaved/interleaved_256kb_oracle.adc,data/ml_data/phase3_interleaved_ml_artifact_512mb.bin,chunk_oracle_best_size,262144,1118,293076992,262144,8236,0.0314178466796875,zstd_10,4.4541165533279345,1.0,0.0,34,262144
results/phase3_interleaved/interleaved_256kb_oracle.adc,data/ml_data/phase3_interleaved_ml_artifact_512mb.bin,chunk_oracle_best_size,262144,1119,293339136,262144,104,0.000396728515625,zstd_19,0.0066727787465866726,0.000324249267578125,0.99957275390625,14,262144
results/phase3_interleaved/interleaved_256kb_oracle.adc,data/ml_data/phase3_interleaved_ml_artifact_512mb.bin,chunk_oracle_best_size,262144,1120,293601280,262144,1868,0.0071258544921875,lzma_6,4.767778793710722,1.0,0.0,46,262144
results/phase3_interleaved/interleaved_256kb_oracle.adc,data/ml_data/phase3_interleaved_ml_artifact_512mb.bin,chunk_oracle_best_size,262144,1121,293863424,262144,104,0.000396728515625,zstd_19,0.0066727787465866726,0.000324249267578125,0.99957275390625,14,262144
results/phase3_interleaved/interleaved_256kb_oracle.adc,data/ml_data/phase3_interleaved_ml_artifact_512mb.bin,chunk_oracle_best_size,262144,1122,294125568,262144,180012,0.6866912841796875,lzma_6,7.293675969575129,0.4200248718261719,0.003925323486328125,256,262144
results/phase3_interleaved/interleaved_256kb_oracle.adc,data/ml_data/phase3_interleaved_ml_artifact_512mb.bin,chunk_oracle_best_size,262144,1123,294387712,262144,77,0.000293731689453125,zstd_10,1.8406283492670494,0.0340576171875,0.76141357421875,22,262144
results/phase3_interleaved/interleaved_256kb_oracle.adc,data/ml_data/phase3_interleaved_ml_artifact_512mb.bin,chunk_oracle_best_size,262144,1124,294649856,262144,8206,0.03130340576171875,zstd_19,4.466725161067945,1.0,0.0,34,262144
results/phase3_interleaved/interleaved_256kb_oracle.adc,data/ml_data/phase3_interleaved_ml_artifact_512mb.bin,chunk_oracle_best_size,262144,1125,294912000,262144,262144,1.0,store,7.999265922673994,0.383758544921875,0.003971099853515625,256,262144
results/phase3_interleaved/interleaved_256kb_oracle.adc,data/ml_data/phase3_interleaved_ml_artifact_512mb.bin,chunk_oracle_best_size,262144,1126,295174144,262144,104,0.000396728515625,zstd_19,0.0066727787465866726,0.000324249267578125,0.99957275390625,14,262144
results/phase3_interleaved/interleaved_256kb_oracle.adc,data/ml_data/phase3_interleaved_ml_artifact_512mb.bin,chunk_oracle_best_size,262144,1127,295436288,262144,278,0.00106048583984375,zstd_3,4.257782577201998,0.2693061828613281,0.22806930541992188,115,262144
results/phase3_interleaved/interleaved_256kb_oracle.adc,data/ml_data/phase3_interleaved_ml_artifact_512mb.bin,chunk_oracle_best_size,262144,1128,295698432,262144,1872,0.00714111328125,lzma_6,4.776352701266313,1.0,0.0,46,262144
results/phase3_interleaved/interleaved_256kb_oracle.adc,data/ml_data/phase3_interleaved_ml_artifact_512mb.bin,chunk_oracle_best_size,262144,1129,295960576,262144,180808,0.689727783203125,lzma_6,7.295624814489887,0.4550895690917969,0.00365447998046875,256,262144
results/phase3_interleaved/interleaved_256kb_oracle.adc,data/ml_data/phase3_interleaved_ml_artifact_512mb.bin,chunk_oracle_best_size,262144,1130,296222720,262144,85,0.000324249267578125,zstd_10,1.9574219614934496,0.02581787109375,0.7586669921875,29,262144
results/phase3_interleaved/interleaved_256kb_oracle.adc,data/ml_data/phase3_interleaved_ml_artifact_512mb.bin,chunk_oracle_best_size,262144,1131,296484864,262144,262144,1.0,store,7.999251944511218,0.381988525390625,0.00395965576171875,256,262144
results/phase3_interleaved/interleaved_256kb_oracle.adc,data/ml_data/phase3_interleaved_ml_artifact_512mb.bin,chunk_oracle_best_size,262144,1132,296747008,262144,8344,0.031829833984375,zstd_19,4.466682281999867,1.0,0.0,34,262144
results/phase3_interleaved/interleaved_256kb_oracle.adc,data/ml_data/phase3_interleaved_ml_artifact_512mb.bin,chunk_oracle_best_size,262144,1133,297009152,262144,104,0.000396728515625,zstd_19,0.0066727787465866726,0.000324249267578125,0.99957275390625,14,262144
results/phase3_interleaved/interleaved_256kb_oracle.adc,data/ml_data/phase3_interleaved_ml_artifact_512mb.bin,chunk_oracle_best_size,262144,1134,297271296,262144,1872,0.00714111328125,lzma_6,4.769598497066777,1.0,0.0,46,262144
results/phase3_interleaved/interleaved_256kb_oracle.adc,data/ml_data/phase3_interleaved_ml_artifact_512mb.bin,chunk_oracle_best_size,262144,1135,297533440,262144,104,0.000396728515625,zstd_19,0.0066727787465866726,0.000324249267578125,0.99957275390625,14,262144
results/phase3_interleaved/interleaved_256kb_oracle.adc,data/ml_data/phase3_interleaved_ml_artifact_512mb.bin,chunk_oracle_best_size,262144,1136,297795584,262144,183592,0.700347900390625,lzma_6,7.254792489408298,0.48107147216796875,0.00208282470703125,256,262144
results/phase3_interleaved/interleaved_256kb_oracle.adc,data/ml_data/phase3_interleaved_ml_artifact_512mb.bin,chunk_oracle_best_size,262144,1137,298057728,262144,78,0.00029754638671875,zstd_10,1.8596352327448284,0.0325927734375,0.76092529296875,23,262144
results/phase3_interleaved/interleaved_256kb_oracle.adc,data/ml_data/phase3_interleaved_ml_artifact_512mb.bin,chunk_oracle_best_size,262144,1138,298319872,262144,8382,0.03197479248046875,zstd_19,4.470176195701266,1.0,0.0,34,262144
results/phase3_interleaved/interleaved_256kb_oracle.adc,data/ml_data/phase3_interleaved_ml_artifact_512mb.bin,chunk_oracle_best_size,262144,1139,298582016,262144,262144,1.0,store,7.999316810663598,0.38465118408203125,0.003932952880859375,256,262144
results/phase3_interleaved/interleaved_256kb_oracle.adc,data/ml_data/phase3_interleaved_ml_artifact_512mb.bin,chunk_oracle_best_size,262144,1140,298844160,262144,104,0.000396728515625,zstd_19,0.0066727787465866726,0.000324249267578125,0.99957275390625,14,262144
results/phase3_interleaved/interleaved_256kb_oracle.adc,data/ml_data/phase3_interleaved_ml_artifact_512mb.bin,chunk_oracle_best_size,262144,1141,299106304,262144,277,0.001056671142578125,zstd_3,4.249844565734552,0.25811767578125,0.2282867431640625,112,262144
results/phase3_interleaved/interleaved_256kb_oracle.adc,data/ml_data/phase3_interleaved_ml_artifact_512mb.bin,chunk_oracle_best_size,262144,1142,299368448,262144,1872,0.00714111328125,lzma_6,4.771363017380278,1.0,0.0,46,262144
results/phase3_interleaved/interleaved_256kb_oracle.adc,data/ml_data/phase3_interleaved_ml_artifact_512mb.bin,chunk_oracle_best_size,262144,1143,299630592,262144,178096,0.67938232421875,lzma_6,7.257126320062903,0.4452056884765625,0.00281524658203125,256,262144
results/phase3_interleaved/interleaved_256kb_oracle.adc,data/ml_data/phase3_interleaved_ml_artifact_512mb.bin,chunk_oracle_best_size,262144,1144,299892736,262144,67,0.000255584716796875,zstd_10,1.728282418908997,0.04412841796875,0.76470947265625,17,262144
results/phase3_interleaved/interleaved_256kb_oracle.adc,data/ml_data/phase3_interleaved_ml_artifact_512mb.bin,chunk_oracle_best_size,262144,1145,300154880,262144,262144,1.0,store,7.999411297135524,0.3818359375,0.003940582275390625,256,262144
results/phase3_interleaved/interleaved_256kb_oracle.adc,data/ml_data/phase3_interleaved_ml_artifact_512mb.bin,chunk_oracle_best_size,262144,1146,300417024,262144,8056,0.030731201171875,zstd_19,4.4701449474489365,1.0,0.0,34,262144
results/phase3_interleaved/interleaved_256kb_oracle.adc,data/ml_data/phase3_interleaved_ml_artifact_512mb.bin,chunk_oracle_best_size,262144,1147,300679168,262144,104,0.000396728515625,zstd_19,0.0066727787465866726,0.000324249267578125,0.99957275390625,14,262144
results/phase3_interleaved/interleaved_256kb_oracle.adc,data/ml_data/phase3_interleaved_ml_artifact_512mb.bin,chunk_oracle_best_size,262144,1148,300941312,262144,1872,0.00714111328125,lzma_6,4.774589894116198,1.0,0.0,46,262144
results/phase3_interleaved/interleaved_256kb_oracle.adc,data/ml_data/phase3_interleaved_ml_artifact_512mb.bin,chunk_oracle_best_size,262144,1149,301203456,262144,104,0.000396728515625,zstd_19,0.0066727787465866726,0.000324249267578125,0.99957275390625,14,262144
results/phase3_interleaved/interleaved_256kb_oracle.adc,data/ml_data/phase3_interleaved_ml_artifact_512mb.bin,chunk_oracle_best_size,262144,1150,301465600,262144,180048,0.68682861328125,lzma_6,7.297876660208092,0.47229766845703125,0.002956390380859375,256,262144
results/phase3_interleaved/interleaved_256kb_oracle.adc,data/ml_data/phase3_interleaved_ml_artifact_512mb.bin,chunk_oracle_best_size,262144,1151,301727744,262144,80,0.00030517578125,zstd_10,1.8779894615960075,0.03131103515625,0.76043701171875,24,262144
results/phase3_interleaved/interleaved_256kb_oracle.adc,data/ml_data/phase3_interleaved_ml_artifact_512mb.bin,chunk_oracle_best_size,262144,1152,301989888,262144,8344,0.031829833984375,zstd_19,4.467750150412979,1.0,0.0,34,262144
results/phase3_interleaved/interleaved_256kb_oracle.adc,data/ml_data/phase3_interleaved_ml_artifact_512mb.bin,chunk_oracle_best_size,262144,1153,302252032,262144,262144,1.0,store,7.999384100661921,0.3824424743652344,0.0037841796875,256,262144
results/phase3_interleaved/interleaved_256kb_oracle.adc,data/ml_data/phase3_interleaved_ml_artifact_512mb.bin,chunk_oracle_best_size,262144,1154,302514176,262144,101,0.000385284423828125,zstd_19,0.0066727787465866726,0.000324249267578125,0.99957275390625,14,262144
results/phase3_interleaved/interleaved_256kb_oracle.adc,data/ml_data/phase3_interleaved_ml_artifact_512mb.bin,chunk_oracle_best_size,262144,1155,302776320,262144,278,0.00106048583984375,zstd_3,4.241897826179603,0.2640419006347656,0.22894668579101562,112,262144
results/phase3_interleaved/interleaved_256kb_oracle.adc,data/ml_data/phase3_interleaved_ml_artifact_512mb.bin,chunk_oracle_best_size,262144,1156,303038464,262144,1872,0.00714111328125,lzma_6,4.774306561244038,1.0,0.0,46,262144
results/phase3_interleaved/interleaved_256kb_oracle.adc,data/ml_data/phase3_interleaved_ml_artifact_512mb.bin,chunk_oracle_best_size,262144,1157,303300608,262144,183696,0.70074462890625,lzma_6,7.278434003326634,0.4411048889160156,0.003673553466796875,256,262144
results/phase3_interleaved/interleaved_256kb_oracle.adc,data/ml_data/phase3_interleaved_ml_artifact_512mb.bin,chunk_oracle_best_size,262144,1158,303562752,262144,70,0.00026702880859375,zstd_10,1.7534509016363693,0.0416259765625,0.763916015625,18,262144
results/phase3_interleaved/interleaved_256kb_oracle.adc,data/ml_data/phase3_interleaved_ml_artifact_512mb.bin,chunk_oracle_best_size,262144,1159,303824896,262144,262144,1.0,store,7.999235901230792,0.3837089538574219,0.003917694091796875,256,262144
results/phase3_interleaved/interleaved_256kb_oracle.adc,data/ml_data/phase3_interleaved_ml_artifact_512mb.bin,chunk_oracle_best_size,262144,1160,304087040,262144,8704,0.033203125,lzma_6,4.4726549791866255,1.0,0.0,34,262144
results/phase3_interleaved/interleaved_256kb_oracle.adc,data/ml_data/phase3_interleaved_ml_artifact_512mb.bin,chunk_oracle_best_size,262144,1161,304349184,262144,101,0.000385284423828125,zstd_19,0.0066727787465866726,0.000324249267578125,0.99957275390625,14,262144
results/phase3_interleaved/interleaved_256kb_oracle.adc,data/ml_data/phase3_interleaved_ml_artifact_512mb.bin,chunk_oracle_best_size,262144,1162,304611328,262144,1872,0.00714111328125,lzma_6,4.771407781002762,1.0,0.0,46,262144
results/phase3_interleaved/interleaved_256kb_oracle.adc,data/ml_data/phase3_interleaved_ml_artifact_512mb.bin,chunk_oracle_best_size,262144,1163,304873472,262144,101,0.000385284423828125,zstd_19,0.0066727787465866726,0.000324249267578125,0.99957275390625,14,262144
results/phase3_interleaved/interleaved_256kb_oracle.adc,data/ml_data/phase3_interleaved_ml_artifact_512mb.bin,chunk_oracle_best_size,262144,1164,305135616,262144,181164,0.6910858154296875,lzma_6,7.290252968348794,0.4517059326171875,0.00270843505859375,256,262144
results/phase3_interleaved/interleaved_256kb_oracle.adc,data/ml_data/phase3_interleaved_ml_artifact_512mb.bin,chunk_oracle_best_size,262144,1165,305397760,262144,81,0.000308990478515625,zstd_10,1.8953693672656133,0.030029296875,0.760009765625,25,262144
results/phase3_interleaved/interleaved_256kb_oracle.adc,data/ml_data/phase3_interleaved_ml_artifact_512mb.bin,chunk_oracle_best_size,262144,1166,305659904,262144,8636,0.0329437255859375,lzma_6,4.461648260873669,1.0,0.0,34,262144
results/phase3_interleaved/interleaved_256kb_oracle.adc,data/ml_data/phase3_interleaved_ml_artifact_512mb.bin,chunk_oracle_best_size,262144,1167,305922048,262144,262144,1.0,store,7.99939208309422,0.3829765319824219,0.00390625,256,262144
results/phase3_interleaved/interleaved_256kb_oracle.adc,data/ml_data/phase3_interleaved_ml_artifact_512mb.bin,chunk_oracle_best_size,262144,1168,306184192,262144,101,0.000385284423828125,zstd_19,0.0066727787465866726,0.000324249267578125,0.99957275390625,14,262144
results/phase3_interleaved/interleaved_256kb_oracle.adc,data/ml_data/phase3_interleaved_ml_artifact_512mb.bin,chunk_oracle_best_size,262144,1169,306446336,262144,278,0.00106048583984375,zstd_3,4.247387561752186,0.2684288024902344,0.22806930541992188,113,262144
results/phase3_interleaved/interleaved_256kb_oracle.adc,data/ml_data/phase3_interleaved_ml_artifact_512mb.bin,chunk_oracle_best_size,262144,1170,306708480,262144,1872,0.00714111328125,lzma_6,4.770792324353276,1.0,0.0,46,262144
results/phase3_interleaved/interleaved_256kb_oracle.adc,data/ml_data/phase3_interleaved_ml_artifact_512mb.bin,chunk_oracle_best_size,262144,1171,306970624,262144,185320,0.706939697265625,lzma_6,7.314415371318415,0.45621490478515625,0.00241851806640625,256,262144
results/phase3_interleaved/interleaved_256kb_oracle.adc,data/ml_data/phase3_interleaved_ml_artifact_512mb.bin,chunk_oracle_best_size,262144,1172,307232768,262144,71,0.000270843505859375,zstd_10,1.7772116148855726,0.03948974609375,0.76318359375,19,262144
results/phase3_interleaved/interleaved_256kb_oracle.adc,data/ml_data/phase3_interleaved_ml_artifact_512mb.bin,chunk_oracle_best_size,262144,1173,307494912,262144,262144,1.0,store,7.999372424889769,0.38134765625,0.003780364990234375,256,262144
results/phase3_interleaved/interleaved_256kb_oracle.adc,data/ml_data/phase3_interleaved_ml_artifact_512mb.bin,chunk_oracle_best_size,262144,1174,307757056,262144,8382,0.03197479248046875,zstd_19,4.470176195701266,1.0,0.0,34,262144
results/phase3_interleaved/interleaved_256kb_oracle.adc,data/ml_data/phase3_interleaved_ml_artifact_512mb.bin,chunk_oracle_best_size,262144,1175,308019200,262144,101,0.000385284423828125,zstd_19,0.0066727787465866726,0.000324249267578125,0.99957275390625,14,262144
results/phase3_interleaved/interleaved_256kb_oracle.adc,data/ml_data/phase3_interleaved_ml_artifact_512mb.bin,chunk_oracle_best_size,262144,1176,308281344,262144,1872,0.00714111328125,lzma_6,4.774421311645315,1.0,0.0,46,262144
results/phase3_interleaved/interleaved_256kb_oracle.adc,data/ml_data/phase3_interleaved_ml_artifact_512mb.bin,chunk_oracle_best_size,262144,1177,308543488,262144,101,0.000385284423828125,zstd_19,0.0066727787465866726,0.000324249267578125,0.99957275390625,14,262144
results/phase3_interleaved/interleaved_256kb_oracle.adc,data/ml_data/phase3_interleaved_ml_artifact_512mb.bin,chunk_oracle_best_size,262144,1178,308805632,262144,183364,0.6994781494140625,lzma_6,7.317506370226088,0.43485260009765625,0.0042266845703125,256,262144
results/phase3_interleaved/interleaved_256kb_oracle.adc,data/ml_data/phase3_interleaved_ml_artifact_512mb.bin,chunk_oracle_best_size,262144,1179,309067776,262144,82,0.00031280517578125,zstd_10,1.91181155523121,0.0289306640625,0.7596435546875,26,262144
results/phase3_interleaved/interleaved_256kb_oracle.adc,data/ml_data/phase3_interleaved_ml_artifact_512mb.bin,chunk_oracle_best_size,262144,1180,309329920,262144,8234,0.03141021728515625,zstd_19,4.472645641288887,1.0,0.0,34,262144
results/phase3_interleaved/interleaved_256kb_oracle.adc,data/ml_data/phase3_interleaved_ml_artifact_512mb.bin,chunk_oracle_best_size,262144,1181,309592064,262144,262144,1.0,store,7.99930817678833,0.3826789855957031,0.0037994384765625,256,262144
results/phase3_interleaved/interleaved_256kb_oracle.adc,data/ml_data/phase3_interleaved_ml_artifact_512mb.bin,chunk_oracle_best_size,262144,1182,309854208,262144,101,0.000385284423828125,zstd_19,0.0066727787465866726,0.000324249267578125,0.99957275390625,14,262144
results/phase3_interleaved/interleaved_256kb_oracle.adc,data/ml_data/phase3_interleaved_ml_artifact_512mb.bin,chunk_oracle_best_size,262144,1183,310116352,262144,278,0.00106048583984375,zstd_3,4.261179293389187,0.2684288024902344,0.22806930541992188,114,262144
results/phase3_interleaved/interleaved_256kb_oracle.adc,data/ml_data/phase3_interleaved_ml_artifact_512mb.bin,chunk_oracle_best_size,262144,1184,310378496,262144,1872,0.00714111328125,lzma_6,4.774589894116198,1.0,0.0,46,262144
results/phase3_interleaved/interleaved_256kb_oracle.adc,data/ml_data/phase3_interleaved_ml_artifact_512mb.bin,chunk_oracle_best_size,262144,1185,310640640,262144,179064,0.683074951171875,lzma_6,7.218536757575314,0.4506340026855469,0.0026397705078125,256,262144
results/phase3_interleaved/interleaved_256kb_oracle.adc,data/ml_data/phase3_interleaved_ml_artifact_512mb.bin,chunk_oracle_best_size,262144,1186,310902784,262144,74,0.00028228759765625,zstd_10,1.7996677981511775,0.03753662109375,0.76251220703125,20,262144
results/phase3_interleaved/interleaved_256kb_oracle.adc,data/ml_data/phase3_interleaved_ml_artifact_512mb.bin,chunk_oracle_best_size,262144,1187,311164928,262144,262144,1.0,store,7.999286495291767,0.3822441101074219,0.00391387939453125,256,262144
results/phase3_interleaved/interleaved_256kb_oracle.adc,data/ml_data/phase3_interleaved_ml_artifact_512mb.bin,chunk_oracle_best_size,262144,1188,311427072,262144,8344,0.031829833984375,zstd_19,4.461669241696633,1.0,0.0,34,262144
results/phase3_interleaved/interleaved_256kb_oracle.adc,data/ml_data/phase3_interleaved_ml_artifact_512mb.bin,chunk_oracle_best_size,262144,1189,311689216,262144,101,0.000385284423828125,zstd_19,0.0066727787465866726,0.000324249267578125,0.99957275390625,14,262144
results/phase3_interleaved/interleaved_256kb_oracle.adc,data/ml_data/phase3_interleaved_ml_artifact_512mb.bin,chunk_oracle_best_size,262144,1190,311951360,262144,1872,0.00714111328125,lzma_6,4.766392252635192,1.0,0.0,46,262144
results/phase3_interleaved/interleaved_256kb_oracle.adc,data/ml_data/phase3_interleaved_ml_artifact_512mb.bin,chunk_oracle_best_size,262144,1191,312213504,262144,101,0.000385284423828125,zstd_19,0.0066727787465866726,0.000324249267578125,0.99957275390625,14,262144
results/phase3_interleaved/interleaved_256kb_oracle.adc,data/ml_data/phase3_interleaved_ml_artifact_512mb.bin,chunk_oracle_best_size,262144,1192,312475648,262144,184416,0.7034912109375,lzma_6,7.325264783290119,0.41117095947265625,0.0028533935546875,256,262144
results/phase3_interleaved/interleaved_256kb_oracle.adc,data/ml_data/phase3_interleaved_ml_artifact_512mb.bin,chunk_oracle_best_size,262144,1193,312737792,262144,83,0.000316619873046875,zstd_10,1.9277406931939804,0.02783203125,0.75927734375,27,262144
results/phase3_interleaved/interleaved_256kb_oracle.adc,data/ml_data/phase3_interleaved_ml_artifact_512mb.bin,chunk_oracle_best_size,262144,1194,312999936,262144,8431,0.032161712646484375,zstd_19,4.470192979810221,1.0,0.0,34,262144
results/phase3_interleaved/interleaved_256kb_oracle.adc,data/ml_data/phase3_interleaved_ml_artifact_512mb.bin,chunk_oracle_best_size,262144,1195,313262080,262144,262144,1.0,store,7.999329543766287,0.3836479187011719,0.003963470458984375,256,262144
results/phase3_interleaved/interleaved_256kb_oracle.adc,data/ml_data/phase3_interleaved_ml_artifact_512mb.bin,chunk_oracle_best_size,262144,1196,313524224,262144,101,0.000385284423828125,zstd_19,0.0066727787465866726,0.000324249267578125,0.99957275390625,14,262144
results/phase3_interleaved/interleaved_256kb_oracle.adc,data/ml_data/phase3_interleaved_ml_artifact_512mb.bin,chunk_oracle_best_size,262144,1197,313786368,262144,278,0.00106048583984375,zstd_3,4.257799503216601,0.2684288024902344,0.22806930541992188,115,262144
results/phase3_interleaved/interleaved_256kb_oracle.adc,data/ml_data/phase3_interleaved_ml_artifact_512mb.bin,chunk_oracle_best_size,262144,1198,314048512,262144,1872,0.00714111328125,lzma_6,4.7749661601907825,1.0,0.0,46,262144
results/phase3_interleaved/interleaved_256kb_oracle.adc,data/ml_data/phase3_interleaved_ml_artifact_512mb.bin,chunk_oracle_best_size,262144,1199,314310656,262144,184840,0.705108642578125,lzma_6,7.303727324876607,0.4387359619140625,0.00249481201171875,256,262144
results/phase3_interleaved/interleaved_256kb_oracle.adc,data/ml_data/phase3_interleaved_ml_artifact_512mb.bin,chunk_oracle_best_size,262144,1200,314572800,262144,75,0.000286102294921875,zstd_10,1.8205400655918629,0.03570556640625,0.761962890625,21,262144
results/phase3_interleaved/interleaved_256kb_oracle.adc,data/ml_data/phase3_interleaved_ml_artifact_512mb.bin,chunk_oracle_best_size,262144,1201,314834944,262144,262144,1.0,store,7.999332171918439,0.381622314453125,0.0038299560546875,256,262144
results/phase3_interleaved/interleaved_256kb_oracle.adc,data/ml_data/phase3_interleaved_ml_artifact_512mb.bin,chunk_oracle_best_size,262144,1202,315097088,262144,8509,0.032459259033203125,zstd_19,4.470286193401755,1.0,0.0,34,262144
results/phase3_interleaved/interleaved_256kb_oracle.adc,data/ml_data/phase3_interleaved_ml_artifact_512mb.bin,chunk_oracle_best_size,262144,1203,315359232,262144,101,0.000385284423828125,zstd_19,0.0066727787465866726,0.000324249267578125,0.99957275390625,14,262144
results/phase3_interleaved/interleaved_256kb_oracle.adc,data/ml_data/phase3_interleaved_ml_artifact_512mb.bin,chunk_oracle_best_size,262144,1204,315621376,262144,1872,0.00714111328125,lzma_6,4.767778793710722,1.0,0.0,46,262144
results/phase3_interleaved/interleaved_256kb_oracle.adc,data/ml_data/phase3_interleaved_ml_artifact_512mb.bin,chunk_oracle_best_size,262144,1205,315883520,262144,101,0.000385284423828125,zstd_19,0.0066727787465866726,0.000324249267578125,0.99957275390625,14,262144
results/phase3_interleaved/interleaved_256kb_oracle.adc,data/ml_data/phase3_interleaved_ml_artifact_512mb.bin,chunk_oracle_best_size,262144,1206,316145664,262144,183580,0.7003021240234375,lzma_6,7.289143475544739,0.41585540771484375,0.0034332275390625,256,262144
results/phase3_interleaved/interleaved_256kb_oracle.adc,data/ml_data/phase3_interleaved_ml_artifact_512mb.bin,chunk_oracle_best_size,262144,1207,316407808,262144,85,0.000324249267578125,zstd_10,1.9428040212458586,0.0267333984375,0.75897216796875,28,262144
results/phase3_interleaved/interleaved_256kb_oracle.adc,data/ml_data/phase3_interleaved_ml_artifact_512mb.bin,chunk_oracle_best_size,262144,1208,316669952,262144,8236,0.0314178466796875,zstd_10,4.4816711642614955,1.0,0.0,34,262144
results/phase3_interleaved/interleaved_256kb_oracle.adc,data/ml_data/phase3_interleaved_ml_artifact_512mb.bin,chunk_oracle_best_size,262144,1209,316932096,262144,262144,1.0,store,7.999204881062919,0.3830986022949219,0.0036468505859375,256,262144
results/phase3_interleaved/interleaved_256kb_oracle.adc,data/ml_data/phase3_interleaved_ml_artifact_512mb.bin,chunk_oracle_best_size,262144,1210,317194240,262144,101,0.000385284423828125,zstd_19,0.0066727787465866726,0.000324249267578125,0.99957275390625,14,262144
results/phase3_interleaved/interleaved_256kb_oracle.adc,data/ml_data/phase3_interleaved_ml_artifact_512mb.bin,chunk_oracle_best_size,262144,1211,317456384,262144,277,0.001056671142578125,zstd_3,4.244688054889898,0.2598724365234375,0.2282867431640625,112,262144
results/phase3_interleaved/interleaved_256kb_oracle.adc,data/ml_data/phase3_interleaved_ml_artifact_512mb.bin,chunk_oracle_best_size,262144,1212,317718528,262144,1872,0.00714111328125,lzma_6,4.771361304216892,1.0,0.0,46,262144
results/phase3_interleaved/interleaved_256kb_oracle.adc,data/ml_data/phase3_interleaved_ml_artifact_512mb.bin,chunk_oracle_best_size,262144,1213,317980672,262144,185688,0.708343505859375,lzma_6,7.278118956361773,0.4180946350097656,0.002910614013671875,256,262144
results/phase3_interleaved/interleaved_256kb_oracle.adc,data/ml_data/phase3_interleaved_ml_artifact_512mb.bin,chunk_oracle_best_size,262144,1214,318242816,262144,77,0.000293731689453125,zstd_10,1.8406283492670494,0.0340576171875,0.76141357421875,22,262144
results/phase3_interleaved/interleaved_256kb_oracle.adc,data/ml_data/phase3_interleaved_ml_artifact_512mb.bin,chunk_oracle_best_size,262144,1215,318504960,262144,262144,1.0,store,7.999252337289373,0.38181304931640625,0.00389862060546875,256,262144
results/phase3_interleaved/interleaved_256kb_oracle.adc,data/ml_data/phase3_interleaved_ml_artifact_512mb.bin,chunk_oracle_best_size,262144,1216,318767104,262144,8183,0.031215667724609375,zstd_19,4.467796938223183,1.0,0.0,34,262144
results/phase3_interleaved/interleaved_256kb_oracle.adc,data/ml_data/phase3_interleaved_ml_artifact_512mb.bin,chunk_oracle_best_size,262144,1217,319029248,262144,104,0.000396728515625,zstd_19,0.0066727787465866726,0.000324249267578125,0.99957275390625,14,262144
results/phase3_interleaved/interleaved_256kb_oracle.adc,data/ml_data/phase3_interleaved_ml_artifact_512mb.bin,chunk_oracle_best_size,262144,1218,319291392,262144,1872,0.00714111328125,lzma_6,4.776352701266313,1.0,0.0,46,262144
results/phase3_interleaved/interleaved_256kb_oracle.adc,data/ml_data/phase3_interleaved_ml_artifact_512mb.bin,chunk_oracle_best_size,262144,1219,319553536,262144,104,0.000396728515625,zstd_19,0.0066727787465866726,0.000324249267578125,0.99957275390625,14,262144
results/phase3_interleaved/interleaved_256kb_oracle.adc,data/ml_data/phase3_interleaved_ml_artifact_512mb.bin,chunk_oracle_best_size,262144,1220,319815680,262144,188068,0.7174224853515625,lzma_6,7.343201155828877,0.4291534423828125,0.003223419189453125,256,262144
results/phase3_interleaved/interleaved_256kb_oracle.adc,data/ml_data/phase3_interleaved_ml_artifact_512mb.bin,chunk_oracle_best_size,262144,1221,320077824,262144,85,0.000324249267578125,zstd_10,1.9574219614934496,0.02581787109375,0.7586669921875,29,262144
results/phase3_interleaved/interleaved_256kb_oracle.adc,data/ml_data/phase3_interleaved_ml_artifact_512mb.bin,chunk_oracle_best_size,262144,1222,320339968,262144,8321,0.031742095947265625,zstd_19,4.4525844638014265,1.0,0.0,34,262144
results/phase3_interleaved/interleaved_256kb_oracle.adc,data/ml_data/phase3_interleaved_ml_artifact_512mb.bin,chunk_oracle_best_size,262144,1223,320602112,262144,262144,1.0,store,7.999231336272505,0.3825035095214844,0.003627777099609375,256,262144
results/phase3_interleaved/interleaved_256kb_oracle.adc,data/ml_data/phase3_interleaved_ml_artifact_512mb.bin,chunk_oracle_best_size,262144,1224,320864256,262144,104,0.000396728515625,zstd_19,0.0066727787465866726,0.000324249267578125,0.99957275390625,14,262144
results/phase3_interleaved/interleaved_256kb_oracle.adc,data/ml_data/phase3_interleaved_ml_artifact_512mb.bin,chunk_oracle_best_size,262144,1225,321126400,262144,278,0.00106048583984375,zstd_3,4.264026488395995,0.2684288024902344,0.22806930541992188,117,262144
results/phase3_interleaved/interleaved_256kb_oracle.adc,data/ml_data/phase3_interleaved_ml_artifact_512mb.bin,chunk_oracle_best_size,262144,1226,321388544,262144,1872,0.00714111328125,lzma_6,4.771406067839376,1.0,0.0,46,262144
results/phase3_interleaved/interleaved_256kb_oracle.adc,data/ml_data/phase3_interleaved_ml_artifact_512mb.bin,chunk_oracle_best_size,262144,1227,321650688,262144,180132,0.6871490478515625,lzma_6,7.262962404951,0.4651603698730469,0.00432586669921875,256,262144
results/phase3_interleaved/interleaved_256kb_oracle.adc,data/ml_data/phase3_interleaved_ml_artifact_512mb.bin,chunk_oracle_best_size,262144,1228,321912832,262144,78,0.00029754638671875,zstd_10,1.8596352327448284,0.0325927734375,0.76092529296875,23,262144
results/phase3_interleaved/interleaved_256kb_oracle.adc,data/ml_data/phase3_interleaved_ml_artifact_512mb.bin,chunk_oracle_best_size,262144,1229,322174976,262144,262144,1.0,store,7.99922026439475,0.38300323486328125,0.003753662109375,256,262144
results/phase3_interleaved/interleaved_256kb_oracle.adc,data/ml_data/phase3_interleaved_ml_artifact_512mb.bin,chunk_oracle_best_size,262144,1230,322437120,262144,7720,0.029449462890625,lzma_6,4.480626021252817,1.0,0.0,34,262144
results/phase3_interleaved/interleaved_256kb_oracle.adc,data/ml_data/phase3_interleaved_ml_artifact_512mb.bin,chunk_oracle_best_size,262144,1231,322699264,262144,104,0.000396728515625,zstd_19,0.0066727787465866726,0.000324249267578125,0.99957275390625,14,262144
results/phase3_interleaved/interleaved_256kb_oracle.adc,data/ml_data/phase3_interleaved_ml_artifact_512mb.bin,chunk_oracle_best_size,262144,1232,322961408,262144,1872,0.00714111328125,lzma_6,4.771359591053506,1.0,0.0,46,262144
results/phase3_interleaved/interleaved_256kb_oracle.adc,data/ml_data/phase3_interleaved_ml_artifact_512mb.bin,chunk_oracle_best_size,262144,1233,323223552,262144,104,0.000396728515625,zstd_19,0.0066727787465866726,0.000324249267578125,0.99957275390625,14,262144
results/phase3_interleaved/interleaved_256kb_oracle.adc,data/ml_data/phase3_interleaved_ml_artifact_512mb.bin,chunk_oracle_best_size,262144,1234,323485696,262144,181348,0.6917877197265625,lzma_6,7.253903171211826,0.4496116638183594,0.002269744873046875,256,262144
results/phase3_interleaved/interleaved_256kb_oracle.adc,data/ml_data/phase3_interleaved_ml_artifact_512mb.bin,chunk_oracle_best_size,262144,1235,323747840,262144,67,0.000255584716796875,zstd_10,1.728282418908997,0.04412841796875,0.76470947265625,17,262144
results/phase3_interleaved/interleaved_256kb_oracle.adc,data/ml_data/phase3_interleaved_ml_artifact_512mb.bin,chunk_oracle_best_size,262144,1236,324009984,262144,8050,0.03070831298828125,zstd_19,4.47918916523561,1.0,0.0,34,262144
results/phase3_interleaved/interleaved_256kb_oracle.adc,data/ml_data/phase3_interleaved_ml_artifact_512mb.bin,chunk_oracle_best_size,262144,1237,324272128,262144,262144,1.0,store,7.999260996401335,0.3828620910644531,0.003993988037109375,256,262144
results/phase3_interleaved/interleaved_256kb_oracle.adc,data/ml_data/phase3_interleaved_ml_artifact_512mb.bin,chunk_oracle_best_size,262144,1238,324534272,262144,104,0.000396728515625,zstd_19,0.0066727787465866726,0.000324249267578125,0.99957275390625,14,262144
results/phase3_interleaved/interleaved_256kb_oracle.adc,data/ml_data/phase3_interleaved_ml_artifact_512mb.bin,chunk_oracle_best_size,262144,1239,324796416,262144,278,0.00106048583984375,zstd_3,4.258670192721464,0.2622871398925781,0.22806930541992188,118,262144
results/phase3_interleaved/interleaved_256kb_oracle.adc,data/ml_data/phase3_interleaved_ml_artifact_512mb.bin,chunk_oracle_best_size,262144,1240,325058560,262144,1872,0.00714111328125,lzma_6,4.767778793710722,1.0,0.0,46,262144
results/phase3_interleaved/interleaved_256kb_oracle.adc,data/ml_data/phase3_interleaved_ml_artifact_512mb.bin,chunk_oracle_best_size,262144,1241,325320704,262144,184656,0.70440673828125,lzma_6,7.316712917058129,0.4687614440917969,0.003040313720703125,256,262144
results/phase3_interleaved/interleaved_256kb_oracle.adc,data/ml_data/phase3_interleaved_ml_artifact_512mb.bin,chunk_oracle_best_size,262144,1242,325582848,262144,80,0.00030517578125,zstd_10,1.8779894615960075,0.03131103515625,0.76043701171875,24,262144
results/phase3_interleaved/interleaved_256kb_oracle.adc,data/ml_data/phase3_interleaved_ml_artifact_512mb.bin,chunk_oracle_best_size,262144,1243,325844992,262144,262144,1.0,store,7.999236190779209,0.3829612731933594,0.00405120849609375,256,262144
results/phase3_interleaved/interleaved_256kb_oracle.adc,data/ml_data/phase3_interleaved_ml_artifact_512mb.bin,chunk_oracle_best_size,262144,1244,326107136,262144,8236,0.0314178466796875,zstd_10,4.469097601611765,1.0,0.0,34,262144
results/phase3_interleaved/interleaved_256kb_oracle.adc,data/ml_data/phase3_interleaved_ml_artifact_512mb.bin,chunk_oracle_best_size,262144,1245,326369280,262144,104,0.000396728515625,zstd_19,0.0066727787465866726,0.000324249267578125,0.99957275390625,14,262144
results/phase3_interleaved/interleaved_256kb_oracle.adc,data/ml_data/phase3_interleaved_ml_artifact_512mb.bin,chunk_oracle_best_size,262144,1246,326631424,262144,1872,0.00714111328125,lzma_6,4.77140778100276,1.0,0.0,46,262144
results/phase3_interleaved/interleaved_256kb_oracle.adc,data/ml_data/phase3_interleaved_ml_artifact_512mb.bin,chunk_oracle_best_size,262144,1247,326893568,262144,104,0.000396728515625,zstd_19,0.0066727787465866726,0.000324249267578125,0.99957275390625,14,262144
results/phase3_interleaved/interleaved_256kb_oracle.adc,data/ml_data/phase3_interleaved_ml_artifact_512mb.bin,chunk_oracle_best_size,262144,1248,327155712,262144,184340,0.7032012939453125,lzma_6,7.2966527307920765,0.4307403564453125,0.003536224365234375,256,262144
results/phase3_interleaved/interleaved_256kb_oracle.adc,data/ml_data/phase3_interleaved_ml_artifact_512mb.bin,chunk_oracle_best_size,262144,1249,327417856,262144,70,0.00026702880859375,zstd_10,1.7534509016363693,0.0416259765625,0.763916015625,18,262144
results/phase3_interleaved/interleaved_256kb_oracle.adc,data/ml_data/phase3_interleaved_ml_artifact_512mb.bin,chunk_oracle_best_size,262144,1250,327680000,262144,8644,0.0329742431640625,lzma_6,4.481671015760773,1.0,0.0,34,262144
results/phase3_interleaved/interleaved_256kb_oracle.adc,data/ml_data/phase3_interleaved_ml_artifact_512mb.bin,chunk_oracle_best_size,262144,1251,327942144,262144,262144,1.0,store,7.9992589977259145,0.3812370300292969,0.003673553466796875,256,262144
results/phase3_interleaved/interleaved_256kb_oracle.adc,data/ml_data/phase3_interleaved_ml_artifact_512mb.bin,chunk_oracle_best_size,262144,1252,328204288,262144,104,0.000396728515625,zstd_19,0.0066727787465866726,0.000324249267578125,0.99957275390625,14,262144
results/phase3_interleaved/interleaved_256kb_oracle.adc,data/ml_data/phase3_interleaved_ml_artifact_512mb.bin,chunk_oracle_best_size,262144,1253,328466432,262144,278,0.00106048583984375,zstd_3,4.258895367049179,0.2631645202636719,0.22806930541992188,116,262144
results/phase3_interleaved/interleaved_256kb_oracle.adc,data/ml_data/phase3_interleaved_ml_artifact_512mb.bin,chunk_oracle_best_size,262144,1254,328728576,262144,1872,0.00714111328125,lzma_6,4.776024604771669,1.0,0.0,46,262144
results/phase3_interleaved/interleaved_256kb_oracle.adc,data/ml_data/phase3_interleaved_ml_artifact_512mb.bin,chunk_oracle_best_size,262144,1255,328990720,262144,184832,0.705078125,lzma_6,7.335750633790841,0.4369659423828125,0.002391815185546875,256,262144
results/phase3_interleaved/interleaved_256kb_oracle.adc,data/ml_data/phase3_interleaved_ml_artifact_512mb.bin,chunk_oracle_best_size,262144,1256,329252864,262144,81,0.000308990478515625,zstd_10,1.8953693672656133,0.030029296875,0.760009765625,25,262144
results/phase3_interleaved/interleaved_256kb_oracle.adc,data/ml_data/phase3_interleaved_ml_artifact_512mb.bin,chunk_oracle_best_size,262144,1257,329515008,262144,262144,1.0,store,7.99936548782404,0.3840904235839844,0.00389862060546875,256,262144
results/phase3_interleaved/interleaved_256kb_oracle.adc,data/ml_data/phase3_interleaved_ml_artifact_512mb.bin,chunk_oracle_best_size,262144,1258,329777152,262144,8193,0.031253814697265625,zstd_19,4.480239313036772,1.0,0.0,34,262144
results/phase3_interleaved/interleaved_256kb_oracle.adc,data/ml_data/phase3_interleaved_ml_artifact_512mb.bin,chunk_oracle_best_size,262144,1259,330039296,262144,104,0.000396728515625,zstd_19,0.0066727787465866726,0.000324249267578125,0.99957275390625,14,262144
results/phase3_interleaved/interleaved_256kb_oracle.adc,data/ml_data/phase3_interleaved_ml_artifact_512mb.bin,chunk_oracle_best_size,262144,1260,330301440,262144,1872,0.00714111328125,lzma_6,4.767823557333205,1.0,0.0,46,262144
results/phase3_interleaved/interleaved_256kb_oracle.adc,data/ml_data/phase3_interleaved_ml_artifact_512mb.bin,chunk_oracle_best_size,262144,1261,330563584,262144,104,0.000396728515625,zstd_19,0.0066727787465866726,0.000324249267578125,0.99957275390625,14,262144
results/phase3_interleaved/interleaved_256kb_oracle.adc,data/ml_data/phase3_interleaved_ml_artifact_512mb.bin,chunk_oracle_best_size,262144,1262,330825728,262144,183476,0.6999053955078125,lzma_6,7.273265852129988,0.45433807373046875,0.00394439697265625,256,262144
results/phase3_interleaved/interleaved_256kb_oracle.adc,data/ml_data/phase3_interleaved_ml_artifact_512mb.bin,chunk_oracle_best_size,262144,1263,331087872,262144,71,0.000270843505859375,zstd_10,1.7772116148855726,0.03948974609375,0.76318359375,19,262144
results/phase3_interleaved/interleaved_256kb_oracle.adc,data/ml_data/phase3_interleaved_ml_artifact_512mb.bin,chunk_oracle_best_size,262144,1264,331350016,262144,8386,0.03199005126953125,zstd_19,4.479220413487939,1.0,0.0,34,262144
results/phase3_interleaved/interleaved_256kb_oracle.adc,data/ml_data/phase3_interleaved_ml_artifact_512mb.bin,chunk_oracle_best_size,262144,1265,331612160,262144,262144,1.0,store,7.999269691282176,0.38245391845703125,0.0040130615234375,256,262144
results/phase3_interleaved/interleaved_256kb_oracle.adc,data/ml_data/phase3_interleaved_ml_artifact_512mb.bin,chunk_oracle_best_size,262144,1266,331874304,262144,104,0.000396728515625,zstd_19,0.0066727787465866726,0.000324249267578125,0.99957275390625,14,262144
results/phase3_interleaved/interleaved_256kb_oracle.adc,data/ml_data/phase3_interleaved_ml_artifact_512mb.bin,chunk_oracle_best_size,262144,1267,332136448,262144,278,0.00106048583984375,zstd_3,4.263144653610721,0.2631645202636719,0.22806930541992188,118,262144
results/phase3_interleaved/interleaved_256kb_oracle.adc,data/ml_data/phase3_interleaved_ml_artifact_512mb.bin,chunk_oracle_best_size,262144,1268,332398592,262144,1872,0.00714111328125,lzma_6,4.776397464888796,1.0,0.0,46,262144
results/phase3_interleaved/interleaved_256kb_oracle.adc,data/ml_data/phase3_interleaved_ml_artifact_512mb.bin,chunk_oracle_best_size,262144,1269,332660736,262144,185676,0.7082977294921875,lzma_6,7.293799239863538,0.4899635314941406,0.00205230712890625,256,262144
results/phase3_interleaved/interleaved_256kb_oracle.adc,data/ml_data/phase3_interleaved_ml_artifact_512mb.bin,chunk_oracle_best_size,262144,1270,332922880,262144,82,0.00031280517578125,zstd_10,1.91181155523121,0.0289306640625,0.7596435546875,26,262144
results/phase3_interleaved/interleaved_256kb_oracle.adc,data/ml_data/phase3_interleaved_ml_artifact_512mb.bin,chunk_oracle_best_size,262144,1271,333185024,262144,262144,1.0,store,7.999332910309881,0.3833122253417969,0.003757476806640625,256,262144
results/phase3_interleaved/interleaved_256kb_oracle.adc,data/ml_data/phase3_interleaved_ml_artifact_512mb.bin,chunk_oracle_best_size,262144,1272,333447168,262144,8053,0.030719757080078125,zstd_19,4.468906202035425,1.0,0.0,34,262144
results/phase3_interleaved/interleaved_256kb_oracle.adc,data/ml_data/phase3_interleaved_ml_artifact_512mb.bin,chunk_oracle_best_size,262144,1273,333709312,262144,104,0.000396728515625,zstd_19,0.0066727787465866726,0.000324249267578125,0.99957275390625,14,262144
results/phase3_interleaved/interleaved_256kb_oracle.adc,data/ml_data/phase3_interleaved_ml_artifact_512mb.bin,chunk_oracle_best_size,262144,1274,333971456,262144,1872,0.00714111328125,lzma_6,4.776139355172946,1.0,0.0,46,262144
results/phase3_interleaved/interleaved_256kb_oracle.adc,data/ml_data/phase3_interleaved_ml_artifact_512mb.bin,chunk_oracle_best_size,262144,1275,334233600,262144,104,0.000396728515625,zstd_19,0.0066727787465866726,0.000324249267578125,0.99957275390625,14,262144
results/phase3_interleaved/interleaved_256kb_oracle.adc,data/ml_data/phase3_interleaved_ml_artifact_512mb.bin,chunk_oracle_best_size,262144,1276,334495744,262144,184432,0.70355224609375,lzma_6,7.293372393007831,0.44504547119140625,0.002811431884765625,256,262144
results/phase3_interleaved/interleaved_256kb_oracle.adc,data/ml_data/phase3_interleaved_ml_artifact_512mb.bin,chunk_oracle_best_size,262144,1277,334757888,262144,74,0.00028228759765625,zstd_10,1.7996677981511775,0.03753662109375,0.76251220703125,20,262144
results/phase3_interleaved/interleaved_256kb_oracle.adc,data/ml_data/phase3_interleaved_ml_artifact_512mb.bin,chunk_oracle_best_size,262144,1278,335020032,262144,8223,0.031368255615234375,zstd_19,4.4802824288219565,1.0,0.0,34,262144
results/phase3_interleaved/interleaved_256kb_oracle.adc,data/ml_data/phase3_interleaved_ml_artifact_512mb.bin,chunk_oracle_best_size,262144,1279,335282176,262144,262144,1.0,store,7.999354072944817,0.38231658935546875,0.003711700439453125,256,262144
results/phase3_interleaved/interleaved_256kb_oracle.adc,data/ml_data/phase3_interleaved_ml_artifact_512mb.bin,chunk_oracle_best_size,262144,1280,335544320,262144,102,0.00038909912109375,zstd_19,0.0066727787465866726,0.000324249267578125,0.99957275390625,14,262144
results/phase3_interleaved/interleaved_256kb_oracle.adc,data/ml_data/phase3_interleaved_ml_artifact_512mb.bin,chunk_oracle_best_size,262144,1281,335806464,262144,278,0.00106048583984375,zstd_3,4.262930233439066,0.2684288024902344,0.22806930541992188,115,262144
results/phase3_interleaved/interleaved_256kb_oracle.adc,data/ml_data/phase3_interleaved_ml_artifact_512mb.bin,chunk_oracle_best_size,262144,1282,336068608,262144,1872,0.00714111328125,lzma_6,4.7763509881029265,1.0,0.0,46,262144
results/phase3_interleaved/interleaved_256kb_oracle.adc,data/ml_data/phase3_interleaved_ml_artifact_512mb.bin,chunk_oracle_best_size,262144,1283,336330752,262144,183184,0.69879150390625,lzma_6,7.28415950105423,0.4652137756347656,0.003326416015625,256,262144
results/phase3_interleaved/interleaved_256kb_oracle.adc,data/ml_data/phase3_interleaved_ml_artifact_512mb.bin,chunk_oracle_best_size,262144,1284,336592896,262144,83,0.000316619873046875,zstd_10,1.9277406931939804,0.02783203125,0.75927734375,27,262144
results/phase3_interleaved/interleaved_256kb_oracle.adc,data/ml_data/phase3_interleaved_ml_artifact_512mb.bin,chunk_oracle_best_size,262144,1285,336855040,262144,262144,1.0,store,7.999333662218212,0.38323974609375,0.003887176513671875,256,262144
results/phase3_interleaved/interleaved_256kb_oracle.adc,data/ml_data/phase3_interleaved_ml_artifact_512mb.bin,chunk_oracle_best_size,262144,1286,337117184,262144,8644,0.0329742431640625,lzma_6,4.480310373317375,1.0,0.0,34,262144
results/phase3_interleaved/interleaved_256kb_oracle.adc,data/ml_data/phase3_interleaved_ml_artifact_512mb.bin,chunk_oracle_best_size,262144,1287,337379328,262144,101,0.000385284423828125,zstd_19,0.0066727787465866726,0.000324249267578125,0.99957275390625,14,262144
results/phase3_interleaved/interleaved_256kb_oracle.adc,data/ml_data/phase3_interleaved_ml_artifact_512mb.bin,chunk_oracle_best_size,262144,1288,337641472,262144,1872,0.00714111328125,lzma_6,4.77829131155278,1.0,0.0,46,262144
results/phase3_interleaved/interleaved_256kb_oracle.adc,data/ml_data/phase3_interleaved_ml_artifact_512mb.bin,chunk_oracle_best_size,262144,1289,337903616,262144,101,0.000385284423828125,zstd_19,0.0066727787465866726,0.000324249267578125,0.99957275390625,14,262144
results/phase3_interleaved/interleaved_256kb_oracle.adc,data/ml_data/phase3_interleaved_ml_artifact_512mb.bin,chunk_oracle_best_size,262144,1290,338165760,262144,183980,0.7018280029296875,lzma_6,7.297933063368841,0.4088783264160156,0.00238800048828125,256,262144
results/phase3_interleaved/interleaved_256kb_oracle.adc,data/ml_data/phase3_interleaved_ml_artifact_512mb.bin,chunk_oracle_best_size,262144,1291,338427904,262144,75,0.000286102294921875,zstd_10,1.8205400655918629,0.03570556640625,0.761962890625,21,262144
results/phase3_interleaved/interleaved_256kb_oracle.adc,data/ml_data/phase3_interleaved_ml_artifact_512mb.bin,chunk_oracle_best_size,262144,1292,338690048,262144,8505,0.032444000244140625,zstd_19,4.468897369745831,1.0,0.0,34,262144
results/phase3_interleaved/interleaved_256kb_oracle.adc,data/ml_data/phase3_interleaved_ml_artifact_512mb.bin,chunk_oracle_best_size,262144,1293,338952192,262144,262144,1.0,store,7.999359246110766,0.3823204040527344,0.00394439697265625,256,262144
results/phase3_interleaved/interleaved_256kb_oracle.adc,data/ml_data/phase3_interleaved_ml_artifact_512mb.bin,chunk_oracle_best_size,262144,1294,339214336,262144,101,0.000385284423828125,zstd_19,0.0066727787465866726,0.000324249267578125,0.99957275390625,14,262144
results/phase3_interleaved/interleaved_256kb_oracle.adc,data/ml_data/phase3_interleaved_ml_artifact_512mb.bin,chunk_oracle_best_size,262144,1295,339476480,262144,278,0.00106048583984375,zstd_3,4.259334103439289,0.2622871398925781,0.22806930541992188,118,262144
results/phase3_interleaved/interleaved_256kb_oracle.adc,data/ml_data/phase3_interleaved_ml_artifact_512mb.bin,chunk_oracle_best_size,262144,1296,339738624,262144,1872,0.00714111328125,lzma_6,4.771784047077345,1.0,0.0,46,262144
results/phase3_interleaved/interleaved_256kb_oracle.adc,data/ml_data/phase3_interleaved_ml_artifact_512mb.bin,chunk_oracle_best_size,262144,1297,340000768,262144,183304,0.699249267578125,lzma_6,7.2785766276876105,0.4345703125,0.002086639404296875,256,262144
results/phase3_interleaved/interleaved_256kb_oracle.adc,data/ml_data/phase3_interleaved_ml_artifact_512mb.bin,chunk_oracle_best_size,262144,1298,340262912,262144,85,0.000324249267578125,zstd_10,1.9428040212458586,0.0267333984375,0.75897216796875,28,262144
results/phase3_interleaved/interleaved_256kb_oracle.adc,data/ml_data/phase3_interleaved_ml_artifact_512mb.bin,chunk_oracle_best_size,262144,1299,340525056,262144,262144,1.0,store,7.999354755509232,0.3820381164550781,0.003826141357421875,256,262144
results/phase3_interleaved/interleaved_256kb_oracle.adc,data/ml_data/phase3_interleaved_ml_artifact_512mb.bin,chunk_oracle_best_size,262144,1300,340787200,262144,8382,0.03197479248046875,zstd_19,4.47515096721805,1.0,0.0,34,262144
results/phase3_interleaved/interleaved_256kb_oracle.adc,data/ml_data/phase3_interleaved_ml_artifact_512mb.bin,chunk_oracle_best_size,262144,1301,341049344,262144,101,0.000385284423828125,zstd_19,0.0066727787465866726,0.000324249267578125,0.99957275390625,14,262144
results/phase3_interleaved/interleaved_256kb_oracle.adc,data/ml_data/phase3_interleaved_ml_artifact_512mb.bin,chunk_oracle_best_size,262144,1302,341311488,262144,1872,0.00714111328125,lzma_6,4.767777080547336,1.0,0.0,46,262144
results/phase3_interleaved/interleaved_256kb_oracle.adc,data/ml_data/phase3_interleaved_ml_artifact_512mb.bin,chunk_oracle_best_size,262144,1303,341573632,262144,101,0.000385284423828125,zstd_19,0.0066727787465866726,0.000324249267578125,0.99957275390625,14,262144
results/phase3_interleaved/interleaved_256kb_oracle.adc,data/ml_data/phase3_interleaved_ml_artifact_512mb.bin,chunk_oracle_best_size,262144,1304,341835776,262144,183336,0.699371337890625,lzma_6,7.281263646814317,0.4769287109375,0.00339508056640625,256,262144
results/phase3_interleaved/interleaved_256kb_oracle.adc,data/ml_data/phase3_interleaved_ml_artifact_512mb.bin,chunk_oracle_best_size,262144,1305,342097920,262144,77,0.000293731689453125,zstd_10,1.8406283492670494,0.0340576171875,0.76141357421875,22,262144
results/phase3_interleaved/interleaved_256kb_oracle.adc,data/ml_data/phase3_interleaved_ml_artifact_512mb.bin,chunk_oracle_best_size,262144,1306,342360064,262144,8239,0.031429290771484375,zstd_19,4.484068623432362,1.0,0.0,34,262144
results/phase3_interleaved/interleaved_256kb_oracle.adc,data/ml_data/phase3_interleaved_ml_artifact_512mb.bin,chunk_oracle_best_size,262144,1307,342622208,262144,262144,1.0,store,7.999278228009181,0.3835182189941406,0.003879547119140625,256,262144
results/phase3_interleaved/interleaved_256kb_oracle.adc,data/ml_data/phase3_interleaved_ml_artifact_512mb.bin,chunk_oracle_best_size,262144,1308,342884352,262144,101,0.000385284423828125,zstd_19,0.0066727787465866726,0.000324249267578125,0.99957275390625,14,262144
results/phase3_interleaved/interleaved_256kb_oracle.adc,data/ml_data/phase3_interleaved_ml_artifact_512mb.bin,chunk_oracle_best_size,262144,1309,343146496,262144,278,0.00106048583984375,zstd_3,4.26066795008917,0.2631645202636719,0.22806930541992188,121,262144
results/phase3_interleaved/interleaved_256kb_oracle.adc,data/ml_data/phase3_interleaved_ml_artifact_512mb.bin,chunk_oracle_best_size,262144,1310,343408640,262144,1876,0.0071563720703125,lzma_6,4.7660142733972215,1.0,0.0,46,262144
results/phase3_interleaved/interleaved_256kb_oracle.adc,data/ml_data/phase3_interleaved_ml_artifact_512mb.bin,chunk_oracle_best_size,262144,1311,343670784,262144,182976,0.697998046875,lzma_6,7.2794036480468645,0.41181182861328125,0.002330780029296875,256,262144
results/phase3_interleaved/interleaved_256kb_oracle.adc,data/ml_data/phase3_interleaved_ml_artifact_512mb.bin,chunk_oracle_best_size,262144,1312,343932928,262144,85,0.000324249267578125,zstd_10,1.9574219614934496,0.02581787109375,0.7586669921875,29,262144
results/phase3_interleaved/interleaved_256kb_oracle.adc,data/ml_data/phase3_interleaved_ml_artifact_512mb.bin,chunk_oracle_best_size,262144,1313,344195072,262144,262144,1.0,store,7.999241987737928,0.3831901550292969,0.00386810302734375,256,262144
results/phase3_interleaved/interleaved_256kb_oracle.adc,data/ml_data/phase3_interleaved_ml_artifact_512mb.bin,chunk_oracle_best_size,262144,1314,344457216,262144,8343,0.031826019287109375,zstd_19,4.469075980929331,1.0,0.0,34,262144
results/phase3_interleaved/interleaved_256kb_oracle.adc,data/ml_data/phase3_interleaved_ml_artifact_512mb.bin,chunk_oracle_best_size,262144,1315,344719360,262144,101,0.000385284423828125,zstd_19,0.0066727787465866726,0.000324249267578125,0.99957275390625,14,262144
results/phase3_interleaved/interleaved_256kb_oracle.adc,data/ml_data/phase3_interleaved_ml_artifact_512mb.bin,chunk_oracle_best_size,262144,1316,344981504,262144,1872,0.00714111328125,lzma_6,4.769643260689262,1.0,0.0,46,262144
results/phase3_interleaved/interleaved_256kb_oracle.adc,data/ml_data/phase3_interleaved_ml_artifact_512mb.bin,chunk_oracle_best_size,262144,1317,345243648,262144,101,0.000385284423828125,zstd_19,0.0066727787465866726,0.000324249267578125,0.99957275390625,14,262144
results/phase3_interleaved/interleaved_256kb_oracle.adc,data/ml_data/phase3_interleaved_ml_artifact_512mb.bin,chunk_oracle_best_size,262144,1318,345505792,262144,189424,0.72259521484375,lzma_6,7.338841253317545,0.441253662109375,0.0037994384765625,256,262144
results/phase3_interleaved/interleaved_256kb_oracle.adc,data/ml_data/phase3_interleaved_ml_artifact_512mb.bin,chunk_oracle_best_size,262144,1319,345767936,262144,78,0.00029754638671875,zstd_10,1.8596352327448284,0.0325927734375,0.76092529296875,23,262144
results/phase3_interleaved/interleaved_256kb_oracle.adc,data/ml_data/phase3_interleaved_ml_artifact_512mb.bin,chunk_oracle_best_size,262144,1320,346030080,262144,7716,0.0294342041015625,lzma_6,4.480626021252817,1.0,0.0,34,262144
results/phase3_interleaved/interleaved_256kb_oracle.adc,data/ml_data/phase3_interleaved_ml_artifact_512mb.bin,chunk_oracle_best_size,262144,1321,346292224,262144,262144,1.0,store,7.999348426930825,0.3825721740722656,0.00408172607421875,256,262144
results/phase3_interleaved/interleaved_256kb_oracle.adc,data/ml_data/phase3_interleaved_ml_artifact_512mb.bin,chunk_oracle_best_size,262144,1322,346554368,262144,101,0.000385284423828125,zstd_19,0.0066727787465866726,0.000324249267578125,0.99957275390625,14,262144
results/phase3_interleaved/interleaved_256kb_oracle.adc,data/ml_data/phase3_interleaved_ml_artifact_512mb.bin,chunk_oracle_best_size,262144,1323,346816512,262144,278,0.00106048583984375,zstd_3,4.262144856621201,0.2675514221191406,0.22806930541992188,116,262144
results/phase3_interleaved/interleaved_256kb_oracle.adc,data/ml_data/phase3_interleaved_ml_artifact_512mb.bin,chunk_oracle_best_size,262144,1324,347078656,262144,1872,0.00714111328125,lzma_6,4.771361304216891,1.0,0.0,46,262144
results/phase3_interleaved/interleaved_256kb_oracle.adc,data/ml_data/phase3_interleaved_ml_artifact_512mb.bin,chunk_oracle_best_size,262144,1325,347340800,262144,181204,0.6912384033203125,lzma_6,7.350865713054208,0.4150886535644531,0.00405120849609375,256,262144
results/phase3_interleaved/interleaved_256kb_oracle.adc,data/ml_data/phase3_interleaved_ml_artifact_512mb.bin,chunk_oracle_best_size,262144,1326,347602944,262144,67,0.000255584716796875,zstd_10,1.728282418908997,0.04412841796875,0.76470947265625,17,262144
results/phase3_interleaved/interleaved_256kb_oracle.adc,data/ml_data/phase3_interleaved_ml_artifact_512mb.bin,chunk_oracle_best_size,262144,1327,347865088,262144,262144,1.0,store,7.999370343722854,0.38234710693359375,0.003887176513671875,256,262144
results/phase3_interleaved/interleaved_256kb_oracle.adc,data/ml_data/phase3_interleaved_ml_artifact_512mb.bin,chunk_oracle_best_size,262144,1328,348127232,262144,8065,0.030765533447265625,zstd_19,4.479180332946015,1.0,0.0,34,262144
results/phase3_interleaved/interleaved_256kb_oracle.adc,data/ml_data/phase3_interleaved_ml_artifact_512mb.bin,chunk_oracle_best_size,262144,1329,348389376,262144,101,0.000385284423828125,zstd_19,0.0066727787465866726,0.000324249267578125,0.99957275390625,14,262144
results/phase3_interleaved/interleaved_256kb_oracle.adc,data/ml_data/phase3_interleaved_ml_artifact_512mb.bin,chunk_oracle_best_size,262144,1330,348651520,262144,1872,0.00714111328125,lzma_6,4.764734138375442,1.0,0.0,46,262144
results/phase3_interleaved/interleaved_256kb_oracle.adc,data/ml_data/phase3_interleaved_ml_artifact_512mb.bin,chunk_oracle_best_size,262144,1331,348913664,262144,101,0.000385284423828125,zstd_19,0.0066727787465866726,0.000324249267578125,0.99957275390625,14,262144
results/phase3_interleaved/interleaved_256kb_oracle.adc,data/ml_data/phase3_interleaved_ml_artifact_512mb.bin,chunk_oracle_best_size,262144,1332,349175808,262144,183836,0.7012786865234375,lzma_6,7.275728838569008,0.4615898132324219,0.002788543701171875,256,262144
results/phase3_interleaved/interleaved_256kb_oracle.adc,data/ml_data/phase3_interleaved_ml_artifact_512mb.bin,chunk_oracle_best_size,262144,1333,349437952,262144,80,0.00030517578125,zstd_10,1.8779894615960075,0.03131103515625,0.76043701171875,24,262144
results/phase3_interleaved/interleaved_256kb_oracle.adc,data/ml_data/phase3_interleaved_ml_artifact_512mb.bin,chunk_oracle_best_size,262144,1334,349700096,262144,8236,0.0314178466796875,zstd_10,4.471476365968569,1.0,0.0,34,262144
results/phase3_interleaved/interleaved_256kb_oracle.adc,data/ml_data/phase3_interleaved_ml_artifact_512mb.bin,chunk_oracle_best_size,262144,1335,349962240,262144,262144,1.0,store,7.999299832363477,0.3838081359863281,0.00382232666015625,256,262144
results/phase3_interleaved/interleaved_256kb_oracle.adc,data/ml_data/phase3_interleaved_ml_artifact_512mb.bin,chunk_oracle_best_size,262144,1336,350224384,262144,101,0.000385284423828125,zstd_19,0.0066727787465866726,0.000324249267578125,0.99957275390625,14,262144
results/phase3_interleaved/interleaved_256kb_oracle.adc,data/ml_data/phase3_interleaved_ml_artifact_512mb.bin,chunk_oracle_best_size,262144,1337,350486528,262144,278,0.00106048583984375,zstd_3,4.259727772402231,0.2693061828613281,0.22806930541992188,115,262144
results/phase3_interleaved/interleaved_256kb_oracle.adc,data/ml_data/phase3_interleaved_ml_artifact_512mb.bin,chunk_oracle_best_size,262144,1338,350748672,262144,1872,0.00714111328125,lzma_6,4.7733080459310315,1.0,0.0,46,262144
results/phase3_interleaved/interleaved_256kb_oracle.adc,data/ml_data/phase3_interleaved_ml_artifact_512mb.bin,chunk_oracle_best_size,262144,1339,351010816,262144,186844,0.7127532958984375,lzma_6,7.311167387326687,0.4118232727050781,0.002048492431640625,256,262144
results/phase3_interleaved/interleaved_256kb_oracle.adc,data/ml_data/phase3_interleaved_ml_artifact_512mb.bin,chunk_oracle_best_size,262144,1340,351272960,262144,70,0.00026702880859375,zstd_10,1.7534509016363693,0.0416259765625,0.763916015625,18,262144
results/phase3_interleaved/interleaved_256kb_oracle.adc,data/ml_data/phase3_interleaved_ml_artifact_512mb.bin,chunk_oracle_best_size,262144,1341,351535104,262144,262144,1.0,store,7.9992374931644,0.38181304931640625,0.00391387939453125,256,262144
results/phase3_interleaved/interleaved_256kb_oracle.adc,data/ml_data/phase3_interleaved_ml_artifact_512mb.bin,chunk_oracle_best_size,262144,1342,351797248,262144,8182,0.03121185302734375,zstd_19,4.478138805313682,1.0,0.0,34,262144
results/phase3_interleaved/interleaved_256kb_oracle.adc,data/ml_data/phase3_interleaved_ml_artifact_512mb.bin,chunk_oracle_best_size,262144,1343,352059392,262144,101,0.000385284423828125,zstd_19,0.0066727787465866726,0.000324249267578125,0.99957275390625,14,262144
results/phase3_interleaved/interleaved_256kb_oracle.adc,data/ml_data/phase3_interleaved_ml_artifact_512mb.bin,chunk_oracle_best_size,262144,1344,352321536,262144,1872,0.00714111328125,lzma_6,4.76831966660864,1.0,0.0,46,262144
results/phase3_interleaved/interleaved_256kb_oracle.adc,data/ml_data/phase3_interleaved_ml_artifact_512mb.bin,chunk_oracle_best_size,262144,1345,352583680,262144,104,0.000396728515625,zstd_19,0.0066727787465866726,0.000324249267578125,0.99957275390625,14,262144
results/phase3_interleaved/interleaved_256kb_oracle.adc,data/ml_data/phase3_interleaved_ml_artifact_512mb.bin,chunk_oracle_best_size,262144,1346,352845824,262144,180000,0.6866455078125,lzma_6,7.300542677480158,0.4329986572265625,0.0039825439453125,256,262144
results/phase3_interleaved/interleaved_256kb_oracle.adc,data/ml_data/phase3_interleaved_ml_artifact_512mb.bin,chunk_oracle_best_size,262144,1347,353107968,262144,81,0.000308990478515625,zstd_10,1.8953693672656133,0.030029296875,0.760009765625,25,262144
results/phase3_interleaved/interleaved_256kb_oracle.adc,data/ml_data/phase3_interleaved_ml_artifact_512mb.bin,chunk_oracle_best_size,262144,1348,353370112,262144,8212,0.0313262939453125,zstd_19,4.481565143553124,1.0,0.0,34,262144
results/phase3_interleaved/interleaved_256kb_oracle.adc,data/ml_data/phase3_interleaved_ml_artifact_512mb.bin,chunk_oracle_best_size,262144,1349,353632256,262144,262144,1.0,store,7.999349846597592,0.38361358642578125,0.003749847412109375,256,262144
results/phase3_interleaved/interleaved_256kb_oracle.adc,data/ml_data/phase3_interleaved_ml_artifact_512mb.bin,chunk_oracle_best_size,262144,1350,353894400,262144,104,0.000396728515625,zstd_19,0.0066727787465866726,0.000324249267578125,0.99957275390625,14,262144
results/phase3_interleaved/interleaved_256kb_oracle.adc,data/ml_data/phase3_interleaved_ml_artifact_512mb.bin,chunk_oracle_best_size,262144,1351,354156544,262144,278,0.00106048583984375,zstd_3,4.261841613865184,0.2693061828613281,0.22806930541992188,115,262144
results/phase3_interleaved/interleaved_256kb_oracle.adc,data/ml_data/phase3_interleaved_ml_artifact_512mb.bin,chunk_oracle_best_size,262144,1352,354418688,262144,1872,0.00714111328125,lzma_6,4.7760228916082825,1.0,0.0,46,262144
results/phase3_interleaved/interleaved_256kb_oracle.adc,data/ml_data/phase3_interleaved_ml_artifact_512mb.bin,chunk_oracle_best_size,262144,1353,354680832,262144,187812,0.7164459228515625,lzma_6,7.334804062918779,0.4605712890625,0.00304412841796875,256,262144
results/phase3_interleaved/interleaved_256kb_oracle.adc,data/ml_data/phase3_interleaved_ml_artifact_512mb.bin,chunk_oracle_best_size,262144,1354,354942976,262144,71,0.000270843505859375,zstd_10,1.7772116148855726,0.03948974609375,0.76318359375,19,262144
results/phase3_interleaved/interleaved_256kb_oracle.adc,data/ml_data/phase3_interleaved_ml_artifact_512mb.bin,chunk_oracle_best_size,262144,1355,355205120,262144,262144,1.0,store,7.999146113006411,0.38234710693359375,0.004058837890625,256,262144
results/phase3_interleaved/interleaved_256kb_oracle.adc,data/ml_data/phase3_interleaved_ml_artifact_512mb.bin,chunk_oracle_best_size,262144,1356,355467264,262144,7564,0.0288543701171875,lzma_6,4.482668895794149,1.0,0.0,34,262144
results/phase3_interleaved/interleaved_256kb_oracle.adc,data/ml_data/phase3_interleaved_ml_artifact_512mb.bin,chunk_oracle_best_size,262144,1357,355729408,262144,104,0.000396728515625,zstd_19,0.0066727787465866726,0.000324249267578125,0.99957275390625,14,262144
results/phase3_interleaved/interleaved_256kb_oracle.adc,data/ml_data/phase3_interleaved_ml_artifact_512mb.bin,chunk_oracle_best_size,262144,1358,355991552,262144,1872,0.00714111328125,lzma_6,4.7792497683442035,1.0,0.0,46,262144
results/phase3_interleaved/interleaved_256kb_oracle.adc,data/ml_data/phase3_interleaved_ml_artifact_512mb.bin,chunk_oracle_best_size,262144,1359,356253696,262144,104,0.000396728515625,zstd_19,0.0066727787465866726,0.000324249267578125,0.99957275390625,14,262144
results/phase3_interleaved/interleaved_256kb_oracle.adc,data/ml_data/phase3_interleaved_ml_artifact_512mb.bin,chunk_oracle_best_size,262144,1360,356515840,262144,177676,0.6777801513671875,lzma_6,7.297210310809224,0.4483375549316406,0.003528594970703125,256,262144
results/phase3_interleaved/interleaved_256kb_oracle.adc,data/ml_data/phase3_interleaved_ml_artifact_512mb.bin,chunk_oracle_best_size,262144,1361,356777984,262144,82,0.00031280517578125,zstd_10,1.91181155523121,0.0289306640625,0.7596435546875,26,262144
results/phase3_interleaved/interleaved_256kb_oracle.adc,data/ml_data/phase3_interleaved_ml_artifact_512mb.bin,chunk_oracle_best_size,262144,1362,357040128,262144,8050,0.03070831298828125,zstd_19,4.47918916523561,1.0,0.0,34,262144
results/phase3_interleaved/interleaved_256kb_oracle.adc,data/ml_data/phase3_interleaved_ml_artifact_512mb.bin,chunk_oracle_best_size,262144,1363,357302272,262144,262144,1.0,store,7.999195725041143,0.3832588195800781,0.003795623779296875,256,262144
results/phase3_interleaved/interleaved_256kb_oracle.adc,data/ml_data/phase3_interleaved_ml_artifact_512mb.bin,chunk_oracle_best_size,262144,1364,357564416,262144,104,0.000396728515625,zstd_19,0.0066727787465866726,0.000324249267578125,0.99957275390625,14,262144
results/phase3_interleaved/interleaved_256kb_oracle.adc,data/ml_data/phase3_interleaved_ml_artifact_512mb.bin,chunk_oracle_best_size,262144,1365,357826560,262144,278,0.00106048583984375,zstd_3,4.261744798508038,0.2631645202636719,0.22806930541992188,118,262144
results/phase3_interleaved/interleaved_256kb_oracle.adc,data/ml_data/phase3_interleaved_ml_artifact_512mb.bin,chunk_oracle_best_size,262144,1366,358088704,262144,1872,0.00714111328125,lzma_6,4.768398476616364,1.0,0.0,46,262144
results/phase3_interleaved/interleaved_256kb_oracle.adc,data/ml_data/phase3_interleaved_ml_artifact_512mb.bin,chunk_oracle_best_size,262144,1367,358350848,262144,179776,0.685791015625,lzma_6,7.289536593301788,0.4121856689453125,0.004802703857421875,256,262144
results/phase3_interleaved/interleaved_256kb_oracle.adc,data/ml_data/phase3_interleaved_ml_artifact_512mb.bin,chunk_oracle_best_size,262144,1368,358612992,262144,74,0.00028228759765625,zstd_10,1.7996677981511775,0.03753662109375,0.76251220703125,20,262144
results/phase3_interleaved/interleaved_256kb_oracle.adc,data/ml_data/phase3_interleaved_ml_artifact_512mb.bin,chunk_oracle_best_size,262144,1369,358875136,262144,262144,1.0,store,7.999216925649148,0.3837547302246094,0.003696441650390625,256,262144
results/phase3_interleaved/interleaved_256kb_oracle.adc,data/ml_data/phase3_interleaved_ml_artifact_512mb.bin,chunk_oracle_best_size,262144,1370,359137280,262144,8236,0.0314178466796875,zstd_10,4.484049928618299,1.0,0.0,34,262144
results/phase3_interleaved/interleaved_256kb_oracle.adc,data/ml_data/phase3_interleaved_ml_artifact_512mb.bin,chunk_oracle_best_size,262144,1371,359399424,262144,104,0.000396728515625,zstd_19,0.0066727787465866726,0.000324249267578125,0.99957275390625,14,262144
results/phase3_interleaved/interleaved_256kb_oracle.adc,data/ml_data/phase3_interleaved_ml_artifact_512mb.bin,chunk_oracle_best_size,262144,1372,359661568,262144,1872,0.00714111328125,lzma_6,4.7761376420095605,1.0,0.0,46,262144
results/phase3_interleaved/interleaved_256kb_oracle.adc,data/ml_data/phase3_interleaved_ml_artifact_512mb.bin,chunk_oracle_best_size,262144,1373,359923712,262144,104,0.000396728515625,zstd_19,0.0066727787465866726,0.000324249267578125,0.99957275390625,14,262144
results/phase3_interleaved/interleaved_256kb_oracle.adc,data/ml_data/phase3_interleaved_ml_artifact_512mb.bin,chunk_oracle_best_size,262144,1374,360185856,262144,178448,0.68072509765625,lzma_6,7.210474559590376,0.4465065002441406,0.001995086669921875,256,262144
results/phase3_interleaved/interleaved_256kb_oracle.adc,data/ml_data/phase3_interleaved_ml_artifact_512mb.bin,chunk_oracle_best_size,262144,1375,360448000,262144,83,0.000316619873046875,zstd_10,1.9277406931939804,0.02783203125,0.75927734375,27,262144
results/phase3_interleaved/interleaved_256kb_oracle.adc,data/ml_data/phase3_interleaved_ml_artifact_512mb.bin,chunk_oracle_best_size,262144,1376,360710144,262144,8640,0.032958984375,lzma_6,4.482689137674178,1.0,0.0,34,262144
results/phase3_interleaved/interleaved_256kb_oracle.adc,data/ml_data/phase3_interleaved_ml_artifact_512mb.bin,chunk_oracle_best_size,262144,1377,360972288,262144,262144,1.0,store,7.999280371052259,0.3817787170410156,0.00403594970703125,256,262144
results/phase3_interleaved/interleaved_256kb_oracle.adc,data/ml_data/phase3_interleaved_ml_artifact_512mb.bin,chunk_oracle_best_size,262144,1378,361234432,262144,104,0.000396728515625,zstd_19,0.0066727787465866726,0.000324249267578125,0.99957275390625,14,262144
results/phase3_interleaved/interleaved_256kb_oracle.adc,data/ml_data/phase3_interleaved_ml_artifact_512mb.bin,chunk_oracle_best_size,262144,1379,361496576,262144,278,0.00106048583984375,zstd_3,4.256919252671585,0.2622871398925781,0.22806930541992188,117,262144
results/phase3_interleaved/interleaved_256kb_oracle.adc,data/ml_data/phase3_interleaved_ml_artifact_512mb.bin,chunk_oracle_best_size,262144,1380,361758720,262144,1872,0.00714111328125,lzma_6,4.771003957283256,1.0,0.0,46,262144
results/phase3_interleaved/interleaved_256kb_oracle.adc,data/ml_data/phase3_interleaved_ml_artifact_512mb.bin,chunk_oracle_best_size,262144,1381,362020864,262144,180648,0.689117431640625,lzma_6,7.304090572332806,0.46160888671875,0.0020599365234375,256,262144
results/phase3_interleaved/interleaved_256kb_oracle.adc,data/ml_data/phase3_interleaved_ml_artifact_512mb.bin,chunk_oracle_best_size,262144,1382,362283008,262144,75,0.000286102294921875,zstd_10,1.8205400655918629,0.03570556640625,0.761962890625,21,262144
results/phase3_interleaved/interleaved_256kb_oracle.adc,data/ml_data/phase3_interleaved_ml_artifact_512mb.bin,chunk_oracle_best_size,262144,1383,362545152,262144,262144,1.0,store,7.9992988527443964,0.3818931579589844,0.0037689208984375,256,262144
results/phase3_interleaved/interleaved_256kb_oracle.adc,data/ml_data/phase3_interleaved_ml_artifact_512mb.bin,chunk_oracle_best_size,262144,1384,362807296,262144,8212,0.0313262939453125,zstd_19,4.481565143553124,1.0,0.0,34,262144
results/phase3_interleaved/interleaved_256kb_oracle.adc,data/ml_data/phase3_interleaved_ml_artifact_512mb.bin,chunk_oracle_best_size,262144,1385,363069440,262144,104,0.000396728515625,zstd_19,0.0066727787465866726,0.000324249267578125,0.99957275390625,14,262144
results/phase3_interleaved/interleaved_256kb_oracle.adc,data/ml_data/phase3_interleaved_ml_artifact_512mb.bin,chunk_oracle_best_size,262144,1386,363331584,262144,1872,0.00714111328125,lzma_6,4.774632944575296,1.0,0.0,46,262144
results/phase3_interleaved/interleaved_256kb_oracle.adc,data/ml_data/phase3_interleaved_ml_artifact_512mb.bin,chunk_oracle_best_size,262144,1387,363593728,262144,104,0.000396728515625,zstd_19,0.0066727787465866726,0.000324249267578125,0.99957275390625,14,262144
results/phase3_interleaved/interleaved_256kb_oracle.adc,data/ml_data/phase3_interleaved_ml_artifact_512mb.bin,chunk_oracle_best_size,262144,1388,363855872,262144,181596,0.6927337646484375,lzma_6,7.247870835492437,0.45034027099609375,0.003040313720703125,256,262144
results/phase3_interleaved/interleaved_256kb_oracle.adc,data/ml_data/phase3_interleaved_ml_artifact_512mb.bin,chunk_oracle_best_size,262144,1389,364118016,262144,85,0.000324249267578125,zstd_10,1.9428040212458586,0.0267333984375,0.75897216796875,28,262144
results/phase3_interleaved/interleaved_256kb_oracle.adc,data/ml_data/phase3_interleaved_ml_artifact_512mb.bin,chunk_oracle_best_size,262144,1390,364380160,262144,8408,0.032073974609375,zstd_19,4.484069116553642,1.0,0.0,34,262144
results/phase3_interleaved/interleaved_256kb_oracle.adc,data/ml_data/phase3_interleaved_ml_artifact_512mb.bin,chunk_oracle_best_size,262144,1391,364642304,262144,262144,1.0,store,7.999365126381316,0.3821601867675781,0.004093170166015625,256,262144
results/phase3_interleaved/interleaved_256kb_oracle.adc,data/ml_data/phase3_interleaved_ml_artifact_512mb.bin,chunk_oracle_best_size,262144,1392,364904448,262144,104,0.000396728515625,zstd_19,0.0066727787465866726,0.000324249267578125,0.99957275390625,14,262144
results/phase3_interleaved/interleaved_256kb_oracle.adc,data/ml_data/phase3_interleaved_ml_artifact_512mb.bin,chunk_oracle_best_size,262144,1393,365166592,262144,278,0.00106048583984375,zstd_3,4.252184428865826,0.2675514221191406,0.22806930541992188,114,262144
results/phase3_interleaved/interleaved_256kb_oracle.adc,data/ml_data/phase3_interleaved_ml_artifact_512mb.bin,chunk_oracle_best_size,262144,1394,365428736,262144,1872,0.00714111328125,lzma_6,4.769974763141362,1.0,0.0,46,262144
results/phase3_interleaved/interleaved_256kb_oracle.adc,data/ml_data/phase3_interleaved_ml_artifact_512mb.bin,chunk_oracle_best_size,262144,1395,365690880,262144,181328,0.69171142578125,lzma_6,7.33517877737355,0.4337882995605469,0.003078460693359375,256,262144
results/phase3_interleaved/interleaved_256kb_oracle.adc,data/ml_data/phase3_interleaved_ml_artifact_512mb.bin,chunk_oracle_best_size,262144,1396,365953024,262144,77,0.000293731689453125,zstd_10,1.8406283492670494,0.0340576171875,0.76141357421875,22,262144
results/phase3_interleaved/interleaved_256kb_oracle.adc,data/ml_data/phase3_interleaved_ml_artifact_512mb.bin,chunk_oracle_best_size,262144,1397,366215168,262144,262144,1.0,store,7.99929865074667,0.3826141357421875,0.003780364990234375,256,262144
results/phase3_interleaved/interleaved_256kb_oracle.adc,data/ml_data/phase3_interleaved_ml_artifact_512mb.bin,chunk_oracle_best_size,262144,1398,366477312,262144,8050,0.03070831298828125,zstd_19,4.48264904464539,1.0,0.0,34,262144
results/phase3_interleaved/interleaved_256kb_oracle.adc,data/ml_data/phase3_interleaved_ml_artifact_512mb.bin,chunk_oracle_best_size,262144,1399,366739456,262144,104,0.000396728515625,zstd_19,0.0066727787465866726,0.000324249267578125,0.99957275390625,14,262144
results/phase3_interleaved/interleaved_256kb_oracle.adc,data/ml_data/phase3_interleaved_ml_artifact_512mb.bin,chunk_oracle_best_size,262144,1400,367001600,262144,1872,0.00714111328125,lzma_6,4.7617912780390155,1.0,0.0,46,262144
results/phase3_interleaved/interleaved_256kb_oracle.adc,data/ml_data/phase3_interleaved_ml_artifact_512mb.bin,chunk_oracle_best_size,262144,1401,367263744,262144,104,0.000396728515625,zstd_19,0.0066727787465866726,0.000324249267578125,0.99957275390625,14,262144
results/phase3_interleaved/interleaved_256kb_oracle.adc,data/ml_data/phase3_interleaved_ml_artifact_512mb.bin,chunk_oracle_best_size,262144,1402,367525888,262144,182676,0.6968536376953125,lzma_6,7.310748927063706,0.4264564514160156,0.0034942626953125,256,262144
results/phase3_interleaved/interleaved_256kb_oracle.adc,data/ml_data/phase3_interleaved_ml_artifact_512mb.bin,chunk_oracle_best_size,262144,1403,367788032,262144,85,0.000324249267578125,zstd_10,1.9574219614934496,0.02581787109375,0.7586669921875,29,262144
results/phase3_interleaved/interleaved_256kb_oracle.adc,data/ml_data/phase3_interleaved_ml_artifact_512mb.bin,chunk_oracle_best_size,262144,1404,368050176,262144,8227,0.031383514404296875,zstd_19,4.473946392893852,1.0,0.0,34,262144
results/phase3_interleaved/interleaved_256kb_oracle.adc,data/ml_data/phase3_interleaved_ml_artifact_512mb.bin,chunk_oracle_best_size,262144,1405,368312320,262144,262144,1.0,store,7.999251149451777,0.38275146484375,0.0040130615234375,256,262144
results/phase3_interleaved/interleaved_256kb_oracle.adc,data/ml_data/phase3_interleaved_ml_artifact_512mb.bin,chunk_oracle_best_size,262144,1406,368574464,262144,104,0.000396728515625,zstd_19,0.0066727787465866726,0.000324249267578125,0.99957275390625,14,262144
results/phase3_interleaved/interleaved_256kb_oracle.adc,data/ml_data/phase3_interleaved_ml_artifact_512mb.bin,chunk_oracle_best_size,262144,1407,368836608,262144,278,0.00106048583984375,zstd_3,4.264585649549073,0.2640419006347656,0.22806930541992188,118,262144
results/phase3_interleaved/interleaved_256kb_oracle.adc,data/ml_data/phase3_interleaved_ml_artifact_512mb.bin,chunk_oracle_best_size,262144,1408,369098752,262144,1872,0.00714111328125,lzma_6,4.771005670446642,1.0,0.0,46,262144
results/phase3_interleaved/interleaved_256kb_oracle.adc,data/ml_data/phase3_interleaved_ml_artifact_512mb.bin,chunk_oracle_best_size,262144,1409,369360896,262144,180404,0.6881866455078125,lzma_6,7.281903923171843,0.47580718994140625,0.004547119140625,256,262144
results/phase3_interleaved/interleaved_256kb_oracle.adc,data/ml_data/phase3_interleaved_ml_artifact_512mb.bin,chunk_oracle_best_size,262144,1410,369623040,262144,78,0.00029754638671875,zstd_10,1.8596352327448284,0.0325927734375,0.76092529296875,23,262144
results/phase3_interleaved/interleaved_256kb_oracle.adc,data/ml_data/phase3_interleaved_ml_artifact_512mb.bin,chunk_oracle_best_size,262144,1411,369885184,262144,262144,1.0,store,7.999170073310713,0.3827781677246094,0.003787994384765625,256,262144
results/phase3_interleaved/interleaved_256kb_oracle.adc,data/ml_data/phase3_interleaved_ml_artifact_512mb.bin,chunk_oracle_best_size,262144,1412,370147328,262144,8206,0.03130340576171875,zstd_19,4.466725161067945,1.0,0.0,34,262144
results/phase3_interleaved/interleaved_256kb_oracle.adc,data/ml_data/phase3_interleaved_ml_artifact_512mb.bin,chunk_oracle_best_size,262144,1413,370409472,262144,101,0.000385284423828125,zstd_19,0.0066727787465866726,0.000324249267578125,0.99957275390625,14,262144
results/phase3_interleaved/interleaved_256kb_oracle.adc,data/ml_data/phase3_interleaved_ml_artifact_512mb.bin,chunk_oracle_best_size,262144,1414,370671616,262144,1872,0.00714111328125,lzma_6,4.7683213797720265,1.0,0.0,46,262144
results/phase3_interleaved/interleaved_256kb_oracle.adc,data/ml_data/phase3_interleaved_ml_artifact_512mb.bin,chunk_oracle_best_size,262144,1415,370933760,262144,101,0.000385284423828125,zstd_19,0.0066727787465866726,0.000324249267578125,0.99957275390625,14,262144
results/phase3_interleaved/interleaved_256kb_oracle.adc,data/ml_data/phase3_interleaved_ml_artifact_512mb.bin,chunk_oracle_best_size,262144,1416,371195904,262144,178720,0.6817626953125,lzma_6,7.282661156097357,0.4822502136230469,0.003566741943359375,256,262144
results/phase3_interleaved/interleaved_256kb_oracle.adc,data/ml_data/phase3_interleaved_ml_artifact_512mb.bin,chunk_oracle_best_size,262144,1417,371458048,262144,67,0.000255584716796875,zstd_10,1.728282418908997,0.04412841796875,0.76470947265625,17,262144
results/phase3_interleaved/interleaved_256kb_oracle.adc,data/ml_data/phase3_interleaved_ml_artifact_512mb.bin,chunk_oracle_best_size,262144,1418,371720192,262144,8632,0.032928466796875,lzma_6,4.470136115159343,1.0,0.0,34,262144
results/phase3_interleaved/interleaved_256kb_oracle.adc,data/ml_data/phase3_interleaved_ml_artifact_512mb.bin,chunk_oracle_best_size,262144,1419,371982336,262144,262144,1.0,store,7.999336960802736,0.38162994384765625,0.00380706787109375,256,262144
results/phase3_interleaved/interleaved_256kb_oracle.adc,data/ml_data/phase3_interleaved_ml_artifact_512mb.bin,chunk_oracle_best_size,262144,1420,372244480,262144,101,0.000385284423828125,zstd_19,0.0066727787465866726,0.000324249267578125,0.99957275390625,14,262144
results/phase3_interleaved/interleaved_256kb_oracle.adc,data/ml_data/phase3_interleaved_ml_artifact_512mb.bin,chunk_oracle_best_size,262144,1421,372506624,262144,278,0.00106048583984375,zstd_3,4.267102078400224,0.2675514221191406,0.22806930541992188,118,262144
results/phase3_interleaved/interleaved_256kb_oracle.adc,data/ml_data/phase3_interleaved_ml_artifact_512mb.bin,chunk_oracle_best_size,262144,1422,372768768,262144,1872,0.00714111328125,lzma_6,4.771361304216892,1.0,0.0,46,262144
results/phase3_interleaved/interleaved_256kb_oracle.adc,data/ml_data/phase3_interleaved_ml_artifact_512mb.bin,chunk_oracle_best_size,262144,1423,373030912,262144,184232,0.702789306640625,lzma_6,7.306273825785912,0.4548225402832031,0.002460479736328125,256,262144
results/phase3_interleaved/interleaved_256kb_oracle.adc,data/ml_data/phase3_interleaved_ml_artifact_512mb.bin,chunk_oracle_best_size,262144,1424,373293056,262144,80,0.00030517578125,zstd_10,1.8779894615960075,0.03131103515625,0.76043701171875,24,262144
results/phase3_interleaved/interleaved_256kb_oracle.adc,data/ml_data/phase3_interleaved_ml_artifact_512mb.bin,chunk_oracle_best_size,262144,1425,373555200,262144,262144,1.0,store,7.999446647331011,0.3829841613769531,0.003856658935546875,256,262144
results/phase3_interleaved/interleaved_256kb_oracle.adc,data/ml_data/phase3_interleaved_ml_artifact_512mb.bin,chunk_oracle_best_size,262144,1426,373817344,262144,8384,0.031982421875,zstd_19,4.479220413487939,1.0,0.0,34,262144
results/phase3_interleaved/interleaved_256kb_oracle.adc,data/ml_data/phase3_interleaved_ml_artifact_512mb.bin,chunk_oracle_best_size,262144,1427,374079488,262144,101,0.000385284423828125,zstd_19,0.0066727787465866726,0.000324249267578125,0.99957275390625,14,262144
results/phase3_interleaved/interleaved_256kb_oracle.adc,data/ml_data/phase3_interleaved_ml_artifact_512mb.bin,chunk_oracle_best_size,262144,1428,374341632,262144,1872,0.00714111328125,lzma_6,4.776352701266312,1.0,0.0,46,262144
results/phase3_interleaved/interleaved_256kb_oracle.adc,data/ml_data/phase3_interleaved_ml_artifact_512mb.bin,chunk_oracle_best_size,262144,1429,374603776,262144,101,0.000385284423828125,zstd_19,0.0066727787465866726,0.000324249267578125,0.99957275390625,14,262144
results/phase3_interleaved/interleaved_256kb_oracle.adc,data/ml_data/phase3_interleaved_ml_artifact_512mb.bin,chunk_oracle_best_size,262144,1430,374865920,262144,183640,0.700531005859375,lzma_6,7.282531028009411,0.4208641052246094,0.0033416748046875,256,262144
results/phase3_interleaved/interleaved_256kb_oracle.adc,data/ml_data/phase3_interleaved_ml_artifact_512mb.bin,chunk_oracle_best_size,262144,1431,375128064,262144,70,0.00026702880859375,zstd_10,1.7534509016363693,0.0416259765625,0.763916015625,18,262144
results/phase3_interleaved/interleaved_256kb_oracle.adc,data/ml_data/phase3_interleaved_ml_artifact_512mb.bin,chunk_oracle_best_size,262144,1432,375390208,262144,8182,0.03121185302734375,zstd_19,4.478138805313682,1.0,0.0,34,262144
results/phase3_interleaved/interleaved_256kb_oracle.adc,data/ml_data/phase3_interleaved_ml_artifact_512mb.bin,chunk_oracle_best_size,262144,1433,375652352,262144,262144,1.0,store,7.999258499905276,0.3835792541503906,0.003887176513671875,256,262144
results/phase3_interleaved/interleaved_256kb_oracle.adc,data/ml_data/phase3_interleaved_ml_artifact_512mb.bin,chunk_oracle_best_size,262144,1434,375914496,262144,101,0.000385284423828125,zstd_19,0.0066727787465866726,0.000324249267578125,0.99957275390625,14,262144
results/phase3_interleaved/interleaved_256kb_oracle.adc,data/ml_data/phase3_interleaved_ml_artifact_512mb.bin,chunk_oracle_best_size,262144,1435,376176640,262144,278,0.00106048583984375,zstd_3,4.260650127791367,0.2631645202636719,0.22806930541992188,117,262144
results/phase3_interleaved/interleaved_256kb_oracle.adc,data/ml_data/phase3_interleaved_ml_artifact_512mb.bin,chunk_oracle_best_size,262144,1436,376438784,262144,1872,0.00714111328125,lzma_6,4.769643260689262,1.0,0.0,46,262144
results/phase3_interleaved/interleaved_256kb_oracle.adc,data/ml_data/phase3_interleaved_ml_artifact_512mb.bin,chunk_oracle_best_size,262144,1437,376700928,262144,184848,0.70513916015625,lzma_6,7.295775234866047,0.42603302001953125,0.003753662109375,256,262144
results/phase3_interleaved/interleaved_256kb_oracle.adc,data/ml_data/phase3_interleaved_ml_artifact_512mb.bin,chunk_oracle_best_size,262144,1438,376963072,262144,81,0.000308990478515625,zstd_10,1.8953693672656133,0.030029296875,0.760009765625,25,262144
results/phase3_interleaved/interleaved_256kb_oracle.adc,data/ml_data/phase3_interleaved_ml_artifact_512mb.bin,chunk_oracle_best_size,262144,1439,377225216,262144,262144,1.0,store,7.999251710412617,0.3823585510253906,0.00396728515625,256,262144
results/phase3_interleaved/interleaved_256kb_oracle.adc,data/ml_data/phase3_interleaved_ml_artifact_512mb.bin,chunk_oracle_best_size,262144,1440,377487360,262144,8227,0.031383514404296875,zstd_19,4.473946392893852,1.0,0.0,34,262144
results/phase3_interleaved/interleaved_256kb_oracle.adc,data/ml_data/phase3_interleaved_ml_artifact_512mb.bin,chunk_oracle_best_size,262144,1441,377749504,262144,101,0.000385284423828125,zstd_19,0.0066727787465866726,0.000324249267578125,0.99957275390625,14,262144
results/phase3_interleaved/interleaved_256kb_oracle.adc,data/ml_data/phase3_interleaved_ml_artifact_512mb.bin,chunk_oracle_best_size,262144,1442,378011648,262144,1872,0.00714111328125,lzma_6,4.770084186922141,1.0,0.0,46,262144
results/phase3_interleaved/interleaved_256kb_oracle.adc,data/ml_data/phase3_interleaved_ml_artifact_512mb.bin,chunk_oracle_best_size,262144,1443,378273792,262144,101,0.000385284423828125,zstd_19,0.0066727787465866726,0.000324249267578125,0.99957275390625,14,262144
results/phase3_interleaved/interleaved_256kb_oracle.adc,data/ml_data/phase3_interleaved_ml_artifact_512mb.bin,chunk_oracle_best_size,262144,1444,378535936,262144,182892,0.6976776123046875,lzma_6,7.305395674453175,0.43595123291015625,0.003017425537109375,256,262144
results/phase3_interleaved/interleaved_256kb_oracle.adc,data/ml_data/phase3_interleaved_ml_artifact_512mb.bin,chunk_oracle_best_size,262144,1445,378798080,262144,71,0.000270843505859375,zstd_10,1.7772116148855726,0.03948974609375,0.76318359375,19,262144
results/phase3_interleaved/interleaved_256kb_oracle.adc,data/ml_data/phase3_interleaved_ml_artifact_512mb.bin,chunk_oracle_best_size,262144,1446,379060224,262144,7720,0.029449462890625,lzma_6,4.472593453065844,1.0,0.0,34,262144
results/phase3_interleaved/interleaved_256kb_oracle.adc,data/ml_data/phase3_interleaved_ml_artifact_512mb.bin,chunk_oracle_best_size,262144,1447,379322368,262144,262144,1.0,store,7.9992567387404,0.3823432922363281,0.003803253173828125,256,262144
results/phase3_interleaved/interleaved_256kb_oracle.adc,data/ml_data/phase3_interleaved_ml_artifact_512mb.bin,chunk_oracle_best_size,262144,1448,379584512,262144,101,0.000385284423828125,zstd_19,0.0066727787465866726,0.000324249267578125,0.99957275390625,14,262144
results/phase3_interleaved/interleaved_256kb_oracle.adc,data/ml_data/phase3_interleaved_ml_artifact_512mb.bin,chunk_oracle_best_size,262144,1449,379846656,262144,278,0.00106048583984375,zstd_3,4.254053951351759,0.2684288024902344,0.22806930541992188,114,262144
results/phase3_interleaved/interleaved_256kb_oracle.adc,data/ml_data/phase3_interleaved_ml_artifact_512mb.bin,chunk_oracle_best_size,262144,1450,380108800,262144,1872,0.00714111328125,lzma_6,4.770677573951998,1.0,0.0,46,262144
results/phase3_interleaved/interleaved_256kb_oracle.adc,data/ml_data/phase3_interleaved_ml_artifact_512mb.bin,chunk_oracle_best_size,262144,1451,380370944,262144,185648,0.70819091796875,lzma_6,7.252787831109822,0.4141960144042969,0.00315093994140625,256,262144
results/phase3_interleaved/interleaved_256kb_oracle.adc,data/ml_data/phase3_interleaved_ml_artifact_512mb.bin,chunk_oracle_best_size,262144,1452,380633088,262144,82,0.00031280517578125,zstd_10,1.91181155523121,0.0289306640625,0.7596435546875,26,262144
results/phase3_interleaved/interleaved_256kb_oracle.adc,data/ml_data/phase3_interleaved_ml_artifact_512mb.bin,chunk_oracle_best_size,262144,1453,380895232,262144,262144,1.0,store,7.999339669458231,0.38312530517578125,0.004032135009765625,256,262144
results/phase3_interleaved/interleaved_256kb_oracle.adc,data/ml_data/phase3_interleaved_ml_artifact_512mb.bin,chunk_oracle_best_size,262144,1454,381157376,262144,8636,0.0329437255859375,lzma_6,4.47250840720244,1.0,0.0,34,262144
results/phase3_interleaved/interleaved_256kb_oracle.adc,data/ml_data/phase3_interleaved_ml_artifact_512mb.bin,chunk_oracle_best_size,262144,1455,381419520,262144,101,0.000385284423828125,zstd_19,0.0066727787465866726,0.000324249267578125,0.99957275390625,14,262144
results/phase3_interleaved/interleaved_256kb_oracle.adc,data/ml_data/phase3_interleaved_ml_artifact_512mb.bin,chunk_oracle_best_size,262144,1456,381681664,262144,1872,0.00714111328125,lzma_6,4.774306561244038,1.0,0.0,46,262144
results/phase3_interleaved/interleaved_256kb_oracle.adc,data/ml_data/phase3_interleaved_ml_artifact_512mb.bin,chunk_oracle_best_size,262144,1457,381943808,262144,101,0.000385284423828125,zstd_19,0.0066727787465866726,0.000324249267578125,0.99957275390625,14,262144
results/phase3_interleaved/interleaved_256kb_oracle.adc,data/ml_data/phase3_interleaved_ml_artifact_512mb.bin,chunk_oracle_best_size,262144,1458,382205952,262144,178060,0.6792449951171875,lzma_6,7.284715318050476,0.4375190734863281,0.0029449462890625,256,262144
results/phase3_interleaved/interleaved_256kb_oracle.adc,data/ml_data/phase3_interleaved_ml_artifact_512mb.bin,chunk_oracle_best_size,262144,1459,382468096,262144,74,0.00028228759765625,zstd_10,1.7996677981511775,0.03753662109375,0.76251220703125,20,262144
results/phase3_interleaved/interleaved_256kb_oracle.adc,data/ml_data/phase3_interleaved_ml_artifact_512mb.bin,chunk_oracle_best_size,262144,1460,382730240,262144,8236,0.0314178466796875,zstd_10,4.484049928618299,1.0,0.0,34,262144
results/phase3_interleaved/interleaved_256kb_oracle.adc,data/ml_data/phase3_interleaved_ml_artifact_512mb.bin,chunk_oracle_best_size,262144,1461,382992384,262144,262144,1.0,store,7.999227116015247,0.38348388671875,0.003955841064453125,256,262144
results/phase3_interleaved/interleaved_256kb_oracle.adc,data/ml_data/phase3_interleaved_ml_artifact_512mb.bin,chunk_oracle_best_size,262144,1462,383254528,262144,101,0.000385284423828125,zstd_19,0.0066727787465866726,0.000324249267578125,0.99957275390625,14,262144
results/phase3_interleaved/interleaved_256kb_oracle.adc,data/ml_data/phase3_interleaved_ml_artifact_512mb.bin,chunk_oracle_best_size,262144,1463,383516672,262144,278,0.00106048583984375,zstd_3,4.251329039352098,0.2640419006347656,0.22806930541992188,115,262144
results/phase3_interleaved/interleaved_256kb_oracle.adc,data/ml_data/phase3_interleaved_ml_artifact_512mb.bin,chunk_oracle_best_size,262144,1464,383778816,262144,1872,0.00714111328125,lzma_6,4.76836614339451,1.0,0.0,46,262144
results/phase3_interleaved/interleaved_256kb_oracle.adc,data/ml_data/phase3_interleaved_ml_artifact_512mb.bin,chunk_oracle_best_size,262144,1465,384040960,262144,178044,0.6791839599609375,lzma_6,7.239339668573109,0.4351234436035156,0.00308990478515625,256,262144
results/phase3_interleaved/interleaved_256kb_oracle.adc,data/ml_data/phase3_interleaved_ml_artifact_512mb.bin,chunk_oracle_best_size,262144,1466,384303104,262144,83,0.000316619873046875,zstd_10,1.9277406931939804,0.02783203125,0.75927734375,27,262144
results/phase3_interleaved/interleaved_256kb_oracle.adc,data/ml_data/phase3_interleaved_ml_artifact_512mb.bin,chunk_oracle_best_size,262144,1467,384565248,262144,262144,1.0,store,7.9993713798272355,0.384002685546875,0.004077911376953125,256,262144
results/phase3_interleaved/interleaved_256kb_oracle.adc,data/ml_data/phase3_interleaved_ml_artifact_512mb.bin,chunk_oracle_best_size,262144,1468,384827392,262144,8185,0.031223297119140625,zstd_19,4.48267979977644,1.0,0.0,34,262144
results/phase3_interleaved/interleaved_256kb_oracle.adc,data/ml_data/phase3_interleaved_ml_artifact_512mb.bin,chunk_oracle_best_size,262144,1469,385089536,262144,101,0.000385284423828125,zstd_19,0.0066727787465866726,0.000324249267578125,0.99957275390625,14,262144
results/phase3_interleaved/interleaved_256kb_oracle.adc,data/ml_data/phase3_interleaved_ml_artifact_512mb.bin,chunk_oracle_best_size,262144,1470,385351680,262144,1872,0.00714111328125,lzma_6,4.770792324353276,1.0,0.0,46,262144
results/phase3_interleaved/interleaved_256kb_oracle.adc,data/ml_data/phase3_interleaved_ml_artifact_512mb.bin,chunk_oracle_best_size,262144,1471,385613824,262144,101,0.000385284423828125,zstd_19,0.0066727787465866726,0.000324249267578125,0.99957275390625,14,262144
results/phase3_interleaved/interleaved_256kb_oracle.adc,data/ml_data/phase3_interleaved_ml_artifact_512mb.bin,chunk_oracle_best_size,262144,1472,385875968,262144,182088,0.694610595703125,lzma_6,7.246992313926824,0.46207427978515625,0.00274658203125,256,262144
results/phase3_interleaved/interleaved_256kb_oracle.adc,data/ml_data/phase3_interleaved_ml_artifact_512mb.bin,chunk_oracle_best_size,262144,1473,386138112,262144,75,0.000286102294921875,zstd_10,1.8205400655918629,0.03570556640625,0.761962890625,21,262144
results/phase3_interleaved/interleaved_256kb_oracle.adc,data/ml_data/phase3_interleaved_ml_artifact_512mb.bin,chunk_oracle_best_size,262144,1474,386400256,262144,8213,0.031330108642578125,zstd_19,4.47254263466527,1.0,0.0,34,262144
results/phase3_interleaved/interleaved_256kb_oracle.adc,data/ml_data/phase3_interleaved_ml_artifact_512mb.bin,chunk_oracle_best_size,262144,1475,386662400,262144,262144,1.0,store,7.999292926120804,0.3838386535644531,0.004016876220703125,256,262144
results/phase3_interleaved/interleaved_256kb_oracle.adc,data/ml_data/phase3_interleaved_ml_artifact_512mb.bin,chunk_oracle_best_size,262144,1476,386924544,262144,104,0.000396728515625,zstd_19,0.0066727787465866726,0.000324249267578125,0.99957275390625,14,262144
results/phase3_interleaved/interleaved_256kb_oracle.adc,data/ml_data/phase3_interleaved_ml_artifact_512mb.bin,chunk_oracle_best_size,262144,1477,387186688,262144,278,0.00106048583984375,zstd_3,4.25995348115949,0.2684288024902344,0.22806930541992188,117,262144
results/phase3_interleaved/interleaved_256kb_oracle.adc,data/ml_data/phase3_interleaved_ml_artifact_512mb.bin,chunk_oracle_best_size,262144,1478,387448832,262144,1872,0.00714111328125,lzma_6,4.779366231908866,1.0,0.0,46,262144
results/phase3_interleaved/interleaved_256kb_oracle.adc,data/ml_data/phase3_interleaved_ml_artifact_512mb.bin,chunk_oracle_best_size,262144,1479,387710976,262144,179036,0.6829681396484375,lzma_6,7.2632692491976485,0.47939300537109375,0.003040313720703125,256,262144
results/phase3_interleaved/interleaved_256kb_oracle.adc,data/ml_data/phase3_interleaved_ml_artifact_512mb.bin,chunk_oracle_best_size,262144,1480,387973120,262144,85,0.000324249267578125,zstd_10,1.9428040212458586,0.0267333984375,0.75897216796875,28,262144
results/phase3_interleaved/interleaved_256kb_oracle.adc,data/ml_data/phase3_interleaved_ml_artifact_512mb.bin,chunk_oracle_best_size,262144,1481,388235264,262144,262144,1.0,store,7.9993153758778845,0.3823585510253906,0.00395965576171875,256,262144
results/phase3_interleaved/interleaved_256kb_oracle.adc,data/ml_data/phase3_interleaved_ml_artifact_512mb.bin,chunk_oracle_best_size,262144,1482,388497408,262144,7712,0.0294189453125,lzma_6,4.479237197596894,1.0,0.0,34,262144
results/phase3_interleaved/interleaved_256kb_oracle.adc,data/ml_data/phase3_interleaved_ml_artifact_512mb.bin,chunk_oracle_best_size,262144,1483,388759552,262144,104,0.000396728515625,zstd_19,0.0066727787465866726,0.000324249267578125,0.99957275390625,14,262144
results/phase3_interleaved/interleaved_256kb_oracle.adc,data/ml_data/phase3_interleaved_ml_artifact_512mb.bin,chunk_oracle_best_size,262144,1484,389021696,262144,1872,0.00714111328125,lzma_6,4.773311063658061,1.0,0.0,46,262144
results/phase3_interleaved/interleaved_256kb_oracle.adc,data/ml_data/phase3_interleaved_ml_artifact_512mb.bin,chunk_oracle_best_size,262144,1485,389283840,262144,104,0.000396728515625,zstd_19,0.0066727787465866726,0.000324249267578125,0.99957275390625,14,262144
results/phase3_interleaved/interleaved_256kb_oracle.adc,data/ml_data/phase3_interleaved_ml_artifact_512mb.bin,chunk_oracle_best_size,262144,1486,389545984,262144,177780,0.6781768798828125,lzma_6,7.282115566751252,0.4290199279785156,0.004100799560546875,256,262144
results/phase3_interleaved/interleaved_256kb_oracle.adc,data/ml_data/phase3_interleaved_ml_artifact_512mb.bin,chunk_oracle_best_size,262144,1487,389808128,262144,77,0.000293731689453125,zstd_10,1.8406283492670494,0.0340576171875,0.76141357421875,22,262144
results/phase3_interleaved/interleaved_256kb_oracle.adc,data/ml_data/phase3_interleaved_ml_artifact_512mb.bin,chunk_oracle_best_size,262144,1488,390070272,262144,8051,0.030712127685546875,zstd_19,4.473080075306738,1.0,0.0,34,262144
results/phase3_interleaved/interleaved_256kb_oracle.adc,data/ml_data/phase3_interleaved_ml_artifact_512mb.bin,chunk_oracle_best_size,262144,1489,390332416,262144,262144,1.0,store,7.999268725438353,0.38188934326171875,0.00373077392578125,256,262144
results/phase3_interleaved/interleaved_256kb_oracle.adc,data/ml_data/phase3_interleaved_ml_artifact_512mb.bin,chunk_oracle_best_size,262144,1490,390594560,262144,104,0.000396728515625,zstd_19,0.0066727787465866726,0.000324249267578125,0.99957275390625,14,262144
results/phase3_interleaved/interleaved_256kb_oracle.adc,data/ml_data/phase3_interleaved_ml_artifact_512mb.bin,chunk_oracle_best_size,262144,1491,390856704,262144,278,0.00106048583984375,zstd_3,4.261309024700976,0.2675514221191406,0.22806930541992188,117,262144
results/phase3_interleaved/interleaved_256kb_oracle.adc,data/ml_data/phase3_interleaved_ml_artifact_512mb.bin,chunk_oracle_best_size,262144,1492,391118848,262144,1872,0.00714111328125,lzma_6,4.771739283454861,1.0,0.0,46,262144
results/phase3_interleaved/interleaved_256kb_oracle.adc,data/ml_data/phase3_interleaved_ml_artifact_512mb.bin,chunk_oracle_best_size,262144,1493,391380992,262144,187312,0.71453857421875,lzma_6,7.332029358682698,0.42865753173828125,0.003086090087890625,256,262144
results/phase3_interleaved/interleaved_256kb_oracle.adc,data/ml_data/phase3_interleaved_ml_artifact_512mb.bin,chunk_oracle_best_size,262144,1494,391643136,262144,85,0.000324249267578125,zstd_10,1.9574219614934496,0.02581787109375,0.7586669921875,29,262144
results/phase3_interleaved/interleaved_256kb_oracle.adc,data/ml_data/phase3_interleaved_ml_artifact_512mb.bin,chunk_oracle_best_size,262144,1495,391905280,262144,262144,1.0,store,7.999241367461112,0.38346099853515625,0.00408935546875,256,262144
results/phase3_interleaved/interleaved_256kb_oracle.adc,data/ml_data/phase3_interleaved_ml_artifact_512mb.bin,chunk_oracle_best_size,262144,1496,392167424,262144,8236,0.0314178466796875,zstd_10,4.482661104962376,1.0,0.0,34,262144
results/phase3_interleaved/interleaved_256kb_oracle.adc,data/ml_data/phase3_interleaved_ml_artifact_512mb.bin,chunk_oracle_best_size,262144,1497,392429568,262144,104,0.000396728515625,zstd_19,0.0066727787465866726,0.000324249267578125,0.99957275390625,14,262144
results/phase3_interleaved/interleaved_256kb_oracle.adc,data/ml_data/phase3_interleaved_ml_artifact_512mb.bin,chunk_oracle_best_size,262144,1498,392691712,262144,1872,0.00714111328125,lzma_6,4.7749661601907825,1.0,0.0,46,262144
results/phase3_interleaved/interleaved_256kb_oracle.adc,data/ml_data/phase3_interleaved_ml_artifact_512mb.bin,chunk_oracle_best_size,262144,1499,392953856,262144,104,0.000396728515625,zstd_19,0.0066727787465866726,0.000324249267578125,0.99957275390625,14,262144
results/phase3_interleaved/interleaved_256kb_oracle.adc,data/ml_data/phase3_interleaved_ml_artifact_512mb.bin,chunk_oracle_best_size,262144,1500,393216000,262144,183716,0.7008209228515625,lzma_6,7.34554171290892,0.4072380065917969,0.003173828125,256,262144
results/phase3_interleaved/interleaved_256kb_oracle.adc,data/ml_data/phase3_interleaved_ml_artifact_512mb.bin,chunk_oracle_best_size,262144,1501,393478144,262144,78,0.00029754638671875,zstd_10,1.8596352327448284,0.0325927734375,0.76092529296875,23,262144
results/phase3_interleaved/interleaved_256kb_oracle.adc,data/ml_data/phase3_interleaved_ml_artifact_512mb.bin,chunk_oracle_best_size,262144,1502,393740288,262144,8644,0.0329742431640625,lzma_6,4.481671015760773,1.0,0.0,34,262144
results/phase3_interleaved/interleaved_256kb_oracle.adc,data/ml_data/phase3_interleaved_ml_artifact_512mb.bin,chunk_oracle_best_size,262144,1503,394002432,262144,262144,1.0,store,7.9992195639573085,0.3836669921875,0.0039520263671875,256,262144
results/phase3_interleaved/interleaved_256kb_oracle.adc,data/ml_data/phase3_interleaved_ml_artifact_512mb.bin,chunk_oracle_best_size,262144,1504,394264576,262144,104,0.000396728515625,zstd_19,0.0066727787465866726,0.000324249267578125,0.99957275390625,14,262144
results/phase3_interleaved/interleaved_256kb_oracle.adc,data/ml_data/phase3_interleaved_ml_artifact_512mb.bin,chunk_oracle_best_size,262144,1505,394526720,262144,278,0.00106048583984375,zstd_3,4.264691045324041,0.2657966613769531,0.22806930541992188,117,262144
results/phase3_interleaved/interleaved_256kb_oracle.adc,data/ml_data/phase3_interleaved_ml_artifact_512mb.bin,chunk_oracle_best_size,262144,1506,394788864,262144,1872,0.00714111328125,lzma_6,4.770722337574482,1.0,0.0,46,262144
results/phase3_interleaved/interleaved_256kb_oracle.adc,data/ml_data/phase3_interleaved_ml_artifact_512mb.bin,chunk_oracle_best_size,262144,1507,395051008,262144,180432,0.68829345703125,lzma_6,7.274476954108996,0.45127105712890625,0.002193450927734375,256,262144
results/phase3_interleaved/interleaved_256kb_oracle.adc,data/ml_data/phase3_interleaved_ml_artifact_512mb.bin,chunk_oracle_best_size,262144,1508,395313152,262144,67,0.000255584716796875,zstd_10,1.728282418908997,0.04412841796875,0.76470947265625,17,262144
results/phase3_interleaved/interleaved_256kb_oracle.adc,data/ml_data/phase3_interleaved_ml_artifact_512mb.bin,chunk_oracle_best_size,262144,1509,395575296,262144,262144,1.0,store,7.999306524263797,0.38210296630859375,0.003826141357421875,256,262144
results/phase3_interleaved/interleaved_256kb_oracle.adc,data/ml_data/phase3_interleaved_ml_artifact_512mb.bin,chunk_oracle_best_size,262144,1510,395837440,262144,8649,0.032993316650390625,zstd_19,4.472583918906022,1.0,0.0,34,262144
results/phase3_interleaved/interleaved_256kb_oracle.adc,data/ml_data/phase3_interleaved_ml_artifact_512mb.bin,chunk_oracle_best_size,262144,1511,396099584,262144,104,0.000396728515625,zstd_19,0.0066727787465866726,0.000324249267578125,0.99957275390625,14,262144
results/phase3_interleaved/interleaved_256kb_oracle.adc,data/ml_data/phase3_interleaved_ml_artifact_512mb.bin,chunk_oracle_best_size,262144,1512,396361728,262144,1872,0.00714111328125,lzma_6,4.776024604771669,1.0,0.0,46,262144
results/phase3_interleaved/interleaved_256kb_oracle.adc,data/ml_data/phase3_interleaved_ml_artifact_512mb.bin,chunk_oracle_best_size,262144,1513,396623872,262144,104,0.000396728515625,zstd_19,0.0066727787465866726,0.000324249267578125,0.99957275390625,14,262144
results/phase3_interleaved/interleaved_256kb_oracle.adc,data/ml_data/phase3_interleaved_ml_artifact_512mb.bin,chunk_oracle_best_size,262144,1514,396886016,262144,182604,0.6965789794921875,lzma_6,7.254600441073229,0.4647407531738281,0.002063751220703125,256,262144
results/phase3_interleaved/interleaved_256kb_oracle.adc,data/ml_data/phase3_interleaved_ml_artifact_512mb.bin,chunk_oracle_best_size,262144,1515,397148160,262144,80,0.00030517578125,zstd_10,1.8779894615960075,0.03131103515625,0.76043701171875,24,262144
results/phase3_interleaved/interleaved_256kb_oracle.adc,data/ml_data/phase3_interleaved_ml_artifact_512mb.bin,chunk_oracle_best_size,262144,1516,397410304,262144,8415,0.032100677490234375,zstd_19,4.471229129541718,1.0,0.0,34,262144
results/phase3_interleaved/interleaved_256kb_oracle.adc,data/ml_data/phase3_interleaved_ml_artifact_512mb.bin,chunk_oracle_best_size,262144,1517,397672448,262144,262144,1.0,store,7.999442855277724,0.3834190368652344,0.003780364990234375,256,262144
results/phase3_interleaved/interleaved_256kb_oracle.adc,data/ml_data/phase3_interleaved_ml_artifact_512mb.bin,chunk_oracle_best_size,262144,1518,397934592,262144,104,0.000396728515625,zstd_19,0.0066727787465866726,0.000324249267578125,0.99957275390625,14,262144
results/phase3_interleaved/interleaved_256kb_oracle.adc,data/ml_data/phase3_interleaved_ml_artifact_512mb.bin,chunk_oracle_best_size,262144,1519,398196736,262144,278,0.00106048583984375,zstd_3,4.261305204008668,0.2701835632324219,0.22806930541992188,117,262144
results/phase3_interleaved/interleaved_256kb_oracle.adc,data/ml_data/phase3_interleaved_ml_artifact_512mb.bin,chunk_oracle_best_size,262144,1520,398458880,262144,1872,0.00714111328125,lzma_6,4.772440381102113,1.0,0.0,46,262144
results/phase3_interleaved/interleaved_256kb_oracle.adc,data/ml_data/phase3_interleaved_ml_artifact_512mb.bin,chunk_oracle_best_size,262144,1521,398721024,262144,183284,0.6991729736328125,lzma_6,7.294184306751385,0.45630645751953125,0.003047943115234375,256,262144
results/phase3_interleaved/interleaved_256kb_oracle.adc,data/ml_data/phase3_interleaved_ml_artifact_512mb.bin,chunk_oracle_best_size,262144,1522,398983168,262144,70,0.00026702880859375,zstd_10,1.7534509016363693,0.0416259765625,0.763916015625,18,262144
results/phase3_interleaved/interleaved_256kb_oracle.adc,data/ml_data/phase3_interleaved_ml_artifact_512mb.bin,chunk_oracle_best_size,262144,1523,399245312,262144,262144,1.0,store,7.9994326742058535,0.3831329345703125,0.003810882568359375,256,262144
results/phase3_interleaved/interleaved_256kb_oracle.adc,data/ml_data/phase3_interleaved_ml_artifact_512mb.bin,chunk_oracle_best_size,262144,1524,399507456,262144,8052,0.0307159423828125,zstd_19,4.479160984023085,1.0,0.0,34,262144
results/phase3_interleaved/interleaved_256kb_oracle.adc,data/ml_data/phase3_interleaved_ml_artifact_512mb.bin,chunk_oracle_best_size,262144,1525,399769600,262144,104,0.000396728515625,zstd_19,0.0066727787465866726,0.000324249267578125,0.99957275390625,14,262144
results/phase3_interleaved/interleaved_256kb_oracle.adc,data/ml_data/phase3_interleaved_ml_artifact_512mb.bin,chunk_oracle_best_size,262144,1526,400031744,262144,1872,0.00714111328125,lzma_6,4.776069368394152,1.0,0.0,46,262144
results/phase3_interleaved/interleaved_256kb_oracle.adc,data/ml_data/phase3_interleaved_ml_artifact_512mb.bin,chunk_oracle_best_size,262144,1527,400293888,262144,104,0.000396728515625,zstd_19,0.0066727787465866726,0.000324249267578125,0.99957275390625,14,262144
results/phase3_interleaved/interleaved_256kb_oracle.adc,data/ml_data/phase3_interleaved_ml_artifact_512mb.bin,chunk_oracle_best_size,262144,1528,400556032,262144,182316,0.6954803466796875,lzma_6,7.311875570457214,0.45056915283203125,0.0031280517578125,256,262144
results/phase3_interleaved/interleaved_256kb_oracle.adc,data/ml_data/phase3_interleaved_ml_artifact_512mb.bin,chunk_oracle_best_size,262144,1529,400818176,262144,81,0.000308990478515625,zstd_10,1.8953693672656133,0.030029296875,0.760009765625,25,262144
results/phase3_interleaved/interleaved_256kb_oracle.adc,data/ml_data/phase3_interleaved_ml_artifact_512mb.bin,chunk_oracle_best_size,262144,1530,401080320,262144,8232,0.031402587890625,zstd_19,4.484021835622158,1.0,0.0,34,262144
results/phase3_interleaved/interleaved_256kb_oracle.adc,data/ml_data/phase3_interleaved_ml_artifact_512mb.bin,chunk_oracle_best_size,262144,1531,401342464,262144,262144,1.0,store,7.999205157081918,0.3847846984863281,0.003879547119140625,256,262144
results/phase3_interleaved/interleaved_256kb_oracle.adc,data/ml_data/phase3_interleaved_ml_artifact_512mb.bin,chunk_oracle_best_size,262144,1532,401604608,262144,104,0.000396728515625,zstd_19,0.0066727787465866726,0.000324249267578125,0.99957275390625,14,262144
results/phase3_interleaved/interleaved_256kb_oracle.adc,data/ml_data/phase3_interleaved_ml_artifact_512mb.bin,chunk_oracle_best_size,262144,1533,401866752,262144,278,0.00106048583984375,zstd_3,4.255231639548213,0.2675514221191406,0.22806930541992188,115,262144
results/phase3_interleaved/interleaved_256kb_oracle.adc,data/ml_data/phase3_interleaved_ml_artifact_512mb.bin,chunk_oracle_best_size,262144,1534,402128896,262144,1872,0.00714111328125,lzma_6,4.774260084458168,1.0,0.0,46,262144
results/phase3_interleaved/interleaved_256kb_oracle.adc,data/ml_data/phase3_interleaved_ml_artifact_512mb.bin,chunk_oracle_best_size,262144,1535,402391040,262144,184528,0.70391845703125,lzma_6,7.304911321689848,0.4025306701660156,0.0031890869140625,256,262144
results/phase3_interleaved/interleaved_256kb_oracle.adc,data/ml_data/phase3_interleaved_ml_artifact_512mb.bin,chunk_oracle_best_size,262144,1536,402653184,262144,71,0.000270843505859375,zstd_10,1.7772116148855726,0.03948974609375,0.76318359375,19,262144
results/phase3_interleaved/interleaved_256kb_oracle.adc,data/ml_data/phase3_interleaved_ml_artifact_512mb.bin,chunk_oracle_best_size,262144,1537,402915328,262144,262144,1.0,store,7.999318682079644,0.38278961181640625,0.0039215087890625,256,262144
results/phase3_interleaved/interleaved_256kb_oracle.adc,data/ml_data/phase3_interleaved_ml_artifact_512mb.bin,chunk_oracle_best_size,262144,1538,403177472,262144,8644,0.0329742431640625,lzma_6,4.482660956461653,1.0,0.0,34,262144
results/phase3_interleaved/interleaved_256kb_oracle.adc,data/ml_data/phase3_interleaved_ml_artifact_512mb.bin,chunk_oracle_best_size,262144,1539,403439616,262144,101,0.000385284423828125,zstd_19,0.0066727787465866726,0.000324249267578125,0.99957275390625,14,262144
results/phase3_interleaved/interleaved_256kb_oracle.adc,data/ml_data/phase3_interleaved_ml_artifact_512mb.bin,chunk_oracle_best_size,262144,1540,403701760,262144,1872,0.00714111328125,lzma_6,4.770677573951998,1.0,0.0,46,262144
results/phase3_interleaved/interleaved_256kb_oracle.adc,data/ml_data/phase3_interleaved_ml_artifact_512mb.bin,chunk_oracle_best_size,262144,1541,403963904,262144,101,0.000385284423828125,zstd_19,0.0066727787465866726,0.000324249267578125,0.99957275390625,14,262144
results/phase3_interleaved/interleaved_256kb_oracle.adc,data/ml_data/phase3_interleaved_ml_artifact_512mb.bin,chunk_oracle_best_size,262144,1542,404226048,262144,181032,0.690582275390625,lzma_6,7.3007205650424405,0.4244575500488281,0.00279998779296875,256,262144
results/phase3_interleaved/interleaved_256kb_oracle.adc,data/ml_data/phase3_interleaved_ml_artifact_512mb.bin,chunk_oracle_best_size,262144,1543,404488192,262144,82,0.00031280517578125,zstd_10,1.91181155523121,0.0289306640625,0.7596435546875,26,262144
results/phase3_interleaved/interleaved_256kb_oracle.adc,data/ml_data/phase3_interleaved_ml_artifact_512mb.bin,chunk_oracle_best_size,262144,1544,404750336,262144,8636,0.0329437255859375,lzma_6,4.47250840720244,1.0,0.0,34,262144
results/phase3_interleaved/interleaved_256kb_oracle.adc,data/ml_data/phase3_interleaved_ml_artifact_512mb.bin,chunk_oracle_best_size,262144,1545,405012480,262144,262144,1.0,store,7.999260163824455,0.3834686279296875,0.003875732421875,256,262144
results/phase3_interleaved/interleaved_256kb_oracle.adc,data/ml_data/phase3_interleaved_ml_artifact_512mb.bin,chunk_oracle_best_size,262144,1546,405274624,262144,101,0.000385284423828125,zstd_19,0.0066727787465866726,0.000324249267578125,0.99957275390625,14,262144
results/phase3_interleaved/interleaved_256kb_oracle.adc,data/ml_data/phase3_interleaved_ml_artifact_512mb.bin,chunk_oracle_best_size,262144,1547,405536768,262144,278,0.00106048583984375,zstd_3,4.262706252227259,0.2631645202636719,0.22806930541992188,117,262144
results/phase3_interleaved/interleaved_256kb_oracle.adc,data/ml_data/phase3_interleaved_ml_artifact_512mb.bin,chunk_oracle_best_size,262144,1548,405798912,262144,1872,0.00714111328125,lzma_6,4.779251481507589,1.0,0.0,46,262144
results/phase3_interleaved/interleaved_256kb_oracle.adc,data/ml_data/phase3_interleaved_ml_artifact_512mb.bin,chunk_oracle_best_size,262144,1549,406061056,262144,183764,0.7010040283203125,lzma_6,7.315331308098927,0.433807373046875,0.0026092529296875,256,262144
results/phase3_interleaved/interleaved_256kb_oracle.adc,data/ml_data/phase3_interleaved_ml_artifact_512mb.bin,chunk_oracle_best_size,262144,1550,406323200,262144,74,0.00028228759765625,zstd_10,1.7996677981511775,0.03753662109375,0.76251220703125,20,262144
results/phase3_interleaved/interleaved_256kb_oracle.adc,data/ml_data/phase3_interleaved_ml_artifact_512mb.bin,chunk_oracle_best_size,262144,1551,406585344,262144,262144,1.0,store,7.9992198191484984,0.3826446533203125,0.0038909912109375,256,262144
results/phase3_interleaved/interleaved_256kb_oracle.adc,data/ml_data/phase3_interleaved_ml_artifact_512mb.bin,chunk_oracle_best_size,262144,1552,406847488,262144,8391,0.032009124755859375,zstd_19,4.470690750374487,1.0,0.0,34,262144
results/phase3_interleaved/interleaved_256kb_oracle.adc,data/ml_data/phase3_interleaved_ml_artifact_512mb.bin,chunk_oracle_best_size,262144,1553,407109632,262144,101,0.000385284423828125,zstd_19,0.0066727787465866726,0.000324249267578125,0.99957275390625,14,262144
results/phase3_interleaved/interleaved_256kb_oracle.adc,data/ml_data/phase3_interleaved_ml_artifact_512mb.bin,chunk_oracle_best_size,262144,1554,407371776,262144,1872,0.00714111328125,lzma_6,4.7760296078731725,1.0,0.0,46,262144
results/phase3_interleaved/interleaved_256kb_oracle.adc,data/ml_data/phase3_interleaved_ml_artifact_512mb.bin,chunk_oracle_best_size,262144,1555,407633920,262144,101,0.000385284423828125,zstd_19,0.0066727787465866726,0.000324249267578125,0.99957275390625,14,262144
results/phase3_interleaved/interleaved_256kb_oracle.adc,data/ml_data/phase3_interleaved_ml_artifact_512mb.bin,chunk_oracle_best_size,262144,1556,407896064,262144,182228,0.6951446533203125,lzma_6,7.255692438756317,0.4427909851074219,0.003582000732421875,256,262144
results/phase3_interleaved/interleaved_256kb_oracle.adc,data/ml_data/phase3_interleaved_ml_artifact_512mb.bin,chunk_oracle_best_size,262144,1557,408158208,262144,83,0.000316619873046875,zstd_10,1.9277406931939804,0.02783203125,0.75927734375,27,262144
results/phase3_interleaved/interleaved_256kb_oracle.adc,data/ml_data/phase3_interleaved_ml_artifact_512mb.bin,chunk_oracle_best_size,262144,1558,408420352,262144,8270,0.03154754638671875,zstd_19,4.474150136662988,1.0,0.0,34,262144
results/phase3_interleaved/interleaved_256kb_oracle.adc,data/ml_data/phase3_interleaved_ml_artifact_512mb.bin,chunk_oracle_best_size,262144,1559,408682496,262144,262144,1.0,store,7.999265216254488,0.3815422058105469,0.003993988037109375,256,262144
results/phase3_interleaved/interleaved_256kb_oracle.adc,data/ml_data/phase3_interleaved_ml_artifact_512mb.bin,chunk_oracle_best_size,262144,1560,408944640,262144,101,0.000385284423828125,zstd_19,0.0066727787465866726,0.000324249267578125,0.99957275390625,14,262144
results/phase3_interleaved/interleaved_256kb_oracle.adc,data/ml_data/phase3_interleaved_ml_artifact_512mb.bin,chunk_oracle_best_size,262144,1561,409206784,262144,278,0.00106048583984375,zstd_3,4.265347314657252,0.2684288024902344,0.22806930541992188,117,262144
results/phase3_interleaved/interleaved_256kb_oracle.adc,data/ml_data/phase3_interleaved_ml_artifact_512mb.bin,chunk_oracle_best_size,262144,1562,409468928,262144,1872,0.00714111328125,lzma_6,4.776069368394152,1.0,0.0,46,262144
results/phase3_interleaved/interleaved_256kb_oracle.adc,data/ml_data/phase3_interleaved_ml_artifact_512mb.bin,chunk_oracle_best_size,262144,1563,409731072,262144,183392,0.6995849609375,lzma_6,7.308239549969937,0.46038818359375,0.003875732421875,256,262144
results/phase3_interleaved/interleaved_256kb_oracle.adc,data/ml_data/phase3_interleaved_ml_artifact_512mb.bin,chunk_oracle_best_size,262144,1564,409993216,262144,75,0.000286102294921875,zstd_10,1.8205400655918629,0.03570556640625,0.761962890625,21,262144
results/phase3_interleaved/interleaved_256kb_oracle.adc,data/ml_data/phase3_interleaved_ml_artifact_512mb.bin,chunk_oracle_best_size,262144,1565,410255360,262144,262144,1.0,store,7.999189459285749,0.3818244934082031,0.004055023193359375,256,262144
results/phase3_interleaved/interleaved_256kb_oracle.adc,data/ml_data/phase3_interleaved_ml_artifact_512mb.bin,chunk_oracle_best_size,262144,1566,410517504,262144,8231,0.031398773193359375,zstd_19,4.47414515768056,1.0,0.0,34,262144
results/phase3_interleaved/interleaved_256kb_oracle.adc,data/ml_data/phase3_interleaved_ml_artifact_512mb.bin,chunk_oracle_best_size,262144,1567,410779648,262144,101,0.000385284423828125,zstd_19,0.0066727787465866726,0.000324249267578125,0.99957275390625,14,262144
results/phase3_interleaved/interleaved_256kb_oracle.adc,data/ml_data/phase3_interleaved_ml_artifact_512mb.bin,chunk_oracle_best_size,262144,1568,411041792,262144,1872,0.00714111328125,lzma_6,4.779296245130073,1.0,0.0,46,262144
results/phase3_interleaved/interleaved_256kb_oracle.adc,data/ml_data/phase3_interleaved_ml_artifact_512mb.bin,chunk_oracle_best_size,262144,1569,411303936,262144,101,0.000385284423828125,zstd_19,0.0066727787465866726,0.000324249267578125,0.99957275390625,14,262144
results/phase3_interleaved/interleaved_256kb_oracle.adc,data/ml_data/phase3_interleaved_ml_artifact_512mb.bin,chunk_oracle_best_size,262144,1570,411566080,262144,181368,0.691864013671875,lzma_6,7.325673546416032,0.41534423828125,0.004268646240234375,256,262144
results/phase3_interleaved/interleaved_256kb_oracle.adc,data/ml_data/phase3_interleaved_ml_artifact_512mb.bin,chunk_oracle_best_size,262144,1571,411828224,262144,85,0.000324249267578125,zstd_10,1.9428040212458586,0.0267333984375,0.75897216796875,28,262144
results/phase3_interleaved/interleaved_256kb_oracle.adc,data/ml_data/phase3_interleaved_ml_artifact_512mb.bin,chunk_oracle_best_size,262144,1572,412090368,262144,7620,0.0290679931640625,lzma_6,4.480290131437346,1.0,0.0,34,262144
results/phase3_interleaved/interleaved_256kb_oracle.adc,data/ml_data/phase3_interleaved_ml_artifact_512mb.bin,chunk_oracle_best_size,262144,1573,412352512,262144,262144,1.0,store,7.99915172691059,0.3837165832519531,0.004070281982421875,256,262144
results/phase3_interleaved/interleaved_256kb_oracle.adc,data/ml_data/phase3_interleaved_ml_artifact_512mb.bin,chunk_oracle_best_size,262144,1574,412614656,262144,101,0.000385284423828125,zstd_19,0.0066727787465866726,0.000324249267578125,0.99957275390625,14,262144
results/phase3_interleaved/interleaved_256kb_oracle.adc,data/ml_data/phase3_interleaved_ml_artifact_512mb.bin,chunk_oracle_best_size,262144,1575,412876800,262144,278,0.00106048583984375,zstd_3,4.263596374607372,0.2693061828613281,0.22806930541992188,116,262144
results/phase3_interleaved/interleaved_256kb_oracle.adc,data/ml_data/phase3_interleaved_ml_artifact_512mb.bin,chunk_oracle_best_size,262144,1576,413138944,262144,1872,0.00714111328125,lzma_6,4.779082899036706,1.0,0.0,46,262144
results/phase3_interleaved/interleaved_256kb_oracle.adc,data/ml_data/phase3_interleaved_ml_artifact_512mb.bin,chunk_oracle_best_size,262144,1577,413401088,262144,180368,0.68804931640625,lzma_6,7.318824364509782,0.4342498779296875,0.003002166748046875,256,262144
results/phase3_interleaved/interleaved_256kb_oracle.adc,data/ml_data/phase3_interleaved_ml_artifact_512mb.bin,chunk_oracle_best_size,262144,1578,413663232,262144,77,0.000293731689453125,zstd_10,1.8406283492670494,0.0340576171875,0.76141357421875,22,262144
results/phase3_interleaved/interleaved_256kb_oracle.adc,data/ml_data/phase3_interleaved_ml_artifact_512mb.bin,chunk_oracle_best_size,262144,1579,413925376,262144,262144,1.0,store,7.999249427514712,0.3820381164550781,0.003826141357421875,256,262144
results/phase3_interleaved/interleaved_256kb_oracle.adc,data/ml_data/phase3_interleaved_ml_artifact_512mb.bin,chunk_oracle_best_size,262144,1580,414187520,262144,8632,0.032928466796875,lzma_6,4.48508196985217,1.0,0.0,34,262144
results/phase3_interleaved/interleaved_256kb_oracle.adc,data/ml_data/phase3_interleaved_ml_artifact_512mb.bin,chunk_oracle_best_size,262144,1581,414449664,262144,101,0.000385284423828125,zstd_19,0.0066727787465866726,0.000324249267578125,0.99957275390625,14,262144
results/phase3_interleaved/interleaved_256kb_oracle.adc,data/ml_data/phase3_interleaved_ml_artifact_512mb.bin,chunk_oracle_best_size,262144,1582,414711808,262144,1872,0.00714111328125,lzma_6,4.781014288657703,1.0,0.0,46,262144
results/phase3_interleaved/interleaved_256kb_oracle.adc,data/ml_data/phase3_interleaved_ml_artifact_512mb.bin,chunk_oracle_best_size,262144,1583,414973952,262144,101,0.000385284423828125,zstd_19,0.0066727787465866726,0.000324249267578125,0.99957275390625,14,262144
results/phase3_interleaved/interleaved_256kb_oracle.adc,data/ml_data/phase3_interleaved_ml_artifact_512mb.bin,chunk_oracle_best_size,262144,1584,415236096,262144,178680,0.681610107421875,lzma_6,7.301901213757194,0.431182861328125,0.00376129150390625,256,262144
results/phase3_interleaved/interleaved_256kb_oracle.adc,data/ml_data/phase3_interleaved_ml_artifact_512mb.bin,chunk_oracle_best_size,262144,1585,415498240,262144,85,0.000324249267578125,zstd_10,1.9574219614934496,0.02581787109375,0.7586669921875,29,262144
results/phase3_interleaved/interleaved_256kb_oracle.adc,data/ml_data/phase3_interleaved_ml_artifact_512mb.bin,chunk_oracle_best_size,262144,1586,415760384,262144,8236,0.0314178466796875,zstd_10,4.483714038802828,1.0,0.0,34,262144
results/phase3_interleaved/interleaved_256kb_oracle.adc,data/ml_data/phase3_interleaved_ml_artifact_512mb.bin,chunk_oracle_best_size,262144,1587,416022528,262144,262144,1.0,store,7.9993030122587205,0.3837318420410156,0.003734588623046875,256,262144
results/phase3_interleaved/interleaved_256kb_oracle.adc,data/ml_data/phase3_interleaved_ml_artifact_512mb.bin,chunk_oracle_best_size,262144,1588,416284672,262144,101,0.000385284423828125,zstd_19,0.0066727787465866726,0.000324249267578125,0.99957275390625,14,262144
results/phase3_interleaved/interleaved_256kb_oracle.adc,data/ml_data/phase3_interleaved_ml_artifact_512mb.bin,chunk_oracle_best_size,262144,1589,416546816,262144,278,0.00106048583984375,zstd_3,4.260424953463652,0.2631645202636719,0.22806930541992188,119,262144
results/phase3_interleaved/interleaved_256kb_oracle.adc,data/ml_data/phase3_interleaved_ml_artifact_512mb.bin,chunk_oracle_best_size,262144,1590,416808960,262144,1872,0.00714111328125,lzma_6,4.771053840026583,1.0,0.0,46,262144
results/phase3_interleaved/interleaved_256kb_oracle.adc,data/ml_data/phase3_interleaved_ml_artifact_512mb.bin,chunk_oracle_best_size,262144,1591,417071104,262144,179212,0.6836395263671875,lzma_6,7.291269822967362,0.44327545166015625,0.003063201904296875,256,262144
results/phase3_interleaved/interleaved_256kb_oracle.adc,data/ml_data/phase3_interleaved_ml_artifact_512mb.bin,chunk_oracle_best_size,262144,1592,417333248,262144,78,0.00029754638671875,zstd_10,1.8596352327448284,0.0325927734375,0.76092529296875,23,262144
results/phase3_interleaved/interleaved_256kb_oracle.adc,data/ml_data/phase3_interleaved_ml_artifact_512mb.bin,chunk_oracle_best_size,262144,1593,417595392,262144,262144,1.0,store,7.9993530594079045,0.383514404296875,0.004085540771484375,256,262144
results/phase3_interleaved/interleaved_256kb_oracle.adc,data/ml_data/phase3_interleaved_ml_artifact_512mb.bin,chunk_oracle_best_size,262144,1594,417857536,262144,8180,0.0312042236328125,zstd_19,4.4826516185639145,1.0,0.0,34,262144
results/phase3_interleaved/interleaved_256kb_oracle.adc,data/ml_data/phase3_interleaved_ml_artifact_512mb.bin,chunk_oracle_best_size,262144,1595,418119680,262144,101,0.000385284423828125,zstd_19,0.0066727787465866726,0.000324249267578125,0.99957275390625,14,262144
results/phase3_interleaved/interleaved_256kb_oracle.adc,data/ml_data/phase3_interleaved_ml_artifact_512mb.bin,chunk_oracle_best_size,262144,1596,418381824,262144,1872,0.00714111328125,lzma_6,4.774682827318623,1.0,0.0,46,262144
results/phase3_interleaved/interleaved_256kb_oracle.adc,data/ml_data/phase3_interleaved_ml_artifact_512mb.bin,chunk_oracle_best_size,262144,1597,418643968,262144,101,0.000385284423828125,zstd_19,0.0066727787465866726,0.000324249267578125,0.99957275390625,14,262144
results/phase3_interleaved/interleaved_256kb_oracle.adc,data/ml_data/phase3_interleaved_ml_artifact_512mb.bin,chunk_oracle_best_size,262144,1598,418906112,262144,180756,0.6895294189453125,lzma_6,7.3308673217617,0.42937469482421875,0.00429534912109375,256,262144
results/phase3_interleaved/interleaved_256kb_oracle.adc,data/ml_data/phase3_interleaved_ml_artifact_512mb.bin,chunk_oracle_best_size,262144,1599,419168256,262144,67,0.000255584716796875,zstd_10,1.728282418908997,0.04412841796875,0.76470947265625,17,262144
results/phase3_interleaved/interleaved_256kb_oracle.adc,data/ml_data/phase3_interleaved_ml_artifact_512mb.bin,chunk_oracle_best_size,262144,1600,419430400,262144,8192,0.03125,zstd_19,4.476198047979407,1.0,0.0,34,262144
results/phase3_interleaved/interleaved_256kb_oracle.adc,data/ml_data/phase3_interleaved_ml_artifact_512mb.bin,chunk_oracle_best_size,262144,1601,419692544,262144,262144,1.0,store,7.9992743973682945,0.38433837890625,0.003467559814453125,256,262144
results/phase3_interleaved/interleaved_256kb_oracle.adc,data/ml_data/phase3_interleaved_ml_artifact_512mb.bin,chunk_oracle_best_size,262144,1602,419954688,262144,104,0.000396728515625,zstd_19,0.0066727787465866726,0.000324249267578125,0.99957275390625,14,262144
results/phase3_interleaved/interleaved_256kb_oracle.adc,data/ml_data/phase3_interleaved_ml_artifact_512mb.bin,chunk_oracle_best_size,262144,1603,420216832,262144,278,0.00106048583984375,zstd_3,4.262983666722492,0.2640419006347656,0.22894668579101562,121,262144
results/phase3_interleaved/interleaved_256kb_oracle.adc,data/ml_data/phase3_interleaved_ml_artifact_512mb.bin,chunk_oracle_best_size,262144,1604,420478976,262144,1872,0.00714111328125,lzma_6,4.766060750183091,1.0,0.0,46,262144
results/phase3_interleaved/interleaved_256kb_oracle.adc,data/ml_data/phase3_interleaved_ml_artifact_512mb.bin,chunk_oracle_best_size,262144,1605,420741120,262144,177948,0.6788177490234375,lzma_6,7.304122507353835,0.4331474304199219,0.00383758544921875,256,262144
results/phase3_interleaved/interleaved_256kb_oracle.adc,data/ml_data/phase3_interleaved_ml_artifact_512mb.bin,chunk_oracle_best_size,262144,1606,421003264,262144,80,0.00030517578125,zstd_10,1.8779894615960075,0.03131103515625,0.76043701171875,24,262144
results/phase3_interleaved/interleaved_256kb_oracle.adc,data/ml_data/phase3_interleaved_ml_artifact_512mb.bin,chunk_oracle_best_size,262144,1607,421265408,262144,262144,1.0,store,7.999242229738239,0.3821449279785156,0.003871917724609375,256,262144
results/phase3_interleaved/interleaved_256kb_oracle.adc,data/ml_data/phase3_interleaved_ml_artifact_512mb.bin,chunk_oracle_best_size,262144,1608,421527552,262144,7752,0.029571533203125,lzma_6,4.485167015715574,1.0,0.0,34,262144
results/phase3_interleaved/interleaved_256kb_oracle.adc,data/ml_data/phase3_interleaved_ml_artifact_512mb.bin,chunk_oracle_best_size,262144,1609,421789696,262144,104,0.000396728515625,zstd_19,0.0066727787465866726,0.000324249267578125,0.99957275390625,14,262144
results/phase3_interleaved/interleaved_256kb_oracle.adc,data/ml_data/phase3_interleaved_ml_artifact_512mb.bin,chunk_oracle_best_size,262144,1610,422051840,262144,1876,0.0071563720703125,lzma_6,4.766060750183091,1.0,0.0,46,262144
results/phase3_interleaved/interleaved_256kb_oracle.adc,data/ml_data/phase3_interleaved_ml_artifact_512mb.bin,chunk_oracle_best_size,262144,1611,422313984,262144,104,0.000396728515625,zstd_19,0.0066727787465866726,0.000324249267578125,0.99957275390625,14,262144
results/phase3_interleaved/interleaved_256kb_oracle.adc,data/ml_data/phase3_interleaved_ml_artifact_512mb.bin,chunk_oracle_best_size,262144,1612,422576128,262144,181524,0.6924591064453125,lzma_6,7.303138603011627,0.4432868957519531,0.002880096435546875,256,262144
results/phase3_interleaved/interleaved_256kb_oracle.adc,data/ml_data/phase3_interleaved_ml_artifact_512mb.bin,chunk_oracle_best_size,262144,1613,422838272,262144,70,0.00026702880859375,zstd_10,1.7534509016363693,0.0416259765625,0.763916015625,18,262144
results/phase3_interleaved/interleaved_256kb_oracle.adc,data/ml_data/phase3_interleaved_ml_artifact_512mb.bin,chunk_oracle_best_size,262144,1614,423100416,262144,8056,0.030731201171875,zstd_19,4.4701449474489365,1.0,0.0,34,262144
results/phase3_interleaved/interleaved_256kb_oracle.adc,data/ml_data/phase3_interleaved_ml_artifact_512mb.bin,chunk_oracle_best_size,262144,1615,423362560,262144,262144,1.0,store,7.999285878415647,0.38335418701171875,0.00402069091796875,256,262144
results/phase3_interleaved/interleaved_256kb_oracle.adc,data/ml_data/phase3_interleaved_ml_artifact_512mb.bin,chunk_oracle_best_size,262144,1616,423624704,262144,104,0.000396728515625,zstd_19,0.0066727787465866726,0.000324249267578125,0.99957275390625,14,262144
results/phase3_interleaved/interleaved_256kb_oracle.adc,data/ml_data/phase3_interleaved_ml_artifact_512mb.bin,chunk_oracle_best_size,262144,1617,423886848,262144,278,0.00106048583984375,zstd_3,4.262266322721241,0.2701835632324219,0.22806930541992188,115,262144
results/phase3_interleaved/interleaved_256kb_oracle.adc,data/ml_data/phase3_interleaved_ml_artifact_512mb.bin,chunk_oracle_best_size,262144,1618,424148992,262144,1872,0.00714111328125,lzma_6,4.774634657738682,1.0,0.0,46,262144
results/phase3_interleaved/interleaved_256kb_oracle.adc,data/ml_data/phase3_interleaved_ml_artifact_512mb.bin,chunk_oracle_best_size,262144,1619,424411136,262144,179116,0.6832733154296875,lzma_6,7.2706841494332775,0.4680137634277344,0.0042877197265625,256,262144
results/phase3_interleaved/interleaved_256kb_oracle.adc,data/ml_data/phase3_interleaved_ml_artifact_512mb.bin,chunk_oracle_best_size,262144,1620,424673280,262144,81,0.000308990478515625,zstd_10,1.8953693672656133,0.030029296875,0.760009765625,25,262144
results/phase3_interleaved/interleaved_256kb_oracle.adc,data/ml_data/phase3_interleaved_ml_artifact_512mb.bin,chunk_oracle_best_size,262144,1621,424935424,262144,262144,1.0,store,7.999197783104464,0.3832359313964844,0.003681182861328125,256,262144
results/phase3_interleaved/interleaved_256kb_oracle.adc,data/ml_data/phase3_interleaved_ml_artifact_512mb.bin,chunk_oracle_best_size,262144,1622,425197568,262144,8236,0.0314178466796875,zstd_10,4.468918262352412,1.0,0.0,34,262144
results/phase3_interleaved/interleaved_256kb_oracle.adc,data/ml_data/phase3_interleaved_ml_artifact_512mb.bin,chunk_oracle_best_size,262144,1623,425459712,262144,104,0.000396728515625,zstd_19,0.0066727787465866726,0.000324249267578125,0.99957275390625,14,262144
results/phase3_interleaved/interleaved_256kb_oracle.adc,data/ml_data/phase3_interleaved_ml_artifact_512mb.bin,chunk_oracle_best_size,262144,1624,425721856,262144,1872,0.00714111328125,lzma_6,4.77140778100276,1.0,0.0,46,262144
results/phase3_interleaved/interleaved_256kb_oracle.adc,data/ml_data/phase3_interleaved_ml_artifact_512mb.bin,chunk_oracle_best_size,262144,1625,425984000,262144,104,0.000396728515625,zstd_19,0.0066727787465866726,0.000324249267578125,0.99957275390625,14,262144
results/phase3_interleaved/interleaved_256kb_oracle.adc,data/ml_data/phase3_interleaved_ml_artifact_512mb.bin,chunk_oracle_best_size,262144,1626,426246144,262144,184556,0.7040252685546875,lzma_6,7.305190384836331,0.47254180908203125,0.0029449462890625,256,262144
results/phase3_interleaved/interleaved_256kb_oracle.adc,data/ml_data/phase3_interleaved_ml_artifact_512mb.bin,chunk_oracle_best_size,262144,1627,426508288,262144,71,0.000270843505859375,zstd_10,1.7772116148855726,0.03948974609375,0.76318359375,19,262144
results/phase3_interleaved/interleaved_256kb_oracle.adc,data/ml_data/phase3_interleaved_ml_artifact_512mb.bin,chunk_oracle_best_size,262144,1628,426770432,262144,8215,0.031337738037109375,zstd_19,4.480310373317375,1.0,0.0,34,262144
results/phase3_interleaved/interleaved_256kb_oracle.adc,data/ml_data/phase3_interleaved_ml_artifact_512mb.bin,chunk_oracle_best_size,262144,1629,427032576,262144,262144,1.0,store,7.999324225731319,0.3818931579589844,0.00394439697265625,256,262144
results/phase3_interleaved/interleaved_256kb_oracle.adc,data/ml_data/phase3_interleaved_ml_artifact_512mb.bin,chunk_oracle_best_size,262144,1630,427294720,262144,104,0.000396728515625,zstd_19,0.0066727787465866726,0.000324249267578125,0.99957275390625,14,262144
results/phase3_interleaved/interleaved_256kb_oracle.adc,data/ml_data/phase3_interleaved_ml_artifact_512mb.bin,chunk_oracle_best_size,262144,1631,427556864,262144,278,0.00106048583984375,zstd_3,4.2653396762734195,0.2675514221191406,0.22806930541992188,117,262144
results/phase3_interleaved/interleaved_256kb_oracle.adc,data/ml_data/phase3_interleaved_ml_artifact_512mb.bin,chunk_oracle_best_size,262144,1632,427819008,262144,1872,0.00714111328125,lzma_6,4.771406067839376,1.0,0.0,46,262144
results/phase3_interleaved/interleaved_256kb_oracle.adc,data/ml_data/phase3_interleaved_ml_artifact_512mb.bin,chunk_oracle_best_size,262144,1633,428081152,262144,179748,0.6856842041015625,lzma_6,7.288144329799632,0.40641021728515625,0.003490447998046875,256,262144
results/phase3_interleaved/interleaved_256kb_oracle.adc,data/ml_data/phase3_interleaved_ml_artifact_512mb.bin,chunk_oracle_best_size,262144,1634,428343296,262144,82,0.00031280517578125,zstd_10,1.91181155523121,0.0289306640625,0.7596435546875,26,262144
results/phase3_interleaved/interleaved_256kb_oracle.adc,data/ml_data/phase3_interleaved_ml_artifact_512mb.bin,chunk_oracle_best_size,262144,1635,428605440,262144,262144,1.0,store,7.999261101236168,0.383453369140625,0.003749847412109375,256,262144
results/phase3_interleaved/interleaved_256kb_oracle.adc,data/ml_data/phase3_interleaved_ml_artifact_512mb.bin,chunk_oracle_best_size,262144,1636,428867584,262144,8212,0.0313262939453125,zstd_19,4.473077289267449,1.0,0.0,34,262144
results/phase3_interleaved/interleaved_256kb_oracle.adc,data/ml_data/phase3_interleaved_ml_artifact_512mb.bin,chunk_oracle_best_size,262144,1637,429129728,262144,104,0.000396728515625,zstd_19,0.0066727787465866726,0.000324249267578125,0.99957275390625,14,262144
results/phase3_interleaved/interleaved_256kb_oracle.adc,data/ml_data/phase3_interleaved_ml_artifact_512mb.bin,chunk_oracle_best_size,262144,1638,429391872,262144,1872,0.00714111328125,lzma_6,4.774632944575296,1.0,0.0,46,262144
results/phase3_interleaved/interleaved_256kb_oracle.adc,data/ml_data/phase3_interleaved_ml_artifact_512mb.bin,chunk_oracle_best_size,262144,1639,429654016,262144,104,0.000396728515625,zstd_19,0.0066727787465866726,0.000324249267578125,0.99957275390625,14,262144
results/phase3_interleaved/interleaved_256kb_oracle.adc,data/ml_data/phase3_interleaved_ml_artifact_512mb.bin,chunk_oracle_best_size,262144,1640,429916160,262144,184112,0.70233154296875,lzma_6,7.270243249306528,0.4599609375,0.001964569091796875,256,262144
results/phase3_interleaved/interleaved_256kb_oracle.adc,data/ml_data/phase3_interleaved_ml_artifact_512mb.bin,chunk_oracle_best_size,262144,1641,430178304,262144,74,0.00028228759765625,zstd_10,1.7996677981511775,0.03753662109375,0.76251220703125,20,262144
results/phase3_interleaved/interleaved_256kb_oracle.adc,data/ml_data/phase3_interleaved_ml_artifact_512mb.bin,chunk_oracle_best_size,262144,1642,430440448,262144,8386,0.03199005126953125,zstd_19,4.479220413487939,1.0,0.0,34,262144
results/phase3_interleaved/interleaved_256kb_oracle.adc,data/ml_data/phase3_interleaved_ml_artifact_512mb.bin,chunk_oracle_best_size,262144,1643,430702592,262144,262144,1.0,store,7.999226384244097,0.3834686279296875,0.00391387939453125,256,262144
results/phase3_interleaved/interleaved_256kb_oracle.adc,data/ml_data/phase3_interleaved_ml_artifact_512mb.bin,chunk_oracle_best_size,262144,1644,430964736,262144,104,0.000396728515625,zstd_19,0.0066727787465866726,0.000324249267578125,0.99957275390625,14,262144
results/phase3_interleaved/interleaved_256kb_oracle.adc,data/ml_data/phase3_interleaved_ml_artifact_512mb.bin,chunk_oracle_best_size,262144,1645,431226880,262144,278,0.00106048583984375,zstd_3,4.2538631227685775,0.2631645202636719,0.22806930541992188,115,262144
results/phase3_interleaved/interleaved_256kb_oracle.adc,data/ml_data/phase3_interleaved_ml_artifact_512mb.bin,chunk_oracle_best_size,262144,1646,431489024,262144,1872,0.00714111328125,lzma_6,4.768400189779749,1.0,0.0,46,262144
results/phase3_interleaved/interleaved_256kb_oracle.adc,data/ml_data/phase3_interleaved_ml_artifact_512mb.bin,chunk_oracle_best_size,262144,1647,431751168,262144,183648,0.7005615234375,lzma_6,7.2783670950130075,0.4341392517089844,0.00261688232421875,256,262144
results/phase3_interleaved/interleaved_256kb_oracle.adc,data/ml_data/phase3_interleaved_ml_artifact_512mb.bin,chunk_oracle_best_size,262144,1648,432013312,262144,83,0.000316619873046875,zstd_10,1.9277406931939804,0.02783203125,0.75927734375,27,262144
results/phase3_interleaved/interleaved_256kb_oracle.adc,data/ml_data/phase3_interleaved_ml_artifact_512mb.bin,chunk_oracle_best_size,262144,1649,432275456,262144,262144,1.0,store,7.999314587930012,0.38179779052734375,0.00392913818359375,256,262144
results/phase3_interleaved/interleaved_256kb_oracle.adc,data/ml_data/phase3_interleaved_ml_artifact_512mb.bin,chunk_oracle_best_size,262144,1650,432537600,262144,7663,0.029232025146484375,zstd_19,4.485090802141764,1.0,0.0,34,262144
results/phase3_interleaved/interleaved_256kb_oracle.adc,data/ml_data/phase3_interleaved_ml_artifact_512mb.bin,chunk_oracle_best_size,262144,1651,432799744,262144,104,0.000396728515625,zstd_19,0.0066727787465866726,0.000324249267578125,0.99957275390625,14,262144
results/phase3_interleaved/interleaved_256kb_oracle.adc,data/ml_data/phase3_interleaved_ml_artifact_512mb.bin,chunk_oracle_best_size,262144,1652,433061888,262144,1872,0.00714111328125,lzma_6,4.776069368394152,1.0,0.0,46,262144
results/phase3_interleaved/interleaved_256kb_oracle.adc,data/ml_data/phase3_interleaved_ml_artifact_512mb.bin,chunk_oracle_best_size,262144,1653,433324032,262144,104,0.000396728515625,zstd_19,0.0066727787465866726,0.000324249267578125,0.99957275390625,14,262144
results/phase3_interleaved/interleaved_256kb_oracle.adc,data/ml_data/phase3_interleaved_ml_artifact_512mb.bin,chunk_oracle_best_size,262144,1654,433586176,262144,184136,0.702423095703125,lzma_6,7.284644760250227,0.4625740051269531,0.002056121826171875,256,262144
results/phase3_interleaved/interleaved_256kb_oracle.adc,data/ml_data/phase3_interleaved_ml_artifact_512mb.bin,chunk_oracle_best_size,262144,1655,433848320,262144,75,0.000286102294921875,zstd_10,1.8205400655918629,0.03570556640625,0.761962890625,21,262144
results/phase3_interleaved/interleaved_256kb_oracle.adc,data/ml_data/phase3_interleaved_ml_artifact_512mb.bin,chunk_oracle_best_size,262144,1656,434110464,262144,8232,0.031402587890625,zstd_19,4.47414515768056,1.0,0.0,34,262144
results/phase3_interleaved/interleaved_256kb_oracle.adc,data/ml_data/phase3_interleaved_ml_artifact_512mb.bin,chunk_oracle_best_size,262144,1657,434372608,262144,262144,1.0,store,7.999310305478211,0.3815193176269531,0.003849029541015625,256,262144
results/phase3_interleaved/interleaved_256kb_oracle.adc,data/ml_data/phase3_interleaved_ml_artifact_512mb.bin,chunk_oracle_best_size,262144,1658,434634752,262144,104,0.000396728515625,zstd_19,0.0066727787465866726,0.000324249267578125,0.99957275390625,14,262144
results/phase3_interleaved/interleaved_256kb_oracle.adc,data/ml_data/phase3_interleaved_ml_artifact_512mb.bin,chunk_oracle_best_size,262144,1659,434896896,262144,278,0.00106048583984375,zstd_3,4.262839804231356,0.2631645202636719,0.22806930541992188,120,262144
results/phase3_interleaved/interleaved_256kb_oracle.adc,data/ml_data/phase3_interleaved_ml_artifact_512mb.bin,chunk_oracle_best_size,262144,1660,435159040,262144,1872,0.00714111328125,lzma_6,4.764815966110193,1.0,0.0,46,262144
results/phase3_interleaved/interleaved_256kb_oracle.adc,data/ml_data/phase3_interleaved_ml_artifact_512mb.bin,chunk_oracle_best_size,262144,1661,435421184,262144,185140,0.7062530517578125,lzma_6,7.276832228575169,0.4165229797363281,0.002696990966796875,256,262144
results/phase3_interleaved/interleaved_256kb_oracle.adc,data/ml_data/phase3_interleaved_ml_artifact_512mb.bin,chunk_oracle_best_size,262144,1662,435683328,262144,85,0.000324249267578125,zstd_10,1.9428040212458586,0.0267333984375,0.75897216796875,28,262144
results/phase3_interleaved/interleaved_256kb_oracle.adc,data/ml_data/phase3_interleaved_ml_artifact_512mb.bin,chunk_oracle_best_size,262144,1663,435945472,262144,262144,1.0,store,7.9992114748481535,0.3818550109863281,0.003902435302734375,256,262144
results/phase3_interleaved/interleaved_256kb_oracle.adc,data/ml_data/phase3_interleaved_ml_artifact_512mb.bin,chunk_oracle_best_size,262144,1664,436207616,262144,8207,0.031307220458984375,zstd_19,4.4731201683355275,1.0,0.0,34,262144
results/phase3_interleaved/interleaved_256kb_oracle.adc,data/ml_data/phase3_interleaved_ml_artifact_512mb.bin,chunk_oracle_best_size,262144,1665,436469760,262144,102,0.00038909912109375,zstd_19,0.0066727787465866726,0.000324249267578125,0.99957275390625,14,262144
results/phase3_interleaved/interleaved_256kb_oracle.adc,data/ml_data/phase3_interleaved_ml_artifact_512mb.bin,chunk_oracle_best_size,262144,1666,436731904,262144,1872,0.00714111328125,lzma_6,4.766144642518437,1.0,0.0,46,262144
results/phase3_interleaved/interleaved_256kb_oracle.adc,data/ml_data/phase3_interleaved_ml_artifact_512mb.bin,chunk_oracle_best_size,262144,1667,436994048,262144,101,0.000385284423828125,zstd_19,0.0066727787465866726,0.000324249267578125,0.99957275390625,14,262144
results/phase3_interleaved/interleaved_256kb_oracle.adc,data/ml_data/phase3_interleaved_ml_artifact_512mb.bin,chunk_oracle_best_size,262144,1668,437256192,262144,186692,0.7121734619140625,lzma_6,7.321604304149285,0.4343299865722656,0.00205230712890625,256,262144
results/phase3_interleaved/interleaved_256kb_oracle.adc,data/ml_data/phase3_interleaved_ml_artifact_512mb.bin,chunk_oracle_best_size,262144,1669,437518336,262144,77,0.000293731689453125,zstd_10,1.8406283492670494,0.0340576171875,0.76141357421875,22,262144
results/phase3_interleaved/interleaved_256kb_oracle.adc,data/ml_data/phase3_interleaved_ml_artifact_512mb.bin,chunk_oracle_best_size,262144,1670,437780480,262144,8636,0.0329437255859375,lzma_6,4.485110151064696,1.0,0.0,34,262144
results/phase3_interleaved/interleaved_256kb_oracle.adc,data/ml_data/phase3_interleaved_ml_artifact_512mb.bin,chunk_oracle_best_size,262144,1671,438042624,262144,262144,1.0,store,7.999333372803227,0.3826560974121094,0.003864288330078125,256,262144
results/phase3_interleaved/interleaved_256kb_oracle.adc,data/ml_data/phase3_interleaved_ml_artifact_512mb.bin,chunk_oracle_best_size,262144,1672,438304768,262144,101,0.000385284423828125,zstd_19,0.0066727787465866726,0.000324249267578125,0.99957275390625,14,262144
results/phase3_interleaved/interleaved_256kb_oracle.adc,data/ml_data/phase3_interleaved_ml_artifact_512mb.bin,chunk_oracle_best_size,262144,1673,438566912,262144,278,0.00106048583984375,zstd_3,4.261060476089948,0.2622871398925781,0.22806930541992188,119,262144
results/phase3_interleaved/interleaved_256kb_oracle.adc,data/ml_data/phase3_interleaved_ml_artifact_512mb.bin,chunk_oracle_best_size,262144,1674,438829056,262144,1872,0.00714111328125,lzma_6,4.774421311645315,1.0,0.0,46,262144
results/phase3_interleaved/interleaved_256kb_oracle.adc,data/ml_data/phase3_interleaved_ml_artifact_512mb.bin,chunk_oracle_best_size,262144,1675,439091200,262144,184000,0.701904296875,lzma_6,7.283806339474111,0.45656585693359375,0.003429412841796875,256,262144
results/phase3_interleaved/interleaved_256kb_oracle.adc,data/ml_data/phase3_interleaved_ml_artifact_512mb.bin,chunk_oracle_best_size,262144,1676,439353344,262144,85,0.000324249267578125,zstd_10,1.9574219614934496,0.02581787109375,0.7586669921875,29,262144
results/phase3_interleaved/interleaved_256kb_oracle.adc,data/ml_data/phase3_interleaved_ml_artifact_512mb.bin,chunk_oracle_best_size,262144,1677,439615488,262144,262144,1.0,store,7.999392468400201,0.38367462158203125,0.003936767578125,256,262144
results/phase3_interleaved/interleaved_256kb_oracle.adc,data/ml_data/phase3_interleaved_ml_artifact_512mb.bin,chunk_oracle_best_size,262144,1678,439877632,262144,8391,0.032009124755859375,zstd_19,4.483761407950696,1.0,0.0,34,262144
results/phase3_interleaved/interleaved_256kb_oracle.adc,data/ml_data/phase3_interleaved_ml_artifact_512mb.bin,chunk_oracle_best_size,262144,1679,440139776,262144,101,0.000385284423828125,zstd_19,0.0066727787465866726,0.000324249267578125,0.99957275390625,14,262144
results/phase3_interleaved/interleaved_256kb_oracle.adc,data/ml_data/phase3_interleaved_ml_artifact_512mb.bin,chunk_oracle_best_size,262144,1680,440401920,262144,1872,0.00714111328125,lzma_6,4.771050434069125,1.0,0.0,46,262144
results/phase3_interleaved/interleaved_256kb_oracle.adc,data/ml_data/phase3_interleaved_ml_artifact_512mb.bin,chunk_oracle_best_size,262144,1681,440664064,262144,101,0.000385284423828125,zstd_19,0.0066727787465866726,0.000324249267578125,0.99957275390625,14,262144
results/phase3_interleaved/interleaved_256kb_oracle.adc,data/ml_data/phase3_interleaved_ml_artifact_512mb.bin,chunk_oracle_best_size,262144,1682,440926208,262144,181012,0.6905059814453125,lzma_6,7.286685805753438,0.45658111572265625,0.00304412841796875,256,262144
results/phase3_interleaved/interleaved_256kb_oracle.adc,data/ml_data/phase3_interleaved_ml_artifact_512mb.bin,chunk_oracle_best_size,262144,1683,441188352,262144,78,0.00029754638671875,zstd_10,1.8596352327448284,0.0325927734375,0.76092529296875,23,262144
results/phase3_interleaved/interleaved_256kb_oracle.adc,data/ml_data/phase3_interleaved_ml_artifact_512mb.bin,chunk_oracle_best_size,262144,1684,441450496,262144,8183,0.031215667724609375,zstd_19,4.48267979977644,1.0,0.0,34,262144
results/phase3_interleaved/interleaved_256kb_oracle.adc,data/ml_data/phase3_interleaved_ml_artifact_512mb.bin,chunk_oracle_best_size,262144,1685,441712640,262144,262144,1.0,store,7.999262709721126,0.3834266662597656,0.004024505615234375,256,262144
results/phase3_interleaved/interleaved_256kb_oracle.adc,data/ml_data/phase3_interleaved_ml_artifact_512mb.bin,chunk_oracle_best_size,262144,1686,441974784,262144,101,0.000385284423828125,zstd_19,0.0066727787465866726,0.000324249267578125,0.99957275390625,14,262144
results/phase3_interleaved/interleaved_256kb_oracle.adc,data/ml_data/phase3_interleaved_ml_artifact_512mb.bin,chunk_oracle_best_size,262144,1687,442236928,262144,278,0.00106048583984375,zstd_3,4.262046162201742,0.2631645202636719,0.22806930541992188,117,262144
results/phase3_interleaved/interleaved_256kb_oracle.adc,data/ml_data/phase3_interleaved_ml_artifact_512mb.bin,chunk_oracle_best_size,262144,1688,442499072,262144,1872,0.00714111328125,lzma_6,4.7765732680251505,1.0,0.0,46,262144
results/phase3_interleaved/interleaved_256kb_oracle.adc,data/ml_data/phase3_interleaved_ml_artifact_512mb.bin,chunk_oracle_best_size,262144,1689,442761216,262144,181544,0.692535400390625,lzma_6,7.23168208969986,0.4372978210449219,0.002246856689453125,256,262144
results/phase3_interleaved/interleaved_256kb_oracle.adc,data/ml_data/phase3_interleaved_ml_artifact_512mb.bin,chunk_oracle_best_size,262144,1690,443023360,262144,67,0.000255584716796875,zstd_10,1.728282418908997,0.04412841796875,0.76470947265625,17,262144
results/phase3_interleaved/interleaved_256kb_oracle.adc,data/ml_data/phase3_interleaved_ml_artifact_512mb.bin,chunk_oracle_best_size,262144,1691,443285504,262144,262144,1.0,store,7.999363931839149,0.382720947265625,0.003936767578125,256,262144
results/phase3_interleaved/interleaved_256kb_oracle.adc,data/ml_data/phase3_interleaved_ml_artifact_512mb.bin,chunk_oracle_best_size,262144,1692,443547648,262144,8232,0.031402587890625,zstd_19,4.4802824288219565,1.0,0.0,34,262144
results/phase3_interleaved/interleaved_256kb_oracle.adc,data/ml_data/phase3_interleaved_ml_artifact_512mb.bin,chunk_oracle_best_size,262144,1693,443809792,262144,101,0.000385284423828125,zstd_19,0.0066727787465866726,0.000324249267578125,0.99957275390625,14,262144
results/phase3_interleaved/interleaved_256kb_oracle.adc,data/ml_data/phase3_interleaved_ml_artifact_512mb.bin,chunk_oracle_best_size,262144,1694,444071936,262144,1872,0.00714111328125,lzma_6,4.770021239927231,1.0,0.0,46,262144
results/phase3_interleaved/interleaved_256kb_oracle.adc,data/ml_data/phase3_interleaved_ml_artifact_512mb.bin,chunk_oracle_best_size,262144,1695,444334080,262144,101,0.000385284423828125,zstd_19,0.0066727787465866726,0.000324249267578125,0.99957275390625,14,262144
results/phase3_interleaved/interleaved_256kb_oracle.adc,data/ml_data/phase3_interleaved_ml_artifact_512mb.bin,chunk_oracle_best_size,262144,1696,444596224,262144,181276,0.6915130615234375,lzma_6,7.2918433174730675,0.4508018493652344,0.00299072265625,256,262144
results/phase3_interleaved/interleaved_256kb_oracle.adc,data/ml_data/phase3_interleaved_ml_artifact_512mb.bin,chunk_oracle_best_size,262144,1697,444858368,262144,80,0.00030517578125,zstd_10,1.8779894615960075,0.03131103515625,0.76043701171875,24,262144
results/phase3_interleaved/interleaved_256kb_oracle.adc,data/ml_data/phase3_interleaved_ml_artifact_512mb.bin,chunk_oracle_best_size,262144,1698,445120512,262144,7732,0.0294952392578125,lzma_6,4.483778192059652,1.0,0.0,34,262144
results/phase3_interleaved/interleaved_256kb_oracle.adc,data/ml_data/phase3_interleaved_ml_artifact_512mb.bin,chunk_oracle_best_size,262144,1699,445382656,262144,262144,1.0,store,7.999324437882757,0.3824310302734375,0.0037841796875,256,262144
results/phase3_interleaved/interleaved_256kb_oracle.adc,data/ml_data/phase3_interleaved_ml_artifact_512mb.bin,chunk_oracle_best_size,262144,1700,445644800,262144,101,0.000385284423828125,zstd_19,0.0066727787465866726,0.000324249267578125,0.99957275390625,14,262144
results/phase3_interleaved/interleaved_256kb_oracle.adc,data/ml_data/phase3_interleaved_ml_artifact_512mb.bin,chunk_oracle_best_size,262144,1701,445906944,262144,278,0.00106048583984375,zstd_3,4.26358873622354,0.2666740417480469,0.22806930541992188,116,262144
results/phase3_interleaved/interleaved_256kb_oracle.adc,data/ml_data/phase3_interleaved_ml_artifact_512mb.bin,chunk_oracle_best_size,262144,1702,446169088,262144,1872,0.00714111328125,lzma_6,4.77255513150339,1.0,0.0,46,262144
results/phase3_interleaved/interleaved_256kb_oracle.adc,data/ml_data/phase3_interleaved_ml_artifact_512mb.bin,chunk_oracle_best_size,262144,1703,446431232,262144,186056,0.709747314453125,lzma_6,7.294336374474596,0.4271354675292969,0.002964019775390625,256,262144
results/phase3_interleaved/interleaved_256kb_oracle.adc,data/ml_data/phase3_interleaved_ml_artifact_512mb.bin,chunk_oracle_best_size,262144,1704,446693376,262144,70,0.00026702880859375,zstd_10,1.7534509016363693,0.0416259765625,0.763916015625,18,262144
results/phase3_interleaved/interleaved_256kb_oracle.adc,data/ml_data/phase3_interleaved_ml_artifact_512mb.bin,chunk_oracle_best_size,262144,1705,446955520,262144,262144,1.0,store,7.99929376819957,0.3829078674316406,0.003833770751953125,256,262144
results/phase3_interleaved/interleaved_256kb_oracle.adc,data/ml_data/phase3_interleaved_ml_artifact_512mb.bin,chunk_oracle_best_size,262144,1706,447217664,262144,8640,0.032958984375,lzma_6,4.485110151064696,1.0,0.0,34,262144
results/phase3_interleaved/interleaved_256kb_oracle.adc,data/ml_data/phase3_interleaved_ml_artifact_512mb.bin,chunk_oracle_best_size,262144,1707,447479808,262144,101,0.000385284423828125,zstd_19,0.0066727787465866726,0.000324249267578125,0.99957275390625,14,262144
results/phase3_interleaved/interleaved_256kb_oracle.adc,data/ml_data/phase3_interleaved_ml_artifact_512mb.bin,chunk_oracle_best_size,262144,1708,447741952,262144,1872,0.00714111328125,lzma_6,4.77578200823931,1.0,0.0,46,262144
results/phase3_interleaved/interleaved_256kb_oracle.adc,data/ml_data/phase3_interleaved_ml_artifact_512mb.bin,chunk_oracle_best_size,262144,1709,448004096,262144,101,0.000385284423828125,zstd_19,0.0066727787465866726,0.000324249267578125,0.99957275390625,14,262144
results/phase3_interleaved/interleaved_256kb_oracle.adc,data/ml_data/phase3_interleaved_ml_artifact_512mb.bin,chunk_oracle_best_size,262144,1710,448266240,262144,182408,0.695831298828125,lzma_6,7.266249505206702,0.4227447509765625,0.00278472900390625,256,262144
results/phase3_interleaved/interleaved_256kb_oracle.adc,data/ml_data/phase3_interleaved_ml_artifact_512mb.bin,chunk_oracle_best_size,262144,1711,448528384,262144,81,0.000308990478515625,zstd_10,1.8953693672656133,0.030029296875,0.760009765625,25,262144
results/phase3_interleaved/interleaved_256kb_oracle.adc,data/ml_data/phase3_interleaved_ml_artifact_512mb.bin,chunk_oracle_best_size,262144,1712,448790528,262144,8236,0.0314178466796875,zstd_10,4.4677782434091196,1.0,0.0,34,262144
results/phase3_interleaved/interleaved_256kb_oracle.adc,data/ml_data/phase3_interleaved_ml_artifact_512mb.bin,chunk_oracle_best_size,262144,1713,449052672,262144,262144,1.0,store,7.999351266962128,0.38451385498046875,0.003925323486328125,256,262144
results/phase3_interleaved/interleaved_256kb_oracle.adc,data/ml_data/phase3_interleaved_ml_artifact_512mb.bin,chunk_oracle_best_size,262144,1714,449314816,262144,101,0.000385284423828125,zstd_19,0.0066727787465866726,0.000324249267578125,0.99957275390625,14,262144
results/phase3_interleaved/interleaved_256kb_oracle.adc,data/ml_data/phase3_interleaved_ml_artifact_512mb.bin,chunk_oracle_best_size,262144,1715,449576960,262144,278,0.00106048583984375,zstd_3,4.265347314657251,0.2693061828613281,0.22806930541992188,117,262144
results/phase3_interleaved/interleaved_256kb_oracle.adc,data/ml_data/phase3_interleaved_ml_artifact_512mb.bin,chunk_oracle_best_size,262144,1716,449839104,262144,1872,0.00714111328125,lzma_6,4.774421311645315,1.0,0.0,46,262144
results/phase3_interleaved/interleaved_256kb_oracle.adc,data/ml_data/phase3_interleaved_ml_artifact_512mb.bin,chunk_oracle_best_size,262144,1717,450101248,262144,182212,0.6950836181640625,lzma_6,7.259937641516014,0.4434051513671875,0.002166748046875,256,262144
results/phase3_interleaved/interleaved_256kb_oracle.adc,data/ml_data/phase3_interleaved_ml_artifact_512mb.bin,chunk_oracle_best_size,262144,1718,450363392,262144,71,0.000270843505859375,zstd_10,1.7772116148855726,0.03948974609375,0.76318359375,19,262144
results/phase3_interleaved/interleaved_256kb_oracle.adc,data/ml_data/phase3_interleaved_ml_artifact_512mb.bin,chunk_oracle_best_size,262144,1719,450625536,262144,262144,1.0,store,7.999288923278182,0.3835029602050781,0.003925323486328125,256,262144
results/phase3_interleaved/interleaved_256kb_oracle.adc,data/ml_data/phase3_interleaved_ml_artifact_512mb.bin,chunk_oracle_best_size,262144,1720,450887680,262144,8233,0.031406402587890625,zstd_19,4.481689859075559,1.0,0.0,34,262144
results/phase3_interleaved/interleaved_256kb_oracle.adc,data/ml_data/phase3_interleaved_ml_artifact_512mb.bin,chunk_oracle_best_size,262144,1721,451149824,262144,101,0.000385284423828125,zstd_19,0.0066727787465866726,0.000324249267578125,0.99957275390625,14,262144
results/phase3_interleaved/interleaved_256kb_oracle.adc,data/ml_data/phase3_interleaved_ml_artifact_512mb.bin,chunk_oracle_best_size,262144,1722,451411968,262144,1872,0.00714111328125,lzma_6,4.7761376420095605,1.0,0.0,46,262144
results/phase3_interleaved/interleaved_256kb_oracle.adc,data/ml_data/phase3_interleaved_ml_artifact_512mb.bin,chunk_oracle_best_size,262144,1723,451674112,262144,101,0.000385284423828125,zstd_19,0.0066727787465866726,0.000324249267578125,0.99957275390625,14,262144
results/phase3_interleaved/interleaved_256kb_oracle.adc,data/ml_data/phase3_interleaved_ml_artifact_512mb.bin,chunk_oracle_best_size,262144,1724,451936256,262144,185008,0.70574951171875,lzma_6,7.294426391649899,0.3842277526855469,0.003719329833984375,256,262144
results/phase3_interleaved/interleaved_256kb_oracle.adc,data/ml_data/phase3_interleaved_ml_artifact_512mb.bin,chunk_oracle_best_size,262144,1725,452198400,262144,82,0.00031280517578125,zstd_10,1.91181155523121,0.0289306640625,0.7596435546875,26,262144
results/phase3_interleaved/interleaved_256kb_oracle.adc,data/ml_data/phase3_interleaved_ml_artifact_512mb.bin,chunk_oracle_best_size,262144,1726,452460544,262144,8193,0.031253814697265625,zstd_19,4.480267494249297,1.0,0.0,34,262144
results/phase3_interleaved/interleaved_256kb_oracle.adc,data/ml_data/phase3_interleaved_ml_artifact_512mb.bin,chunk_oracle_best_size,262144,1727,452722688,262144,262144,1.0,store,7.999310687454215,0.3815155029296875,0.003986358642578125,256,262144
results/phase3_interleaved/interleaved_256kb_oracle.adc,data/ml_data/phase3_interleaved_ml_artifact_512mb.bin,chunk_oracle_best_size,262144,1728,452984832,262144,103,0.000392913818359375,zstd_19,0.0066727787465866726,0.000324249267578125,0.99957275390625,14,262144
results/phase3_interleaved/interleaved_256kb_oracle.adc,data/ml_data/phase3_interleaved_ml_artifact_512mb.bin,chunk_oracle_best_size,262144,1729,453246976,262144,278,0.00106048583984375,zstd_3,4.256917019220319,0.2631645202636719,0.22806930541992188,117,262144
results/phase3_interleaved/interleaved_256kb_oracle.adc,data/ml_data/phase3_interleaved_ml_artifact_512mb.bin,chunk_oracle_best_size,262144,1730,453509120,262144,1872,0.00714111328125,lzma_6,4.77079061118989,1.0,0.0,46,262144
results/phase3_interleaved/interleaved_256kb_oracle.adc,data/ml_data/phase3_interleaved_ml_artifact_512mb.bin,chunk_oracle_best_size,262144,1731,453771264,262144,181596,0.6927337646484375,lzma_6,7.279113401023932,0.463470458984375,0.004489898681640625,256,262144
results/phase3_interleaved/interleaved_256kb_oracle.adc,data/ml_data/phase3_interleaved_ml_artifact_512mb.bin,chunk_oracle_best_size,262144,1732,454033408,262144,74,0.00028228759765625,zstd_10,1.7996677981511775,0.03753662109375,0.76251220703125,20,262144
results/phase3_interleaved/interleaved_256kb_oracle.adc,data/ml_data/phase3_interleaved_ml_artifact_512mb.bin,chunk_oracle_best_size,262144,1733,454295552,262144,262144,1.0,store,7.999263403997567,0.38217926025390625,0.003932952880859375,256,262144
results/phase3_interleaved/interleaved_256kb_oracle.adc,data/ml_data/phase3_interleaved_ml_artifact_512mb.bin,chunk_oracle_best_size,262144,1734,454557696,262144,7716,0.0294342041015625,lzma_6,4.481615961953698,1.0,0.0,34,262144
results/phase3_interleaved/interleaved_256kb_oracle.adc,data/ml_data/phase3_interleaved_ml_artifact_512mb.bin,chunk_oracle_best_size,262144,1735,454819840,262144,104,0.000396728515625,zstd_19,0.0066727787465866726,0.000324249267578125,0.99957275390625,14,262144
results/phase3_interleaved/interleaved_256kb_oracle.adc,data/ml_data/phase3_interleaved_ml_artifact_512mb.bin,chunk_oracle_best_size,262144,1736,455081984,262144,1872,0.00714111328125,lzma_6,4.77441959848193,1.0,0.0,46,262144
results/phase3_interleaved/interleaved_256kb_oracle.adc,data/ml_data/phase3_interleaved_ml_artifact_512mb.bin,chunk_oracle_best_size,262144,1737,455344128,262144,104,0.000396728515625,zstd_19,0.0066727787465866726,0.000324249267578125,0.99957275390625,14,262144
results/phase3_interleaved/interleaved_256kb_oracle.adc,data/ml_data/phase3_interleaved_ml_artifact_512mb.bin,chunk_oracle_best_size,262144,1738,455606272,262144,186856,0.712799072265625,lzma_6,7.319457858244497,0.4539070129394531,0.00278472900390625,256,262144
results/phase3_interleaved/interleaved_256kb_oracle.adc,data/ml_data/phase3_interleaved_ml_artifact_512mb.bin,chunk_oracle_best_size,262144,1739,455868416,262144,83,0.000316619873046875,zstd_10,1.9277406931939804,0.02783203125,0.75927734375,27,262144
results/phase3_interleaved/interleaved_256kb_oracle.adc,data/ml_data/phase3_interleaved_ml_artifact_512mb.bin,chunk_oracle_best_size,262144,1740,456130560,262144,8055,0.030727386474609375,zstd_19,4.4840378683013125,1.0,0.0,34,262144
results/phase3_interleaved/interleaved_256kb_oracle.adc,data/ml_data/phase3_interleaved_ml_artifact_512mb.bin,chunk_oracle_best_size,262144,1741,456392704,262144,262144,1.0,store,7.999405633259426,0.3832664489746094,0.00392913818359375,256,262144
results/phase3_interleaved/interleaved_256kb_oracle.adc,data/ml_data/phase3_interleaved_ml_artifact_512mb.bin,chunk_oracle_best_size,262144,1742,456654848,262144,104,0.000396728515625,zstd_19,0.0066727787465866726,0.000324249267578125,0.99957275390625,14,262144
results/phase3_interleaved/interleaved_256kb_oracle.adc,data/ml_data/phase3_interleaved_ml_artifact_512mb.bin,chunk_oracle_best_size,262144,1743,456916992,262144,278,0.00106048583984375,zstd_3,4.261179708738723,0.2622871398925781,0.22806930541992188,118,262144
results/phase3_interleaved/interleaved_256kb_oracle.adc,data/ml_data/phase3_interleaved_ml_artifact_512mb.bin,chunk_oracle_best_size,262144,1744,457179136,262144,1872,0.00714111328125,lzma_6,4.773097717564694,1.0,0.0,46,262144
results/phase3_interleaved/interleaved_256kb_oracle.adc,data/ml_data/phase3_interleaved_ml_artifact_512mb.bin,chunk_oracle_best_size,262144,1745,457441280,262144,179544,0.684906005859375,lzma_6,7.297565650066728,0.4558067321777344,0.00222015380859375,256,262144
results/phase3_interleaved/interleaved_256kb_oracle.adc,data/ml_data/phase3_interleaved_ml_artifact_512mb.bin,chunk_oracle_best_size,262144,1746,457703424,262144,75,0.000286102294921875,zstd_10,1.8205400655918629,0.03570556640625,0.761962890625,21,262144
results/phase3_interleaved/interleaved_256kb_oracle.adc,data/ml_data/phase3_interleaved_ml_artifact_512mb.bin,chunk_oracle_best_size,262144,1747,457965568,262144,262144,1.0,store,7.999292611652822,0.3822288513183594,0.00403594970703125,256,262144
results/phase3_interleaved/interleaved_256kb_oracle.adc,data/ml_data/phase3_interleaved_ml_artifact_512mb.bin,chunk_oracle_best_size,262144,1748,458227712,262144,8236,0.0314178466796875,zstd_10,4.482661104962376,1.0,0.0,34,262144
results/phase3_interleaved/interleaved_256kb_oracle.adc,data/ml_data/phase3_interleaved_ml_artifact_512mb.bin,chunk_oracle_best_size,262144,1749,458489856,262144,104,0.000396728515625,zstd_19,0.0066727787465866726,0.000324249267578125,0.99957275390625,14,262144
results/phase3_interleaved/interleaved_256kb_oracle.adc,data/ml_data/phase3_interleaved_ml_artifact_512mb.bin,chunk_oracle_best_size,262144,1750,458752000,262144,1872,0.00714111328125,lzma_6,4.775453911744666,1.0,0.0,46,262144
results/phase3_interleaved/interleaved_256kb_oracle.adc,data/ml_data/phase3_interleaved_ml_artifact_512mb.bin,chunk_oracle_best_size,262144,1751,459014144,262144,104,0.000396728515625,zstd_19,0.0066727787465866726,0.000324249267578125,0.99957275390625,14,262144
results/phase3_interleaved/interleaved_256kb_oracle.adc,data/ml_data/phase3_interleaved_ml_artifact_512mb.bin,chunk_oracle_best_size,262144,1752,459276288,262144,184036,0.7020416259765625,lzma_6,7.308299075206061,0.45314788818359375,0.00319671630859375,256,262144
results/phase3_interleaved/interleaved_256kb_oracle.adc,data/ml_data/phase3_interleaved_ml_artifact_512mb.bin,chunk_oracle_best_size,262144,1753,459538432,262144,85,0.000324249267578125,zstd_10,1.9428040212458586,0.0267333984375,0.75897216796875,28,262144
results/phase3_interleaved/interleaved_256kb_oracle.adc,data/ml_data/phase3_interleaved_ml_artifact_512mb.bin,chunk_oracle_best_size,262144,1754,459800576,262144,8640,0.032958984375,lzma_6,4.482660956461653,1.0,0.0,34,262144
results/phase3_interleaved/interleaved_256kb_oracle.adc,data/ml_data/phase3_interleaved_ml_artifact_512mb.bin,chunk_oracle_best_size,262144,1755,460062720,262144,262144,1.0,store,7.999344551335935,0.3830718994140625,0.0037384033203125,256,262144
results/phase3_interleaved/interleaved_256kb_oracle.adc,data/ml_data/phase3_interleaved_ml_artifact_512mb.bin,chunk_oracle_best_size,262144,1756,460324864,262144,104,0.000396728515625,zstd_19,0.0066727787465866726,0.000324249267578125,0.99957275390625,14,262144
results/phase3_interleaved/interleaved_256kb_oracle.adc,data/ml_data/phase3_interleaved_ml_artifact_512mb.bin,chunk_oracle_best_size,262144,1757,460587008,262144,278,0.00106048583984375,zstd_3,4.258217618455106,0.2684288024902344,0.22806930541992188,115,262144
results/phase3_interleaved/interleaved_256kb_oracle.adc,data/ml_data/phase3_interleaved_ml_artifact_512mb.bin,chunk_oracle_best_size,262144,1758,460849152,262144,1872,0.00714111328125,lzma_6,4.784027819300257,1.0,0.0,46,262144
results/phase3_interleaved/interleaved_256kb_oracle.adc,data/ml_data/phase3_interleaved_ml_artifact_512mb.bin,chunk_oracle_best_size,262144,1759,461111296,262144,185236,0.7066192626953125,lzma_6,7.289508262189067,0.4623756408691406,0.00241851806640625,256,262144
results/phase3_interleaved/interleaved_256kb_oracle.adc,data/ml_data/phase3_interleaved_ml_artifact_512mb.bin,chunk_oracle_best_size,262144,1760,461373440,262144,77,0.000293731689453125,zstd_10,1.8406283492670494,0.0340576171875,0.76141357421875,22,262144
results/phase3_interleaved/interleaved_256kb_oracle.adc,data/ml_data/phase3_interleaved_ml_artifact_512mb.bin,chunk_oracle_best_size,262144,1761,461635584,262144,262144,1.0,store,7.99927664374476,0.38109588623046875,0.003932952880859375,256,262144
results/phase3_interleaved/interleaved_256kb_oracle.adc,data/ml_data/phase3_interleaved_ml_artifact_512mb.bin,chunk_oracle_best_size,262144,1762,461897728,262144,8193,0.031253814697265625,zstd_19,4.480267494249297,1.0,0.0,34,262144
results/phase3_interleaved/interleaved_256kb_oracle.adc,data/ml_data/phase3_interleaved_ml_artifact_512mb.bin,chunk_oracle_best_size,262144,1763,462159872,262144,104,0.000396728515625,zstd_19,0.0066727787465866726,0.000324249267578125,0.99957275390625,14,262144
results/phase3_interleaved/interleaved_256kb_oracle.adc,data/ml_data/phase3_interleaved_ml_artifact_512mb.bin,chunk_oracle_best_size,262144,1764,462422016,262144,1872,0.00714111328125,lzma_6,4.774421311645315,1.0,0.0,46,262144
results/phase3_interleaved/interleaved_256kb_oracle.adc,data/ml_data/phase3_interleaved_ml_artifact_512mb.bin,chunk_oracle_best_size,262144,1765,462684160,262144,104,0.000396728515625,zstd_19,0.0066727787465866726,0.000324249267578125,0.99957275390625,14,262144
results/phase3_interleaved/interleaved_256kb_oracle.adc,data/ml_data/phase3_interleaved_ml_artifact_512mb.bin,chunk_oracle_best_size,262144,1766,462946304,262144,185800,0.708770751953125,lzma_6,7.319355996792022,0.4197998046875,0.005161285400390625,256,262144
results/phase3_interleaved/interleaved_256kb_oracle.adc,data/ml_data/phase3_interleaved_ml_artifact_512mb.bin,chunk_oracle_best_size,262144,1767,463208448,262144,85,0.000324249267578125,zstd_10,1.9574219614934496,0.02581787109375,0.7586669921875,29,262144
results/phase3_interleaved/interleaved_256kb_oracle.adc,data/ml_data/phase3_interleaved_ml_artifact_512mb.bin,chunk_oracle_best_size,262144,1768,463470592,262144,8391,0.032009124755859375,zstd_19,4.483761407950696,1.0,0.0,34,262144
results/phase3_interleaved/interleaved_256kb_oracle.adc,data/ml_data/phase3_interleaved_ml_artifact_512mb.bin,chunk_oracle_best_size,262144,1769,463732736,262144,262144,1.0,store,7.9994346621688335,0.3820648193359375,0.003871917724609375,256,262144
results/phase3_interleaved/interleaved_256kb_oracle.adc,data/ml_data/phase3_interleaved_ml_artifact_512mb.bin,chunk_oracle_best_size,262144,1770,463994880,262144,104,0.000396728515625,zstd_19,0.0066727787465866726,0.000324249267578125,0.99957275390625,14,262144
results/phase3_interleaved/interleaved_256kb_oracle.adc,data/ml_data/phase3_interleaved_ml_artifact_512mb.bin,chunk_oracle_best_size,262144,1771,464257024,262144,278,0.00106048583984375,zstd_3,4.255811656733077,0.2631645202636719,0.22894668579101562,116,262144
results/phase3_interleaved/interleaved_256kb_oracle.adc,data/ml_data/phase3_interleaved_ml_artifact_512mb.bin,chunk_oracle_best_size,262144,1772,464519168,262144,1872,0.00714111328125,lzma_6,4.7779676271717095,1.0,0.0,46,262144
results/phase3_interleaved/interleaved_256kb_oracle.adc,data/ml_data/phase3_interleaved_ml_artifact_512mb.bin,chunk_oracle_best_size,262144,1773,464781312,262144,182120,0.694732666015625,lzma_6,7.295361874315714,0.4317054748535156,0.0034027099609375,256,262144
results/phase3_interleaved/interleaved_256kb_oracle.adc,data/ml_data/phase3_interleaved_ml_artifact_512mb.bin,chunk_oracle_best_size,262144,1774,465043456,262144,78,0.00029754638671875,zstd_10,1.8596352327448284,0.0325927734375,0.76092529296875,23,262144
results/phase3_interleaved/interleaved_256kb_oracle.adc,data/ml_data/phase3_interleaved_ml_artifact_512mb.bin,chunk_oracle_best_size,262144,1775,465305600,262144,262144,1.0,store,7.999288450992581,0.3817901611328125,0.003936767578125,256,262144
results/phase3_interleaved/interleaved_256kb_oracle.adc,data/ml_data/phase3_interleaved_ml_artifact_512mb.bin,chunk_oracle_best_size,262144,1776,465567744,262144,8055,0.030727386474609375,zstd_19,4.474161190359715,1.0,0.0,34,262144
results/phase3_interleaved/interleaved_256kb_oracle.adc,data/ml_data/phase3_interleaved_ml_artifact_512mb.bin,chunk_oracle_best_size,262144,1777,465829888,262144,104,0.000396728515625,zstd_19,0.0066727787465866726,0.000324249267578125,0.99957275390625,14,262144
results/phase3_interleaved/interleaved_256kb_oracle.adc,data/ml_data/phase3_interleaved_ml_artifact_512mb.bin,chunk_oracle_best_size,262144,1778,466092032,262144,1872,0.00714111328125,lzma_6,4.78119450390763,1.0,0.0,46,262144
results/phase3_interleaved/interleaved_256kb_oracle.adc,data/ml_data/phase3_interleaved_ml_artifact_512mb.bin,chunk_oracle_best_size,262144,1779,466354176,262144,104,0.000396728515625,zstd_19,0.0066727787465866726,0.000324249267578125,0.99957275390625,14,262144
results/phase3_interleaved/interleaved_256kb_oracle.adc,data/ml_data/phase3_interleaved_ml_artifact_512mb.bin,chunk_oracle_best_size,262144,1780,466616320,262144,178100,0.6793975830078125,lzma_6,7.251878721045394,0.4450225830078125,0.00301361083984375,256,262144
results/phase3_interleaved/interleaved_256kb_oracle.adc,data/ml_data/phase3_interleaved_ml_artifact_512mb.bin,chunk_oracle_best_size,262144,1781,466878464,262144,67,0.000255584716796875,zstd_10,1.728282418908997,0.04412841796875,0.76470947265625,17,262144
results/phase3_interleaved/interleaved_256kb_oracle.adc,data/ml_data/phase3_interleaved_ml_artifact_512mb.bin,chunk_oracle_best_size,262144,1782,467140608,262144,8223,0.031368255615234375,zstd_19,4.4802824288219565,1.0,0.0,34,262144
results/phase3_interleaved/interleaved_256kb_oracle.adc,data/ml_data/phase3_interleaved_ml_artifact_512mb.bin,chunk_oracle_best_size,262144,1783,467402752,262144,262144,1.0,store,7.999272724217402,0.3831367492675781,0.00403594970703125,256,262144
results/phase3_interleaved/interleaved_256kb_oracle.adc,data/ml_data/phase3_interleaved_ml_artifact_512mb.bin,chunk_oracle_best_size,262144,1784,467664896,262144,104,0.000396728515625,zstd_19,0.0066727787465866726,0.000324249267578125,0.99957275390625,14,262144
results/phase3_interleaved/interleaved_256kb_oracle.adc,data/ml_data/phase3_interleaved_ml_artifact_512mb.bin,chunk_oracle_best_size,262144,1785,467927040,262144,278,0.00106048583984375,zstd_3,4.259309536040069,0.2622871398925781,0.22806930541992188,118,262144
results/phase3_interleaved/interleaved_256kb_oracle.adc,data/ml_data/phase3_interleaved_ml_artifact_512mb.bin,chunk_oracle_best_size,262144,1786,468189184,262144,1872,0.00714111328125,lzma_6,4.77941099553135,1.0,0.0,46,262144
results/phase3_interleaved/interleaved_256kb_oracle.adc,data/ml_data/phase3_interleaved_ml_artifact_512mb.bin,chunk_oracle_best_size,262144,1787,468451328,262144,184440,0.703582763671875,lzma_6,7.267364960376416,0.4549446105957031,0.002414703369140625,256,262144
results/phase3_interleaved/interleaved_256kb_oracle.adc,data/ml_data/phase3_interleaved_ml_artifact_512mb.bin,chunk_oracle_best_size,262144,1788,468713472,262144,80,0.00030517578125,zstd_10,1.8779894615960075,0.03131103515625,0.76043701171875,24,262144
results/phase3_interleaved/interleaved_256kb_oracle.adc,data/ml_data/phase3_interleaved_ml_artifact_512mb.bin,chunk_oracle_best_size,262144,1789,468975616,262144,262144,1.0,store,7.999271105107821,0.3825263977050781,0.00383758544921875,256,262144
results/phase3_interleaved/interleaved_256kb_oracle.adc,data/ml_data/phase3_interleaved_ml_artifact_512mb.bin,chunk_oracle_best_size,262144,1790,469237760,262144,8644,0.0329742431640625,lzma_6,4.485159076383079,1.0,0.0,34,262144
results/phase3_interleaved/interleaved_256kb_oracle.adc,data/ml_data/phase3_interleaved_ml_artifact_512mb.bin,chunk_oracle_best_size,262144,1791,469499904,262144,104,0.000396728515625,zstd_19,0.0066727787465866726,0.000324249267578125,0.99957275390625,14,262144
results/phase3_interleaved/interleaved_256kb_oracle.adc,data/ml_data/phase3_interleaved_ml_artifact_512mb.bin,chunk_oracle_best_size,262144,1792,469762048,262144,1872,0.00714111328125,lzma_6,4.77651562124753,1.0,0.0,46,262144
results/phase3_interleaved/interleaved_256kb_oracle.adc,data/ml_data/phase3_interleaved_ml_artifact_512mb.bin,chunk_oracle_best_size,262144,1793,470024192,262144,102,0.00038909912109375,zstd_19,0.0066727787465866726,0.000324249267578125,0.99957275390625,14,262144
results/phase3_interleaved/interleaved_256kb_oracle.adc,data/ml_data/phase3_interleaved_ml_artifact_512mb.bin,chunk_oracle_best_size,262144,1794,470286336,262144,177428,0.6768341064453125,lzma_6,7.249080347184245,0.4565277099609375,0.003997802734375,256,262144
results/phase3_interleaved/interleaved_256kb_oracle.adc,data/ml_data/phase3_interleaved_ml_artifact_512mb.bin,chunk_oracle_best_size,262144,1795,470548480,262144,70,0.00026702880859375,zstd_10,1.7534509016363693,0.0416259765625,0.763916015625,18,262144
results/phase3_interleaved/interleaved_256kb_oracle.adc,data/ml_data/phase3_interleaved_ml_artifact_512mb.bin,chunk_oracle_best_size,262144,1796,470810624,262144,8632,0.032928466796875,lzma_6,4.483721327408772,1.0,0.0,34,262144
results/phase3_interleaved/interleaved_256kb_oracle.adc,data/ml_data/phase3_interleaved_ml_artifact_512mb.bin,chunk_oracle_best_size,262144,1797,471072768,262144,262144,1.0,store,7.999241489500812,0.3823509216308594,0.004039764404296875,256,262144
results/phase3_interleaved/interleaved_256kb_oracle.adc,data/ml_data/phase3_interleaved_ml_artifact_512mb.bin,chunk_oracle_best_size,262144,1798,471334912,262144,101,0.000385284423828125,zstd_19,0.0066727787465866726,0.000324249267578125,0.99957275390625,14,262144
results/phase3_interleaved/interleaved_256kb_oracle.adc,data/ml_data/phase3_interleaved_ml_artifact_512mb.bin,chunk_oracle_best_size,262144,1799,471597056,262144,278,0.00106048583984375,zstd_3,4.2382437258090935,0.2675514221191406,0.22806930541992188,113,262144
results/phase3_interleaved/interleaved_256kb_oracle.adc,data/ml_data/phase3_interleaved_ml_artifact_512mb.bin,chunk_oracle_best_size,262144,1800,471859200,262144,1872,0.00714111328125,lzma_6,4.76678096192505,1.0,0.0,46,262144
results/phase3_interleaved/interleaved_256kb_oracle.adc,data/ml_data/phase3_interleaved_ml_artifact_512mb.bin,chunk_oracle_best_size,262144,1801,472121344,262144,181764,0.6933746337890625,lzma_6,7.3134572600433465,0.4466361999511719,0.002246856689453125,256,262144
results/phase3_interleaved/interleaved_256kb_oracle.adc,data/ml_data/phase3_interleaved_ml_artifact_512mb.bin,chunk_oracle_best_size,262144,1802,472383488,262144,81,0.000308990478515625,zstd_10,1.8953693672656133,0.030029296875,0.760009765625,25,262144
results/phase3_interleaved/interleaved_256kb_oracle.adc,data/ml_data/phase3_interleaved_ml_artifact_512mb.bin,chunk_oracle_best_size,262144,1803,472645632,262144,262144,1.0,store,7.999219337097734,0.3839569091796875,0.004100799560546875,256,262144
results/phase3_interleaved/interleaved_256kb_oracle.adc,data/ml_data/phase3_interleaved_ml_artifact_512mb.bin,chunk_oracle_best_size,262144,1804,472907776,262144,8391,0.032009124755859375,zstd_19,4.484069116553642,1.0,0.0,34,262144
results/phase3_interleaved/interleaved_256kb_oracle.adc,data/ml_data/phase3_interleaved_ml_artifact_512mb.bin,chunk_oracle_best_size,262144,1805,473169920,262144,101,0.000385284423828125,zstd_19,0.0066727787465866726,0.000324249267578125,0.99957275390625,14,262144
results/phase3_interleaved/interleaved_256kb_oracle.adc,data/ml_data/phase3_interleaved_ml_artifact_512mb.bin,chunk_oracle_best_size,262144,1806,473432064,262144,1872,0.00714111328125,lzma_6,4.771050434069125,1.0,0.0,46,262144
results/phase3_interleaved/interleaved_256kb_oracle.adc,data/ml_data/phase3_interleaved_ml_artifact_512mb.bin,chunk_oracle_best_size,262144,1807,473694208,262144,101,0.000385284423828125,zstd_19,0.0066727787465866726,0.000324249267578125,0.99957275390625,14,262144
results/phase3_interleaved/interleaved_256kb_oracle.adc,data/ml_data/phase3_interleaved_ml_artifact_512mb.bin,chunk_oracle_best_size,262144,1808,473956352,262144,184780,0.7048797607421875,lzma_6,7.270216334002085,0.40804290771484375,0.002960205078125,256,262144
results/phase3_interleaved/interleaved_256kb_oracle.adc,data/ml_data/phase3_interleaved_ml_artifact_512mb.bin,chunk_oracle_best_size,262144,1809,474218496,262144,71,0.000270843505859375,zstd_10,1.7772116148855726,0.03948974609375,0.76318359375,19,262144
results/phase3_interleaved/interleaved_256kb_oracle.adc,data/ml_data/phase3_interleaved_ml_artifact_512mb.bin,chunk_oracle_best_size,262144,1810,474480640,262144,8234,0.03141021728515625,zstd_19,4.472645641288887,1.0,0.0,34,262144
results/phase3_interleaved/interleaved_256kb_oracle.adc,data/ml_data/phase3_interleaved_ml_artifact_512mb.bin,chunk_oracle_best_size,262144,1811,474742784,262144,262144,1.0,store,7.999344163756401,0.38446044921875,0.00383758544921875,256,262144
results/phase3_interleaved/interleaved_256kb_oracle.adc,data/ml_data/phase3_interleaved_ml_artifact_512mb.bin,chunk_oracle_best_size,262144,1812,475004928,262144,101,0.000385284423828125,zstd_19,0.0066727787465866726,0.000324249267578125,0.99957275390625,14,262144
results/phase3_interleaved/interleaved_256kb_oracle.adc,data/ml_data/phase3_interleaved_ml_artifact_512mb.bin,chunk_oracle_best_size,262144,1813,475267072,262144,278,0.00106048583984375,zstd_3,4.261175472696879,0.2684288024902344,0.22806930541992188,114,262144
results/phase3_interleaved/interleaved_256kb_oracle.adc,data/ml_data/phase3_interleaved_ml_artifact_512mb.bin,chunk_oracle_best_size,262144,1814,475529216,262144,1872,0.00714111328125,lzma_6,4.774589894116198,1.0,0.0,46,262144
results/phase3_interleaved/interleaved_256kb_oracle.adc,data/ml_data/phase3_interleaved_ml_artifact_512mb.bin,chunk_oracle_best_size,262144,1815,475791360,262144,185140,0.7062530517578125,lzma_6,7.296865915838244,0.4417610168457031,0.0022735595703125,256,262144
results/phase3_interleaved/interleaved_256kb_oracle.adc,data/ml_data/phase3_interleaved_ml_artifact_512mb.bin,chunk_oracle_best_size,262144,1816,476053504,262144,82,0.00031280517578125,zstd_10,1.91181155523121,0.0289306640625,0.7596435546875,26,262144
results/phase3_interleaved/interleaved_256kb_oracle.adc,data/ml_data/phase3_interleaved_ml_artifact_512mb.bin,chunk_oracle_best_size,262144,1817,476315648,262144,262144,1.0,store,7.999224591042086,0.38086700439453125,0.00389862060546875,256,262144
results/phase3_interleaved/interleaved_256kb_oracle.adc,data/ml_data/phase3_interleaved_ml_artifact_512mb.bin,chunk_oracle_best_size,262144,1818,476577792,262144,8344,0.031829833984375,zstd_19,4.461669241696633,1.0,0.0,34,262144
results/phase3_interleaved/interleaved_256kb_oracle.adc,data/ml_data/phase3_interleaved_ml_artifact_512mb.bin,chunk_oracle_best_size,262144,1819,476839936,262144,101,0.000385284423828125,zstd_19,0.0066727787465866726,0.000324249267578125,0.99957275390625,14,262144
results/phase3_interleaved/interleaved_256kb_oracle.adc,data/ml_data/phase3_interleaved_ml_artifact_512mb.bin,chunk_oracle_best_size,262144,1820,477102080,262144,1872,0.00714111328125,lzma_6,4.772768477596756,1.0,0.0,46,262144
results/phase3_interleaved/interleaved_256kb_oracle.adc,data/ml_data/phase3_interleaved_ml_artifact_512mb.bin,chunk_oracle_best_size,262144,1821,477364224,262144,101,0.000385284423828125,zstd_19,0.0066727787465866726,0.000324249267578125,0.99957275390625,14,262144
results/phase3_interleaved/interleaved_256kb_oracle.adc,data/ml_data/phase3_interleaved_ml_artifact_512mb.bin,chunk_oracle_best_size,262144,1822,477626368,262144,179848,0.686065673828125,lzma_6,7.305735218751016,0.4628143310546875,0.001922607421875,256,262144
results/phase3_interleaved/interleaved_256kb_oracle.adc,data/ml_data/phase3_interleaved_ml_artifact_512mb.bin,chunk_oracle_best_size,262144,1823,477888512,262144,74,0.00028228759765625,zstd_10,1.7996677981511775,0.03753662109375,0.76251220703125,20,262144
results/phase3_interleaved/interleaved_256kb_oracle.adc,data/ml_data/phase3_interleaved_ml_artifact_512mb.bin,chunk_oracle_best_size,262144,1824,478150656,262144,7720,0.029449462890625,lzma_6,4.479237197596894,1.0,0.0,34,262144
results/phase3_interleaved/interleaved_256kb_oracle.adc,data/ml_data/phase3_interleaved_ml_artifact_512mb.bin,chunk_oracle_best_size,262144,1825,478412800,262144,262144,1.0,store,7.999362891606007,0.382843017578125,0.003856658935546875,256,262144
results/phase3_interleaved/interleaved_256kb_oracle.adc,data/ml_data/phase3_interleaved_ml_artifact_512mb.bin,chunk_oracle_best_size,262144,1826,478674944,262144,101,0.000385284423828125,zstd_19,0.0066727787465866726,0.000324249267578125,0.99957275390625,14,262144
results/phase3_interleaved/interleaved_256kb_oracle.adc,data/ml_data/phase3_interleaved_ml_artifact_512mb.bin,chunk_oracle_best_size,262144,1827,478937088,262144,278,0.00106048583984375,zstd_3,4.259432589381152,0.2631645202636719,0.22806930541992188,117,262144
results/phase3_interleaved/interleaved_256kb_oracle.adc,data/ml_data/phase3_interleaved_ml_artifact_512mb.bin,chunk_oracle_best_size,262144,1828,479199232,262144,1872,0.00714111328125,lzma_6,4.77829131155278,1.0,0.0,46,262144
results/phase3_interleaved/interleaved_256kb_oracle.adc,data/ml_data/phase3_interleaved_ml_artifact_512mb.bin,chunk_oracle_best_size,262144,1829,479461376,262144,182660,0.6967926025390625,lzma_6,7.292514761697872,0.42807769775390625,0.0028839111328125,256,262144
results/phase3_interleaved/interleaved_256kb_oracle.adc,data/ml_data/phase3_interleaved_ml_artifact_512mb.bin,chunk_oracle_best_size,262144,1830,479723520,262144,83,0.000316619873046875,zstd_10,1.9277406931939804,0.02783203125,0.75927734375,27,262144
results/phase3_interleaved/interleaved_256kb_oracle.adc,data/ml_data/phase3_interleaved_ml_artifact_512mb.bin,chunk_oracle_best_size,262144,1831,479985664,262144,262144,1.0,store,7.999438020975098,0.3837928771972656,0.003833770751953125,256,262144
results/phase3_interleaved/interleaved_256kb_oracle.adc,data/ml_data/phase3_interleaved_ml_artifact_512mb.bin,chunk_oracle_best_size,262144,1832,480247808,262144,8065,0.030765533447265625,zstd_19,4.479180332946015,1.0,0.0,34,262144
results/phase3_interleaved/interleaved_256kb_oracle.adc,data/ml_data/phase3_interleaved_ml_artifact_512mb.bin,chunk_oracle_best_size,262144,1833,480509952,262144,101,0.000385284423828125,zstd_19,0.0066727787465866726,0.000324249267578125,0.99957275390625,14,262144
results/phase3_interleaved/interleaved_256kb_oracle.adc,data/ml_data/phase3_interleaved_ml_artifact_512mb.bin,chunk_oracle_best_size,262144,1834,480772096,262144,1872,0.00714111328125,lzma_6,4.774588180952812,1.0,0.0,46,262144
results/phase3_interleaved/interleaved_256kb_oracle.adc,data/ml_data/phase3_interleaved_ml_artifact_512mb.bin,chunk_oracle_best_size,262144,1835,481034240,262144,101,0.000385284423828125,zstd_19,0.0066727787465866726,0.000324249267578125,0.99957275390625,14,262144
results/phase3_interleaved/interleaved_256kb_oracle.adc,data/ml_data/phase3_interleaved_ml_artifact_512mb.bin,chunk_oracle_best_size,262144,1836,481296384,262144,184944,0.70550537109375,lzma_6,7.285997961402882,0.4418792724609375,0.0030364990234375,256,262144
results/phase3_interleaved/interleaved_256kb_oracle.adc,data/ml_data/phase3_interleaved_ml_artifact_512mb.bin,chunk_oracle_best_size,262144,1837,481558528,262144,75,0.000286102294921875,zstd_10,1.8205400655918629,0.03570556640625,0.761962890625,21,262144
results/phase3_interleaved/interleaved_256kb_oracle.adc,data/ml_data/phase3_interleaved_ml_artifact_512mb.bin,chunk_oracle_best_size,262144,1838,481820672,262144,8236,0.0314178466796875,zstd_10,4.473092135623725,1.0,0.0,34,262144
results/phase3_interleaved/interleaved_256kb_oracle.adc,data/ml_data/phase3_interleaved_ml_artifact_512mb.bin,chunk_oracle_best_size,262144,1839,482082816,262144,262144,1.0,store,7.999283290004017,0.38243865966796875,0.003894805908203125,256,262144
results/phase3_interleaved/interleaved_256kb_oracle.adc,data/ml_data/phase3_interleaved_ml_artifact_512mb.bin,chunk_oracle_best_size,262144,1840,482344960,262144,101,0.000385284423828125,zstd_19,0.0066727787465866726,0.000324249267578125,0.99957275390625,14,262144
results/phase3_interleaved/interleaved_256kb_oracle.adc,data/ml_data/phase3_interleaved_ml_artifact_512mb.bin,chunk_oracle_best_size,262144,1841,482607104,262144,278,0.00106048583984375,zstd_3,4.265343496965728,0.2666740417480469,0.22806930541992188,117,262144
results/phase3_interleaved/interleaved_256kb_oracle.adc,data/ml_data/phase3_interleaved_ml_artifact_512mb.bin,chunk_oracle_best_size,262144,1842,482869248,262144,1872,0.00714111328125,lzma_6,4.776352701266312,1.0,0.0,46,262144
results/phase3_interleaved/interleaved_256kb_oracle.adc,data/ml_data/phase3_interleaved_ml_artifact_512mb.bin,chunk_oracle_best_size,262144,1843,483131392,262144,178416,0.68060302734375,lzma_6,7.246686918690811,0.4653739929199219,0.004169464111328125,256,262144
results/phase3_interleaved/interleaved_256kb_oracle.adc,data/ml_data/phase3_interleaved_ml_artifact_512mb.bin,chunk_oracle_best_size,262144,1844,483393536,262144,85,0.000324249267578125,zstd_10,1.9428040212458586,0.0267333984375,0.75897216796875,28,262144
results/phase3_interleaved/interleaved_256kb_oracle.adc,data/ml_data/phase3_interleaved_ml_artifact_512mb.bin,chunk_oracle_best_size,262144,1845,483655680,262144,262144,1.0,store,7.999306389728456,0.3830986022949219,0.00383758544921875,256,262144
results/phase3_interleaved/interleaved_256kb_oracle.adc,data/ml_data/phase3_interleaved_ml_artifact_512mb.bin,chunk_oracle_best_size,262144,1846,483917824,262144,8185,0.031223297119140625,zstd_19,4.48267979977644,1.0,0.0,34,262144
results/phase3_interleaved/interleaved_256kb_oracle.adc,data/ml_data/phase3_interleaved_ml_artifact_512mb.bin,chunk_oracle_best_size,262144,1847,484179968,262144,101,0.000385284423828125,zstd_19,0.0066727787465866726,0.000324249267578125,0.99957275390625,14,262144
results/phase3_interleaved/interleaved_256kb_oracle.adc,data/ml_data/phase3_interleaved_ml_artifact_512mb.bin,chunk_oracle_best_size,262144,1848,484442112,262144,1872,0.00714111328125,lzma_6,4.776528504402666,1.0,0.0,46,262144
results/phase3_interleaved/interleaved_256kb_oracle.adc,data/ml_data/phase3_interleaved_ml_artifact_512mb.bin,chunk_oracle_best_size,262144,1849,484704256,262144,101,0.000385284423828125,zstd_19,0.0066727787465866726,0.000324249267578125,0.99957275390625,14,262144
results/phase3_interleaved/interleaved_256kb_oracle.adc,data/ml_data/phase3_interleaved_ml_artifact_512mb.bin,chunk_oracle_best_size,262144,1850,484966400,262144,188668,0.7197113037109375,lzma_6,7.3705926217890205,0.45966339111328125,0.00286102294921875,256,262144
results/phase3_interleaved/interleaved_256kb_oracle.adc,data/ml_data/phase3_interleaved_ml_artifact_512mb.bin,chunk_oracle_best_size,262144,1851,485228544,262144,77,0.000293731689453125,zstd_10,1.8406283492670494,0.0340576171875,0.76141357421875,22,262144
results/phase3_interleaved/interleaved_256kb_oracle.adc,data/ml_data/phase3_interleaved_ml_artifact_512mb.bin,chunk_oracle_best_size,262144,1852,485490688,262144,8193,0.031253814697265625,zstd_19,4.480239313036772,1.0,0.0,34,262144
results/phase3_interleaved/interleaved_256kb_oracle.adc,data/ml_data/phase3_interleaved_ml_artifact_512mb.bin,chunk_oracle_best_size,262144,1853,485752832,262144,262144,1.0,store,7.999329428868675,0.3838310241699219,0.003986358642578125,256,262144
results/phase3_interleaved/interleaved_256kb_oracle.adc,data/ml_data/phase3_interleaved_ml_artifact_512mb.bin,chunk_oracle_best_size,262144,1854,486014976,262144,101,0.000385284423828125,zstd_19,0.0066727787465866726,0.000324249267578125,0.99957275390625,14,262144
results/phase3_interleaved/interleaved_256kb_oracle.adc,data/ml_data/phase3_interleaved_ml_artifact_512mb.bin,chunk_oracle_best_size,262144,1855,486277120,262144,278,0.00106048583984375,zstd_3,4.2535224120408754,0.2684288024902344,0.22806930541992188,114,262144
results/phase3_interleaved/interleaved_256kb_oracle.adc,data/ml_data/phase3_interleaved_ml_artifact_512mb.bin,chunk_oracle_best_size,262144,1856,486539264,262144,1872,0.00714111328125,lzma_6,4.779296245130073,1.0,0.0,46,262144
results/phase3_interleaved/interleaved_256kb_oracle.adc,data/ml_data/phase3_interleaved_ml_artifact_512mb.bin,chunk_oracle_best_size,262144,1857,486801408,262144,180624,0.68902587890625,lzma_6,7.302016769652498,0.4293785095214844,0.003398895263671875,256,262144
results/phase3_interleaved/interleaved_256kb_oracle.adc,data/ml_data/phase3_interleaved_ml_artifact_512mb.bin,chunk_oracle_best_size,262144,1858,487063552,262144,85,0.000324249267578125,zstd_10,1.9574219614934496,0.02581787109375,0.7586669921875,29,262144
results/phase3_interleaved/interleaved_256kb_oracle.adc,data/ml_data/phase3_interleaved_ml_artifact_512mb.bin,chunk_oracle_best_size,262144,1859,487325696,262144,262144,1.0,store,7.99924392657004,0.384185791015625,0.00360107421875,256,262144
results/phase3_interleaved/interleaved_256kb_oracle.adc,data/ml_data/phase3_interleaved_ml_artifact_512mb.bin,chunk_oracle_best_size,262144,1860,487587840,262144,8435,0.032176971435546875,zstd_19,4.485167015715574,1.0,0.0,34,262144
results/phase3_interleaved/interleaved_256kb_oracle.adc,data/ml_data/phase3_interleaved_ml_artifact_512mb.bin,chunk_oracle_best_size,262144,1861,487849984,262144,104,0.000396728515625,zstd_19,0.0066727787465866726,0.000324249267578125,0.99957275390625,14,262144
results/phase3_interleaved/interleaved_256kb_oracle.adc,data/ml_data/phase3_interleaved_ml_artifact_512mb.bin,chunk_oracle_best_size,262144,1862,488112128,262144,1872,0.00714111328125,lzma_6,4.776397464888796,1.0,0.0,46,262144
results/phase3_interleaved/interleaved_256kb_oracle.adc,data/ml_data/phase3_interleaved_ml_artifact_512mb.bin,chunk_oracle_best_size,262144,1863,488374272,262144,104,0.000396728515625,zstd_19,0.0066727787465866726,0.000324249267578125,0.99957275390625,14,262144
results/phase3_interleaved/interleaved_256kb_oracle.adc,data/ml_data/phase3_interleaved_ml_artifact_512mb.bin,chunk_oracle_best_size,262144,1864,488636416,262144,189248,0.721923828125,lzma_6,7.361806428758666,0.4521636962890625,0.002506256103515625,256,262144
results/phase3_interleaved/interleaved_256kb_oracle.adc,data/ml_data/phase3_interleaved_ml_artifact_512mb.bin,chunk_oracle_best_size,262144,1865,488898560,262144,78,0.00029754638671875,zstd_10,1.8596352327448284,0.0325927734375,0.76092529296875,23,262144
results/phase3_interleaved/interleaved_256kb_oracle.adc,data/ml_data/phase3_interleaved_ml_artifact_512mb.bin,chunk_oracle_best_size,262144,1866,489160704,262144,8050,0.03070831298828125,zstd_19,4.474161190359715,1.0,0.0,34,262144
results/phase3_interleaved/interleaved_256kb_oracle.adc,data/ml_data/phase3_interleaved_ml_artifact_512mb.bin,chunk_oracle_best_size,262144,1867,489422848,262144,262144,1.0,store,7.999341584588062,0.3816642761230469,0.003978729248046875,256,262144
results/phase3_interleaved/interleaved_256kb_oracle.adc,data/ml_data/phase3_interleaved_ml_artifact_512mb.bin,chunk_oracle_best_size,262144,1868,489684992,262144,104,0.000396728515625,zstd_19,0.0066727787465866726,0.000324249267578125,0.99957275390625,14,262144
results/phase3_interleaved/interleaved_256kb_oracle.adc,data/ml_data/phase3_interleaved_ml_artifact_512mb.bin,chunk_oracle_best_size,262144,1869,489947136,262144,278,0.00106048583984375,zstd_3,4.25528825590614,0.2622871398925781,0.22806930541992188,119,262144
results/phase3_interleaved/interleaved_256kb_oracle.adc,data/ml_data/phase3_interleaved_ml_artifact_512mb.bin,chunk_oracle_best_size,262144,1870,490209280,262144,1872,0.00714111328125,lzma_6,4.77578200823931,1.0,0.0,46,262144
results/phase3_interleaved/interleaved_256kb_oracle.adc,data/ml_data/phase3_interleaved_ml_artifact_512mb.bin,chunk_oracle_best_size,262144,1871,490471424,262144,180672,0.689208984375,lzma_6,7.314824516836965,0.45526885986328125,0.0021209716796875,256,262144
results/phase3_interleaved/interleaved_256kb_oracle.adc,data/ml_data/phase3_interleaved_ml_artifact_512mb.bin,chunk_oracle_best_size,262144,1872,490733568,262144,67,0.000255584716796875,zstd_10,1.728282418908997,0.04412841796875,0.76470947265625,17,262144
results/phase3_interleaved/interleaved_256kb_oracle.adc,data/ml_data/phase3_interleaved_ml_artifact_512mb.bin,chunk_oracle_best_size,262144,1873,490995712,262144,262144,1.0,store,7.99929708331498,0.3828544616699219,0.003936767578125,256,262144
results/phase3_interleaved/interleaved_256kb_oracle.adc,data/ml_data/phase3_interleaved_ml_artifact_512mb.bin,chunk_oracle_best_size,262144,1874,491257856,262144,8237,0.031421661376953125,zstd_10,4.482661104962376,1.0,0.0,34,262144
results/phase3_interleaved/interleaved_256kb_oracle.adc,data/ml_data/phase3_interleaved_ml_artifact_512mb.bin,chunk_oracle_best_size,262144,1875,491520000,262144,104,0.000396728515625,zstd_19,0.0066727787465866726,0.000324249267578125,0.99957275390625,14,262144
results/phase3_interleaved/interleaved_256kb_oracle.adc,data/ml_data/phase3_interleaved_ml_artifact_512mb.bin,chunk_oracle_best_size,262144,1876,491782144,262144,1872,0.00714111328125,lzma_6,4.77941099553135,1.0,0.0,46,262144
results/phase3_interleaved/interleaved_256kb_oracle.adc,data/ml_data/phase3_interleaved_ml_artifact_512mb.bin,chunk_oracle_best_size,262144,1877,492044288,262144,104,0.000396728515625,zstd_19,0.0066727787465866726,0.000324249267578125,0.99957275390625,14,262144
results/phase3_interleaved/interleaved_256kb_oracle.adc,data/ml_data/phase3_interleaved_ml_artifact_512mb.bin,chunk_oracle_best_size,262144,1878,492306432,262144,179644,0.6852874755859375,lzma_6,7.325751227398413,0.4178657531738281,0.004207611083984375,256,262144
results/phase3_interleaved/interleaved_256kb_oracle.adc,data/ml_data/phase3_interleaved_ml_artifact_512mb.bin,chunk_oracle_best_size,262144,1879,492568576,262144,80,0.00030517578125,zstd_10,1.8779894615960075,0.03131103515625,0.76043701171875,24,262144
results/phase3_interleaved/interleaved_256kb_oracle.adc,data/ml_data/phase3_interleaved_ml_artifact_512mb.bin,chunk_oracle_best_size,262144,1880,492830720,262144,8648,0.032989501953125,lzma_6,4.475590107044427,1.0,0.0,34,262144
results/phase3_interleaved/interleaved_256kb_oracle.adc,data/ml_data/phase3_interleaved_ml_artifact_512mb.bin,chunk_oracle_best_size,262144,1881,493092864,262144,262144,1.0,store,7.999352787247883,0.38271331787109375,0.003978729248046875,256,262144
results/phase3_interleaved/interleaved_256kb_oracle.adc,data/ml_data/phase3_interleaved_ml_artifact_512mb.bin,chunk_oracle_best_size,262144,1882,493355008,262144,104,0.000396728515625,zstd_19,0.0066727787465866726,0.000324249267578125,0.99957275390625,14,262144
results/phase3_interleaved/interleaved_256kb_oracle.adc,data/ml_data/phase3_interleaved_ml_artifact_512mb.bin,chunk_oracle_best_size,262144,1883,493617152,262144,278,0.00106048583984375,zstd_3,4.264448963800787,0.2675514221191406,0.22806930541992188,117,262144
results/phase3_interleaved/interleaved_256kb_oracle.adc,data/ml_data/phase3_interleaved_ml_artifact_512mb.bin,chunk_oracle_best_size,262144,1884,493879296,262144,1872,0.00714111328125,lzma_6,4.776528504402666,1.0,0.0,46,262144
results/phase3_interleaved/interleaved_256kb_oracle.adc,data/ml_data/phase3_interleaved_ml_artifact_512mb.bin,chunk_oracle_best_size,262144,1885,494141440,262144,186144,0.7100830078125,lzma_6,7.324086883060781,0.46698760986328125,0.00380706787109375,256,262144
results/phase3_interleaved/interleaved_256kb_oracle.adc,data/ml_data/phase3_interleaved_ml_artifact_512mb.bin,chunk_oracle_best_size,262144,1886,494403584,262144,70,0.00026702880859375,zstd_10,1.7534509016363693,0.0416259765625,0.763916015625,18,262144
results/phase3_interleaved/interleaved_256kb_oracle.adc,data/ml_data/phase3_interleaved_ml_artifact_512mb.bin,chunk_oracle_best_size,262144,1887,494665728,262144,262144,1.0,store,7.999343593577106,0.3826255798339844,0.00379180908203125,256,262144
results/phase3_interleaved/interleaved_256kb_oracle.adc,data/ml_data/phase3_interleaved_ml_artifact_512mb.bin,chunk_oracle_best_size,262144,1888,494927872,262144,8213,0.031330108642578125,zstd_19,4.459061045580695,1.0,0.0,34,262144
results/phase3_interleaved/interleaved_256kb_oracle.adc,data/ml_data/phase3_interleaved_ml_artifact_512mb.bin,chunk_oracle_best_size,262144,1889,495190016,262144,104,0.000396728515625,zstd_19,0.0066727787465866726,0.000324249267578125,0.99957275390625,14,262144
results/phase3_interleaved/interleaved_256kb_oracle.adc,data/ml_data/phase3_interleaved_ml_artifact_512mb.bin,chunk_oracle_best_size,262144,1890,495452160,262144,1872,0.00714111328125,lzma_6,4.771381936521226,1.0,0.0,46,262144
results/phase3_interleaved/interleaved_256kb_oracle.adc,data/ml_data/phase3_interleaved_ml_artifact_512mb.bin,chunk_oracle_best_size,262144,1891,495714304,262144,104,0.000396728515625,zstd_19,0.0066727787465866726,0.000324249267578125,0.99957275390625,14,262144
results/phase3_interleaved/interleaved_256kb_oracle.adc,data/ml_data/phase3_interleaved_ml_artifact_512mb.bin,chunk_oracle_best_size,262144,1892,495976448,262144,182200,0.695037841796875,lzma_6,7.342070369238396,0.4672088623046875,0.005214691162109375,256,262144
results/phase3_interleaved/interleaved_256kb_oracle.adc,data/ml_data/phase3_interleaved_ml_artifact_512mb.bin,chunk_oracle_best_size,262144,1893,496238592,262144,81,0.000308990478515625,zstd_10,1.8953693672656133,0.030029296875,0.760009765625,25,262144
results/phase3_interleaved/interleaved_256kb_oracle.adc,data/ml_data/phase3_interleaved_ml_artifact_512mb.bin,chunk_oracle_best_size,262144,1894,496500736,262144,8392,0.032012939453125,zstd_19,4.48268029289772,1.0,0.0,34,262144
results/phase3_interleaved/interleaved_256kb_oracle.adc,data/ml_data/phase3_interleaved_ml_artifact_512mb.bin,chunk_oracle_best_size,262144,1895,496762880,262144,262144,1.0,store,7.999235843162941,0.3847808837890625,0.0036773681640625,256,262144
results/phase3_interleaved/interleaved_256kb_oracle.adc,data/ml_data/phase3_interleaved_ml_artifact_512mb.bin,chunk_oracle_best_size,262144,1896,497025024,262144,104,0.000396728515625,zstd_19,0.0066727787465866726,0.000324249267578125,0.99957275390625,14,262144
results/phase3_interleaved/interleaved_256kb_oracle.adc,data/ml_data/phase3_interleaved_ml_artifact_512mb.bin,chunk_oracle_best_size,262144,1897,497287168,262144,278,0.00106048583984375,zstd_3,4.2472911682102135,0.2631645202636719,0.22806930541992188,117,262144
results/phase3_interleaved/interleaved_256kb_oracle.adc,data/ml_data/phase3_interleaved_ml_artifact_512mb.bin,chunk_oracle_best_size,262144,1898,497549312,262144,1872,0.00714111328125,lzma_6,4.776904770477251,1.0,0.0,46,262144
results/phase3_interleaved/interleaved_256kb_oracle.adc,data/ml_data/phase3_interleaved_ml_artifact_512mb.bin,chunk_oracle_best_size,262144,1899,497811456,262144,189116,0.7214202880859375,lzma_6,7.3951499125744755,0.4290504455566406,0.002384185791015625,256,262144
results/phase3_interleaved/interleaved_256kb_oracle.adc,data/ml_data/phase3_interleaved_ml_artifact_512mb.bin,chunk_oracle_best_size,262144,1900,498073600,262144,71,0.000270843505859375,zstd_10,1.7772116148855726,0.03948974609375,0.76318359375,19,262144
results/phase3_interleaved/interleaved_256kb_oracle.adc,data/ml_data/phase3_interleaved_ml_artifact_512mb.bin,chunk_oracle_best_size,262144,1901,498335744,262144,262144,1.0,store,7.999259638636827,0.3819999694824219,0.00391387939453125,256,262144
results/phase3_interleaved/interleaved_256kb_oracle.adc,data/ml_data/phase3_interleaved_ml_artifact_512mb.bin,chunk_oracle_best_size,262144,1902,498597888,262144,8055,0.030727386474609375,zstd_19,4.481659103944509,1.0,0.0,34,262144
results/phase3_interleaved/interleaved_256kb_oracle.adc,data/ml_data/phase3_interleaved_ml_artifact_512mb.bin,chunk_oracle_best_size,262144,1903,498860032,262144,104,0.000396728515625,zstd_19,0.0066727787465866726,0.000324249267578125,0.99957275390625,14,262144
results/phase3_interleaved/interleaved_256kb_oracle.adc,data/ml_data/phase3_interleaved_ml_artifact_512mb.bin,chunk_oracle_best_size,262144,1904,499122176,262144,1872,0.00714111328125,lzma_6,4.766392252635192,1.0,0.0,46,262144
results/phase3_interleaved/interleaved_256kb_oracle.adc,data/ml_data/phase3_interleaved_ml_artifact_512mb.bin,chunk_oracle_best_size,262144,1905,499384320,262144,104,0.000396728515625,zstd_19,0.0066727787465866726,0.000324249267578125,0.99957275390625,14,262144
results/phase3_interleaved/interleaved_256kb_oracle.adc,data/ml_data/phase3_interleaved_ml_artifact_512mb.bin,chunk_oracle_best_size,262144,1906,499646464,262144,178008,0.679046630859375,lzma_6,7.281639170241568,0.4409217834472656,0.003253936767578125,256,262144
results/phase3_interleaved/interleaved_256kb_oracle.adc,data/ml_data/phase3_interleaved_ml_artifact_512mb.bin,chunk_oracle_best_size,262144,1907,499908608,262144,82,0.00031280517578125,zstd_10,1.91181155523121,0.0289306640625,0.7596435546875,26,262144
results/phase3_interleaved/interleaved_256kb_oracle.adc,data/ml_data/phase3_interleaved_ml_artifact_512mb.bin,chunk_oracle_best_size,262144,1908,500170752,262144,8224,0.0313720703125,zstd_19,4.48513113188766,1.0,0.0,34,262144
results/phase3_interleaved/interleaved_256kb_oracle.adc,data/ml_data/phase3_interleaved_ml_artifact_512mb.bin,chunk_oracle_best_size,262144,1909,500432896,262144,262144,1.0,store,7.999378731030846,0.3832359313964844,0.00384521484375,256,262144
results/phase3_interleaved/interleaved_256kb_oracle.adc,data/ml_data/phase3_interleaved_ml_artifact_512mb.bin,chunk_oracle_best_size,262144,1910,500695040,262144,104,0.000396728515625,zstd_19,0.0066727787465866726,0.000324249267578125,0.99957275390625,14,262144
results/phase3_interleaved/interleaved_256kb_oracle.adc,data/ml_data/phase3_interleaved_ml_artifact_512mb.bin,chunk_oracle_best_size,262144,1911,500957184,262144,277,0.001056671142578125,zstd_3,4.24118235409783,0.25899505615234375,0.2282867431640625,110,262144
results/phase3_interleaved/interleaved_256kb_oracle.adc,data/ml_data/phase3_interleaved_ml_artifact_512mb.bin,chunk_oracle_best_size,262144,1912,501219328,262144,1872,0.00714111328125,lzma_6,4.771739283454862,1.0,0.0,46,262144
results/phase3_interleaved/interleaved_256kb_oracle.adc,data/ml_data/phase3_interleaved_ml_artifact_512mb.bin,chunk_oracle_best_size,262144,1913,501481472,262144,179216,0.68365478515625,lzma_6,7.2986851424333725,0.4326019287109375,0.004596710205078125,256,262144
results/phase3_interleaved/interleaved_256kb_oracle.adc,data/ml_data/phase3_interleaved_ml_artifact_512mb.bin,chunk_oracle_best_size,262144,1914,501743616,262144,74,0.00028228759765625,zstd_10,1.7996677981511775,0.03753662109375,0.76251220703125,20,262144
results/phase3_interleaved/interleaved_256kb_oracle.adc,data/ml_data/phase3_interleaved_ml_artifact_512mb.bin,chunk_oracle_best_size,262144,1915,502005760,262144,262144,1.0,store,7.999288672107618,0.382293701171875,0.003871917724609375,256,262144
results/phase3_interleaved/interleaved_256kb_oracle.adc,data/ml_data/phase3_interleaved_ml_artifact_512mb.bin,chunk_oracle_best_size,262144,1916,502267904,262144,8644,0.0329742431640625,lzma_6,4.471266155530703,1.0,0.0,34,262144
results/phase3_interleaved/interleaved_256kb_oracle.adc,data/ml_data/phase3_interleaved_ml_artifact_512mb.bin,chunk_oracle_best_size,262144,1917,502530048,262144,104,0.000396728515625,zstd_19,0.0066727787465866726,0.000324249267578125,0.99957275390625,14,262144
results/phase3_interleaved/interleaved_256kb_oracle.adc,data/ml_data/phase3_interleaved_ml_artifact_512mb.bin,chunk_oracle_best_size,262144,1918,502792192,262144,1872,0.00714111328125,lzma_6,4.7749661601907825,1.0,0.0,46,262144
results/phase3_interleaved/interleaved_256kb_oracle.adc,data/ml_data/phase3_interleaved_ml_artifact_512mb.bin,chunk_oracle_best_size,262144,1919,503054336,262144,104,0.000396728515625,zstd_19,0.0066727787465866726,0.000324249267578125,0.99957275390625,14,262144
results/phase3_interleaved/interleaved_256kb_oracle.adc,data/ml_data/phase3_interleaved_ml_artifact_512mb.bin,chunk_oracle_best_size,262144,1920,503316480,262144,186244,0.7104644775390625,lzma_6,7.32248833277343,0.4066162109375,0.00214385986328125,256,262144
results/phase3_interleaved/interleaved_256kb_oracle.adc,data/ml_data/phase3_interleaved_ml_artifact_512mb.bin,chunk_oracle_best_size,262144,1921,503578624,262144,83,0.000316619873046875,zstd_10,1.9277406931939804,0.02783203125,0.75927734375,27,262144
results/phase3_interleaved/interleaved_256kb_oracle.adc,data/ml_data/phase3_interleaved_ml_artifact_512mb.bin,chunk_oracle_best_size,262144,1922,503840768,262144,8505,0.032444000244140625,zstd_19,4.468897369745831,1.0,0.0,34,262144
results/phase3_interleaved/interleaved_256kb_oracle.adc,data/ml_data/phase3_interleaved_ml_artifact_512mb.bin,chunk_oracle_best_size,262144,1923,504102912,262144,262144,1.0,store,7.999375451609515,0.3819313049316406,0.00372314453125,256,262144
results/phase3_interleaved/interleaved_256kb_oracle.adc,data/ml_data/phase3_interleaved_ml_artifact_512mb.bin,chunk_oracle_best_size,262144,1924,504365056,262144,101,0.000385284423828125,zstd_19,0.0066727787465866726,0.000324249267578125,0.99957275390625,14,262144
results/phase3_interleaved/interleaved_256kb_oracle.adc,data/ml_data/phase3_interleaved_ml_artifact_512mb.bin,chunk_oracle_best_size,262144,1925,504627200,262144,278,0.00106048583984375,zstd_3,4.26118735012334,0.2622871398925781,0.22806930541992188,118,262144
results/phase3_interleaved/interleaved_256kb_oracle.adc,data/ml_data/phase3_interleaved_ml_artifact_512mb.bin,chunk_oracle_best_size,262144,1926,504889344,262144,1872,0.00714111328125,lzma_6,4.771784047077345,1.0,0.0,46,262144
results/phase3_interleaved/interleaved_256kb_oracle.adc,data/ml_data/phase3_interleaved_ml_artifact_512mb.bin,chunk_oracle_best_size,262144,1927,505151488,262144,177756,0.6780853271484375,lzma_6,7.267771799013539,0.4375114440917969,0.004238128662109375,256,262144
results/phase3_interleaved/interleaved_256kb_oracle.adc,data/ml_data/phase3_interleaved_ml_artifact_512mb.bin,chunk_oracle_best_size,262144,1928,505413632,262144,75,0.000286102294921875,zstd_10,1.8205400655918629,0.03570556640625,0.761962890625,21,262144
results/phase3_interleaved/interleaved_256kb_oracle.adc,data/ml_data/phase3_interleaved_ml_artifact_512mb.bin,chunk_oracle_best_size,262144,1929,505675776,262144,262144,1.0,store,7.999310024198437,0.3819427490234375,0.003993988037109375,256,262144
results/phase3_interleaved/interleaved_256kb_oracle.adc,data/ml_data/phase3_interleaved_ml_artifact_512mb.bin,chunk_oracle_best_size,262144,1930,505937920,262144,8408,0.032073974609375,zstd_19,4.484069116553642,1.0,0.0,34,262144
results/phase3_interleaved/interleaved_256kb_oracle.adc,data/ml_data/phase3_interleaved_ml_artifact_512mb.bin,chunk_oracle_best_size,262144,1931,506200064,262144,101,0.000385284423828125,zstd_19,0.0066727787465866726,0.000324249267578125,0.99957275390625,14,262144
results/phase3_interleaved/interleaved_256kb_oracle.adc,data/ml_data/phase3_interleaved_ml_artifact_512mb.bin,chunk_oracle_best_size,262144,1932,506462208,262144,1872,0.00714111328125,lzma_6,4.771737570291476,1.0,0.0,46,262144
results/phase3_interleaved/interleaved_256kb_oracle.adc,data/ml_data/phase3_interleaved_ml_artifact_512mb.bin,chunk_oracle_best_size,262144,1933,506724352,262144,101,0.000385284423828125,zstd_19,0.0066727787465866726,0.000324249267578125,0.99957275390625,14,262144
results/phase3_interleaved/interleaved_256kb_oracle.adc,data/ml_data/phase3_interleaved_ml_artifact_512mb.bin,chunk_oracle_best_size,262144,1934,506986496,262144,189400,0.722503662109375,lzma_6,7.35354066556863,0.4665985107421875,0.00241851806640625,256,262144
results/phase3_interleaved/interleaved_256kb_oracle.adc,data/ml_data/phase3_interleaved_ml_artifact_512mb.bin,chunk_oracle_best_size,262144,1935,507248640,262144,85,0.000324249267578125,zstd_10,1.9428040212458586,0.0267333984375,0.75897216796875,28,262144
results/phase3_interleaved/interleaved_256kb_oracle.adc,data/ml_data/phase3_interleaved_ml_artifact_512mb.bin,chunk_oracle_best_size,262144,1936,507510784,262144,8179,0.031200408935546875,zstd_19,4.48267979977644,1.0,0.0,34,262144
results/phase3_interleaved/interleaved_256kb_oracle.adc,data/ml_data/phase3_interleaved_ml_artifact_512mb.bin,chunk_oracle_best_size,262144,1937,507772928,262144,262144,1.0,store,7.999338746519903,0.38287353515625,0.003940582275390625,256,262144
results/phase3_interleaved/interleaved_256kb_oracle.adc,data/ml_data/phase3_interleaved_ml_artifact_512mb.bin,chunk_oracle_best_size,262144,1938,508035072,262144,101,0.000385284423828125,zstd_19,0.0066727787465866726,0.000324249267578125,0.99957275390625,14,262144
results/phase3_interleaved/interleaved_256kb_oracle.adc,data/ml_data/phase3_interleaved_ml_artifact_512mb.bin,chunk_oracle_best_size,262144,1939,508297216,262144,278,0.00106048583984375,zstd_3,4.258140634822066,0.2684288024902344,0.22806930541992188,116,262144
results/phase3_interleaved/interleaved_256kb_oracle.adc,data/ml_data/phase3_interleaved_ml_artifact_512mb.bin,chunk_oracle_best_size,262144,1940,508559360,262144,1872,0.00714111328125,lzma_6,4.766392252635192,1.0,0.0,46,262144
results/phase3_interleaved/interleaved_256kb_oracle.adc,data/ml_data/phase3_interleaved_ml_artifact_512mb.bin,chunk_oracle_best_size,262144,1941,508821504,262144,185028,0.7058258056640625,lzma_6,7.28505518781244,0.4488868713378906,0.00229644775390625,256,262144
results/phase3_interleaved/interleaved_256kb_oracle.adc,data/ml_data/phase3_interleaved_ml_artifact_512mb.bin,chunk_oracle_best_size,262144,1942,509083648,262144,77,0.000293731689453125,zstd_10,1.8406283492670494,0.0340576171875,0.76141357421875,22,262144
results/phase3_interleaved/interleaved_256kb_oracle.adc,data/ml_data/phase3_interleaved_ml_artifact_512mb.bin,chunk_oracle_best_size,262144,1943,509345792,262144,262144,1.0,store,7.999303647254074,0.3850135803222656,0.00412750244140625,256,262144
results/phase3_interleaved/interleaved_256kb_oracle.adc,data/ml_data/phase3_interleaved_ml_artifact_512mb.bin,chunk_oracle_best_size,262144,1944,509607936,262144,8225,0.031375885009765625,zstd_19,4.47255756923793,1.0,0.0,34,262144
results/phase3_interleaved/interleaved_256kb_oracle.adc,data/ml_data/phase3_interleaved_ml_artifact_512mb.bin,chunk_oracle_best_size,262144,1945,509870080,262144,101,0.000385284423828125,zstd_19,0.0066727787465866726,0.000324249267578125,0.99957275390625,14,262144
results/phase3_interleaved/interleaved_256kb_oracle.adc,data/ml_data/phase3_interleaved_ml_artifact_512mb.bin,chunk_oracle_best_size,262144,1946,510132224,262144,1872,0.00714111328125,lzma_6,4.770021239927231,1.0,0.0,46,262144
results/phase3_interleaved/interleaved_256kb_oracle.adc,data/ml_data/phase3_interleaved_ml_artifact_512mb.bin,chunk_oracle_best_size,262144,1947,510394368,262144,101,0.000385284423828125,zstd_19,0.0066727787465866726,0.000324249267578125,0.99957275390625,14,262144
results/phase3_interleaved/interleaved_256kb_oracle.adc,data/ml_data/phase3_interleaved_ml_artifact_512mb.bin,chunk_oracle_best_size,262144,1948,510656512,262144,182092,0.6946258544921875,lzma_6,7.271599350275318,0.4559822082519531,0.00284576416015625,256,262144
results/phase3_interleaved/interleaved_256kb_oracle.adc,data/ml_data/phase3_interleaved_ml_artifact_512mb.bin,chunk_oracle_best_size,262144,1949,510918656,262144,85,0.000324249267578125,zstd_10,1.9574219614934496,0.02581787109375,0.7586669921875,29,262144
results/phase3_interleaved/interleaved_256kb_oracle.adc,data/ml_data/phase3_interleaved_ml_artifact_512mb.bin,chunk_oracle_best_size,262144,1950,511180800,262144,7716,0.0294342041015625,lzma_6,4.485138834503049,1.0,0.0,34,262144
results/phase3_interleaved/interleaved_256kb_oracle.adc,data/ml_data/phase3_interleaved_ml_artifact_512mb.bin,chunk_oracle_best_size,262144,1951,511442944,262144,262144,1.0,store,7.999325762171706,0.3840522766113281,0.003841400146484375,256,262144
results/phase3_interleaved/interleaved_256kb_oracle.adc,data/ml_data/phase3_interleaved_ml_artifact_512mb.bin,chunk_oracle_best_size,262144,1952,511705088,262144,101,0.000385284423828125,zstd_19,0.0066727787465866726,0.000324249267578125,0.99957275390625,14,262144
results/phase3_interleaved/interleaved_256kb_oracle.adc,data/ml_data/phase3_interleaved_ml_artifact_512mb.bin,chunk_oracle_best_size,262144,1953,511967232,262144,278,0.00106048583984375,zstd_3,4.261183529431031,0.2622871398925781,0.22806930541992188,118,262144
results/phase3_interleaved/interleaved_256kb_oracle.adc,data/ml_data/phase3_interleaved_ml_artifact_512mb.bin,chunk_oracle_best_size,262144,1954,512229376,262144,1872,0.00714111328125,lzma_6,4.7746380636961385,1.0,0.0,46,262144
results/phase3_interleaved/interleaved_256kb_oracle.adc,data/ml_data/phase3_interleaved_ml_artifact_512mb.bin,chunk_oracle_best_size,262144,1955,512491520,262144,178276,0.6800689697265625,lzma_6,7.288957915703676,0.4772911071777344,0.005229949951171875,256,262144
results/phase3_interleaved/interleaved_256kb_oracle.adc,data/ml_data/phase3_interleaved_ml_artifact_512mb.bin,chunk_oracle_best_size,262144,1956,512753664,262144,78,0.00029754638671875,zstd_10,1.8596352327448284,0.0325927734375,0.76092529296875,23,262144
results/phase3_interleaved/interleaved_256kb_oracle.adc,data/ml_data/phase3_interleaved_ml_artifact_512mb.bin,chunk_oracle_best_size,262144,1957,513015808,262144,262144,1.0,store,7.999461142174654,0.3827667236328125,0.0039825439453125,256,262144
results/phase3_interleaved/interleaved_256kb_oracle.adc,data/ml_data/phase3_interleaved_ml_artifact_512mb.bin,chunk_oracle_best_size,262144,1958,513277952,262144,8636,0.0329437255859375,lzma_6,4.483693146196248,1.0,0.0,34,262144
results/phase3_interleaved/interleaved_256kb_oracle.adc,data/ml_data/phase3_interleaved_ml_artifact_512mb.bin,chunk_oracle_best_size,262144,1959,513540096,262144,101,0.000385284423828125,zstd_19,0.0066727787465866726,0.000324249267578125,0.99957275390625,14,262144
results/phase3_interleaved/interleaved_256kb_oracle.adc,data/ml_data/phase3_interleaved_ml_artifact_512mb.bin,chunk_oracle_best_size,262144,1960,513802240,262144,1872,0.00714111328125,lzma_6,4.766437016257675,1.0,0.0,46,262144
results/phase3_interleaved/interleaved_256kb_oracle.adc,data/ml_data/phase3_interleaved_ml_artifact_512mb.bin,chunk_oracle_best_size,262144,1961,514064384,262144,101,0.000385284423828125,zstd_19,0.0066727787465866726,0.000324249267578125,0.99957275390625,14,262144
results/phase3_interleaved/interleaved_256kb_oracle.adc,data/ml_data/phase3_interleaved_ml_artifact_512mb.bin,chunk_oracle_best_size,262144,1962,514326528,262144,179576,0.685028076171875,lzma_6,7.282429664597599,0.4393768310546875,0.0031890869140625,256,262144
results/phase3_interleaved/interleaved_256kb_oracle.adc,data/ml_data/phase3_interleaved_ml_artifact_512mb.bin,chunk_oracle_best_size,262144,1963,514588672,262144,67,0.000255584716796875,zstd_10,1.728282418908997,0.04412841796875,0.76470947265625,17,262144
results/phase3_interleaved/interleaved_256kb_oracle.adc,data/ml_data/phase3_interleaved_ml_artifact_512mb.bin,chunk_oracle_best_size,262144,1964,514850816,262144,8237,0.031421661376953125,zstd_10,4.482661104962376,1.0,0.0,34,262144
results/phase3_interleaved/interleaved_256kb_oracle.adc,data/ml_data/phase3_interleaved_ml_artifact_512mb.bin,chunk_oracle_best_size,262144,1965,515112960,262144,262144,1.0,store,7.999353734045071,0.3828315734863281,0.00389862060546875,256,262144
results/phase3_interleaved/interleaved_256kb_oracle.adc,data/ml_data/phase3_interleaved_ml_artifact_512mb.bin,chunk_oracle_best_size,262144,1966,515375104,262144,101,0.000385284423828125,zstd_19,0.0066727787465866726,0.000324249267578125,0.99957275390625,14,262144
results/phase3_interleaved/interleaved_256kb_oracle.adc,data/ml_data/phase3_interleaved_ml_artifact_512mb.bin,chunk_oracle_best_size,262144,1967,515637248,262144,278,0.00106048583984375,zstd_3,4.258768678663327,0.2631645202636719,0.22806930541992188,117,262144
results/phase3_interleaved/interleaved_256kb_oracle.adc,data/ml_data/phase3_interleaved_ml_artifact_512mb.bin,chunk_oracle_best_size,262144,1968,515899392,262144,1872,0.00714111328125,lzma_6,4.775010923813266,1.0,0.0,46,262144
results/phase3_interleaved/interleaved_256kb_oracle.adc,data/ml_data/phase3_interleaved_ml_artifact_512mb.bin,chunk_oracle_best_size,262144,1969,516161536,262144,183464,0.699859619140625,lzma_6,7.277609214008834,0.442626953125,0.00215911865234375,256,262144
results/phase3_interleaved/interleaved_256kb_oracle.adc,data/ml_data/phase3_interleaved_ml_artifact_512mb.bin,chunk_oracle_best_size,262144,1970,516423680,262144,80,0.00030517578125,zstd_10,1.8779894615960075,0.03131103515625,0.76043701171875,24,262144
results/phase3_interleaved/interleaved_256kb_oracle.adc,data/ml_data/phase3_interleaved_ml_artifact_512mb.bin,chunk_oracle_best_size,262144,1971,516685824,262144,262144,1.0,store,7.999330698814915,0.3827552795410156,0.003749847412109375,256,262144
results/phase3_interleaved/interleaved_256kb_oracle.adc,data/ml_data/phase3_interleaved_ml_artifact_512mb.bin,chunk_oracle_best_size,262144,1972,516947968,262144,8234,0.03141021728515625,zstd_19,4.480301035419636,1.0,0.0,34,262144
results/phase3_interleaved/interleaved_256kb_oracle.adc,data/ml_data/phase3_interleaved_ml_artifact_512mb.bin,chunk_oracle_best_size,262144,1973,517210112,262144,101,0.000385284423828125,zstd_19,0.0066727787465866726,0.000324249267578125,0.99957275390625,14,262144
results/phase3_interleaved/interleaved_256kb_oracle.adc,data/ml_data/phase3_interleaved_ml_artifact_512mb.bin,chunk_oracle_best_size,262144,1974,517472256,262144,1872,0.00714111328125,lzma_6,4.774752814097416,1.0,0.0,46,262144
results/phase3_interleaved/interleaved_256kb_oracle.adc,data/ml_data/phase3_interleaved_ml_artifact_512mb.bin,chunk_oracle_best_size,262144,1975,517734400,262144,101,0.000385284423828125,zstd_19,0.0066727787465866726,0.000324249267578125,0.99957275390625,14,262144
results/phase3_interleaved/interleaved_256kb_oracle.adc,data/ml_data/phase3_interleaved_ml_artifact_512mb.bin,chunk_oracle_best_size,262144,1976,517996544,262144,186872,0.712860107421875,lzma_6,7.343624241868887,0.43579864501953125,0.003143310546875,256,262144
results/phase3_interleaved/interleaved_256kb_oracle.adc,data/ml_data/phase3_interleaved_ml_artifact_512mb.bin,chunk_oracle_best_size,262144,1977,518258688,262144,70,0.00026702880859375,zstd_10,1.7534509016363693,0.0416259765625,0.763916015625,18,262144
results/phase3_interleaved/interleaved_256kb_oracle.adc,data/ml_data/phase3_interleaved_ml_artifact_512mb.bin,chunk_oracle_best_size,262144,1978,518520832,262144,8213,0.031330108642578125,zstd_19,4.483727373659077,1.0,0.0,34,262144
results/phase3_interleaved/interleaved_256kb_oracle.adc,data/ml_data/phase3_interleaved_ml_artifact_512mb.bin,chunk_oracle_best_size,262144,1979,518782976,262144,262144,1.0,store,7.999372793881195,0.3829193115234375,0.0040283203125,256,262144
results/phase3_interleaved/interleaved_256kb_oracle.adc,data/ml_data/phase3_interleaved_ml_artifact_512mb.bin,chunk_oracle_best_size,262144,1980,519045120,262144,101,0.000385284423828125,zstd_19,0.0066727787465866726,0.000324249267578125,0.99957275390625,14,262144
results/phase3_interleaved/interleaved_256kb_oracle.adc,data/ml_data/phase3_interleaved_ml_artifact_512mb.bin,chunk_oracle_best_size,262144,1981,519307264,262144,278,0.00106048583984375,zstd_3,4.256690139936591,0.2684288024902344,0.22806930541992188,115,262144
results/phase3_interleaved/interleaved_256kb_oracle.adc,data/ml_data/phase3_interleaved_ml_artifact_512mb.bin,chunk_oracle_best_size,262144,1982,519569408,262144,1872,0.00714111328125,lzma_6,4.776728967340897,1.0,0.0,46,262144
results/phase3_interleaved/interleaved_256kb_oracle.adc,data/ml_data/phase3_interleaved_ml_artifact_512mb.bin,chunk_oracle_best_size,262144,1983,519831552,262144,179804,0.6858978271484375,lzma_6,7.301879458420067,0.42879486083984375,0.002864837646484375,256,262144
results/phase3_interleaved/interleaved_256kb_oracle.adc,data/ml_data/phase3_interleaved_ml_artifact_512mb.bin,chunk_oracle_best_size,262144,1984,520093696,262144,81,0.000308990478515625,zstd_10,1.8953693672656133,0.030029296875,0.760009765625,25,262144
results/phase3_interleaved/interleaved_256kb_oracle.adc,data/ml_data/phase3_interleaved_ml_artifact_512mb.bin,chunk_oracle_best_size,262144,1985,520355840,262144,262144,1.0,store,7.999387483307594,0.38239288330078125,0.004058837890625,256,262144
results/phase3_interleaved/interleaved_256kb_oracle.adc,data/ml_data/phase3_interleaved_ml_artifact_512mb.bin,chunk_oracle_best_size,262144,1986,520617984,262144,7720,0.029449462890625,lzma_6,4.483778192059652,1.0,0.0,34,262144
results/phase3_interleaved/interleaved_256kb_oracle.adc,data/ml_data/phase3_interleaved_ml_artifact_512mb.bin,chunk_oracle_best_size,262144,1987,520880128,262144,104,0.000396728515625,zstd_19,0.0066727787465866726,0.000324249267578125,0.99957275390625,14,262144
results/phase3_interleaved/interleaved_256kb_oracle.adc,data/ml_data/phase3_interleaved_ml_artifact_512mb.bin,chunk_oracle_best_size,262144,1988,521142272,262144,1872,0.00714111328125,lzma_6,4.776904770477251,1.0,0.0,46,262144
results/phase3_interleaved/interleaved_256kb_oracle.adc,data/ml_data/phase3_interleaved_ml_artifact_512mb.bin,chunk_oracle_best_size,262144,1989,521404416,262144,104,0.000396728515625,zstd_19,0.0066727787465866726,0.000324249267578125,0.99957275390625,14,262144
results/phase3_interleaved/interleaved_256kb_oracle.adc,data/ml_data/phase3_interleaved_ml_artifact_512mb.bin,chunk_oracle_best_size,262144,1990,521666560,262144,177620,0.6775665283203125,lzma_6,7.2689339711442615,0.4581413269042969,0.002819061279296875,256,262144
results/phase3_interleaved/interleaved_256kb_oracle.adc,data/ml_data/phase3_interleaved_ml_artifact_512mb.bin,chunk_oracle_best_size,262144,1991,521928704,262144,71,0.000270843505859375,zstd_10,1.7772116148855726,0.03948974609375,0.76318359375,19,262144
results/phase3_interleaved/interleaved_256kb_oracle.adc,data/ml_data/phase3_interleaved_ml_artifact_512mb.bin,chunk_oracle_best_size,262144,1992,522190848,262144,8049,0.030704498291015625,zstd_19,4.470701310949935,1.0,0.0,34,262144
results/phase3_interleaved/interleaved_256kb_oracle.adc,data/ml_data/phase3_interleaved_ml_artifact_512mb.bin,chunk_oracle_best_size,262144,1993,522452992,262144,262144,1.0,store,7.999339657170575,0.3817787170410156,0.00394439697265625,256,262144
results/phase3_interleaved/interleaved_256kb_oracle.adc,data/ml_data/phase3_interleaved_ml_artifact_512mb.bin,chunk_oracle_best_size,262144,1994,522715136,262144,104,0.000396728515625,zstd_19,0.0066727787465866726,0.000324249267578125,0.99957275390625,14,262144
results/phase3_interleaved/interleaved_256kb_oracle.adc,data/ml_data/phase3_interleaved_ml_artifact_512mb.bin,chunk_oracle_best_size,262144,1995,522977280,262144,278,0.00106048583984375,zstd_3,4.257803320908125,0.2684288024902344,0.22806930541992188,116,262144
results/phase3_interleaved/interleaved_256kb_oracle.adc,data/ml_data/phase3_interleaved_ml_artifact_512mb.bin,chunk_oracle_best_size,262144,1996,523239424,262144,1872,0.00714111328125,lzma_6,4.769026104683741,1.0,0.0,46,262144
results/phase3_interleaved/interleaved_256kb_oracle.adc,data/ml_data/phase3_interleaved_ml_artifact_512mb.bin,chunk_oracle_best_size,262144,1997,523501568,262144,189312,0.72216796875,lzma_6,7.353676121768076,0.4108772277832031,0.003143310546875,256,262144
results/phase3_interleaved/interleaved_256kb_oracle.adc,data/ml_data/phase3_interleaved_ml_artifact_512mb.bin,chunk_oracle_best_size,262144,1998,523763712,262144,82,0.00031280517578125,zstd_10,1.91181155523121,0.0289306640625,0.7596435546875,26,262144
results/phase3_interleaved/interleaved_256kb_oracle.adc,data/ml_data/phase3_interleaved_ml_artifact_512mb.bin,chunk_oracle_best_size,262144,1999,524025856,262144,262144,1.0,store,7.999188647654369,0.3823585510253906,0.0037078857421875,256,262144
results/phase3_interleaved/interleaved_256kb_oracle.adc,data/ml_data/phase3_interleaved_ml_artifact_512mb.bin,chunk_oracle_best_size,262144,2000,524288000,262144,8237,0.031421661376953125,zstd_10,4.463534809822284,1.0,0.0,34,262144
results/phase3_interleaved/interleaved_256kb_oracle.adc,data/ml_data/phase3_interleaved_ml_artifact_512mb.bin,chunk_oracle_best_size,262144,2001,524550144,262144,104,0.000396728515625,zstd_19,0.0066727787465866726,0.000324249267578125,0.99957275390625,14,262144
results/phase3_interleaved/interleaved_256kb_oracle.adc,data/ml_data/phase3_interleaved_ml_artifact_512mb.bin,chunk_oracle_best_size,262144,2002,524812288,262144,1872,0.00714111328125,lzma_6,4.761787063998988,1.0,0.0,46,262144
results/phase3_interleaved/interleaved_256kb_oracle.adc,data/ml_data/phase3_interleaved_ml_artifact_512mb.bin,chunk_oracle_best_size,262144,2003,525074432,262144,104,0.000396728515625,zstd_19,0.0066727787465866726,0.000324249267578125,0.99957275390625,14,262144
results/phase3_interleaved/interleaved_256kb_oracle.adc,data/ml_data/phase3_interleaved_ml_artifact_512mb.bin,chunk_oracle_best_size,262144,2004,525336576,262144,181484,0.6923065185546875,lzma_6,7.320468509020895,0.4350318908691406,0.00335693359375,256,262144
results/phase3_interleaved/interleaved_256kb_oracle.adc,data/ml_data/phase3_interleaved_ml_artifact_512mb.bin,chunk_oracle_best_size,262144,2005,525598720,262144,74,0.00028228759765625,zstd_10,1.7996677981511775,0.03753662109375,0.76251220703125,20,262144
results/phase3_interleaved/interleaved_256kb_oracle.adc,data/ml_data/phase3_interleaved_ml_artifact_512mb.bin,chunk_oracle_best_size,262144,2006,525860864,262144,8644,0.0329742431640625,lzma_6,4.478230571624454,1.0,0.0,34,262144
results/phase3_interleaved/interleaved_256kb_oracle.adc,data/ml_data/phase3_interleaved_ml_artifact_512mb.bin,chunk_oracle_best_size,262144,2007,526123008,262144,262144,1.0,store,7.999286274014968,0.3830528259277344,0.0039825439453125,256,262144
results/phase3_interleaved/interleaved_256kb_oracle.adc,data/ml_data/phase3_interleaved_ml_artifact_512mb.bin,chunk_oracle_best_size,262144,2008,526385152,262144,104,0.000396728515625,zstd_19,0.0066727787465866726,0.000324249267578125,0.99957275390625,14,262144
results/phase3_interleaved/interleaved_256kb_oracle.adc,data/ml_data/phase3_interleaved_ml_artifact_512mb.bin,chunk_oracle_best_size,262144,2009,526647296,262144,278,0.00106048583984375,zstd_3,4.2522991906095715,0.2675514221191406,0.22806930541992188,114,262144
results/phase3_interleaved/interleaved_256kb_oracle.adc,data/ml_data/phase3_interleaved_ml_artifact_512mb.bin,chunk_oracle_best_size,262144,2010,526909440,262144,1876,0.0071563720703125,lzma_6,4.76355408518913,1.0,0.0,46,262144
results/phase3_interleaved/interleaved_256kb_oracle.adc,data/ml_data/phase3_interleaved_ml_artifact_512mb.bin,chunk_oracle_best_size,262144,2011,527171584,262144,180316,0.6878509521484375,lzma_6,7.293702301781233,0.46630859375,0.003398895263671875,256,262144
results/phase3_interleaved/interleaved_256kb_oracle.adc,data/ml_data/phase3_interleaved_ml_artifact_512mb.bin,chunk_oracle_best_size,262144,2012,527433728,262144,83,0.000316619873046875,zstd_10,1.9277406931939804,0.02783203125,0.75927734375,27,262144
results/phase3_interleaved/interleaved_256kb_oracle.adc,data/ml_data/phase3_interleaved_ml_artifact_512mb.bin,chunk_oracle_best_size,262144,2013,527695872,262144,262144,1.0,store,7.999247964336148,0.3813514709472656,0.003688812255859375,256,262144
results/phase3_interleaved/interleaved_256kb_oracle.adc,data/ml_data/phase3_interleaved_ml_artifact_512mb.bin,chunk_oracle_best_size,262144,2014,527958016,262144,8193,0.031253814697265625,zstd_19,4.480575202852243,1.0,0.0,34,262144
results/phase3_interleaved/interleaved_256kb_oracle.adc,data/ml_data/phase3_interleaved_ml_artifact_512mb.bin,chunk_oracle_best_size,262144,2015,528220160,262144,104,0.000396728515625,zstd_19,0.0066727787465866726,0.000324249267578125,0.99957275390625,14,262144
results/phase3_interleaved/interleaved_256kb_oracle.adc,data/ml_data/phase3_interleaved_ml_artifact_512mb.bin,chunk_oracle_best_size,262144,2016,528482304,262144,1872,0.00714111328125,lzma_6,4.767823557333205,1.0,0.0,46,262144
results/phase3_interleaved/interleaved_256kb_oracle.adc,data/ml_data/phase3_interleaved_ml_artifact_512mb.bin,chunk_oracle_best_size,262144,2017,528744448,262144,104,0.000396728515625,zstd_19,0.0066727787465866726,0.000324249267578125,0.99957275390625,14,262144
results/phase3_interleaved/interleaved_256kb_oracle.adc,data/ml_data/phase3_interleaved_ml_artifact_512mb.bin,chunk_oracle_best_size,262144,2018,529006592,262144,182440,0.695953369140625,lzma_6,7.261067018097086,0.39232635498046875,0.00435638427734375,256,262144
results/phase3_interleaved/interleaved_256kb_oracle.adc,data/ml_data/phase3_interleaved_ml_artifact_512mb.bin,chunk_oracle_best_size,262144,2019,529268736,262144,75,0.000286102294921875,zstd_10,1.8205400655918629,0.03570556640625,0.761962890625,21,262144
results/phase3_interleaved/interleaved_256kb_oracle.adc,data/ml_data/phase3_interleaved_ml_artifact_512mb.bin,chunk_oracle_best_size,262144,2020,529530880,262144,8430,0.03215789794921875,zstd_19,4.466857648594835,1.0,0.0,34,262144
results/phase3_interleaved/interleaved_256kb_oracle.adc,data/ml_data/phase3_interleaved_ml_artifact_512mb.bin,chunk_oracle_best_size,262144,2021,529793024,262144,262144,1.0,store,7.9992947972610775,0.3845329284667969,0.00372314453125,256,262144
results/phase3_interleaved/interleaved_256kb_oracle.adc,data/ml_data/phase3_interleaved_ml_artifact_512mb.bin,chunk_oracle_best_size,262144,2022,530055168,262144,104,0.000396728515625,zstd_19,0.0066727787465866726,0.000324249267578125,0.99957275390625,14,262144
results/phase3_interleaved/interleaved_256kb_oracle.adc,data/ml_data/phase3_interleaved_ml_artifact_512mb.bin,chunk_oracle_best_size,262144,2023,530317312,262144,278,0.00106048583984375,zstd_3,4.267528371496539,0.2675514221191406,0.22806930541992188,118,262144
results/phase3_interleaved/interleaved_256kb_oracle.adc,data/ml_data/phase3_interleaved_ml_artifact_512mb.bin,chunk_oracle_best_size,262144,2024,530579456,262144,1872,0.00714111328125,lzma_6,4.766011772520581,1.0,0.0,46,262144
results/phase3_interleaved/interleaved_256kb_oracle.adc,data/ml_data/phase3_interleaved_ml_artifact_512mb.bin,chunk_oracle_best_size,262144,2025,530841600,262144,183284,0.6991729736328125,lzma_6,7.310347765379105,0.4313545227050781,0.0029449462890625,256,262144
results/phase3_interleaved/interleaved_256kb_oracle.adc,data/ml_data/phase3_interleaved_ml_artifact_512mb.bin,chunk_oracle_best_size,262144,2026,531103744,262144,85,0.000324249267578125,zstd_10,1.9428040212458586,0.0267333984375,0.75897216796875,28,262144
results/phase3_interleaved/interleaved_256kb_oracle.adc,data/ml_data/phase3_interleaved_ml_artifact_512mb.bin,chunk_oracle_best_size,262144,2027,531365888,262144,262144,1.0,store,7.999199380894462,0.38230133056640625,0.003997802734375,256,262144
results/phase3_interleaved/interleaved_256kb_oracle.adc,data/ml_data/phase3_interleaved_ml_artifact_512mb.bin,chunk_oracle_best_size,262144,2028,531628032,262144,8273,0.031558990478515625,zstd_19,4.475744549678097,1.0,0.0,34,262144
results/phase3_interleaved/interleaved_256kb_oracle.adc,data/ml_data/phase3_interleaved_ml_artifact_512mb.bin,chunk_oracle_best_size,262144,2029,531890176,262144,104,0.000396728515625,zstd_19,0.0066727787465866726,0.000324249267578125,0.99957275390625,14,262144
results/phase3_interleaved/interleaved_256kb_oracle.adc,data/ml_data/phase3_interleaved_ml_artifact_512mb.bin,chunk_oracle_best_size,262144,2030,532152320,262144,1872,0.00714111328125,lzma_6,4.761787063998988,1.0,0.0,46,262144
results/phase3_interleaved/interleaved_256kb_oracle.adc,data/ml_data/phase3_interleaved_ml_artifact_512mb.bin,chunk_oracle_best_size,262144,2031,532414464,262144,104,0.000396728515625,zstd_19,0.0066727787465866726,0.000324249267578125,0.99957275390625,14,262144
results/phase3_interleaved/interleaved_256kb_oracle.adc,data/ml_data/phase3_interleaved_ml_artifact_512mb.bin,chunk_oracle_best_size,262144,2032,532676608,262144,177108,0.6756134033203125,lzma_6,7.256149794831835,0.4622611999511719,0.005084991455078125,256,262144
results/phase3_interleaved/interleaved_256kb_oracle.adc,data/ml_data/phase3_interleaved_ml_artifact_512mb.bin,chunk_oracle_best_size,262144,2033,532938752,262144,77,0.000293731689453125,zstd_10,1.8406283492670494,0.0340576171875,0.76141357421875,22,262144
results/phase3_interleaved/interleaved_256kb_oracle.adc,data/ml_data/phase3_interleaved_ml_artifact_512mb.bin,chunk_oracle_best_size,262144,2034,533200896,262144,8464,0.03228759765625,zstd_19,4.484958546358675,1.0,0.0,34,262144
results/phase3_interleaved/interleaved_256kb_oracle.adc,data/ml_data/phase3_interleaved_ml_artifact_512mb.bin,chunk_oracle_best_size,262144,2035,533463040,262144,262144,1.0,store,7.999227055223526,0.38367462158203125,0.00384521484375,256,262144
results/phase3_interleaved/interleaved_256kb_oracle.adc,data/ml_data/phase3_interleaved_ml_artifact_512mb.bin,chunk_oracle_best_size,262144,2036,533725184,262144,104,0.000396728515625,zstd_19,0.0066727787465866726,0.000324249267578125,0.99957275390625,14,262144
results/phase3_interleaved/interleaved_256kb_oracle.adc,data/ml_data/phase3_interleaved_ml_artifact_512mb.bin,chunk_oracle_best_size,262144,2037,533987328,262144,278,0.00106048583984375,zstd_3,4.26403296088989,0.2631645202636719,0.22806930541992188,120,262144
results/phase3_interleaved/interleaved_256kb_oracle.adc,data/ml_data/phase3_interleaved_ml_artifact_512mb.bin,chunk_oracle_best_size,262144,2038,534249472,262144,1872,0.00714111328125,lzma_6,4.771001456406615,1.0,0.0,46,262144
results/phase3_interleaved/interleaved_256kb_oracle.adc,data/ml_data/phase3_interleaved_ml_artifact_512mb.bin,chunk_oracle_best_size,262144,2039,534511616,262144,184872,0.705230712890625,lzma_6,7.298136125121432,0.41509246826171875,0.00325775146484375,256,262144
results/phase3_interleaved/interleaved_256kb_oracle.adc,data/ml_data/phase3_interleaved_ml_artifact_512mb.bin,chunk_oracle_best_size,262144,2040,534773760,262144,85,0.000324249267578125,zstd_10,1.9574219614934496,0.02581787109375,0.7586669921875,29,262144
results/phase3_interleaved/interleaved_256kb_oracle.adc,data/ml_data/phase3_interleaved_ml_artifact_512mb.bin,chunk_oracle_best_size,262144,2041,535035904,262144,262144,1.0,store,7.999281827844243,0.38105010986328125,0.0038299560546875,256,262144
results/phase3_interleaved/interleaved_256kb_oracle.adc,data/ml_data/phase3_interleaved_ml_artifact_512mb.bin,chunk_oracle_best_size,262144,2042,535298048,262144,8644,0.0329742431640625,lzma_6,4.47470352765391,1.0,0.0,34,262144
results/phase3_interleaved/interleaved_256kb_oracle.adc,data/ml_data/phase3_interleaved_ml_artifact_512mb.bin,chunk_oracle_best_size,262144,2043,535560192,262144,104,0.000396728515625,zstd_19,0.0066727787465866726,0.000324249267578125,0.99957275390625,14,262144
results/phase3_interleaved/interleaved_256kb_oracle.adc,data/ml_data/phase3_interleaved_ml_artifact_512mb.bin,chunk_oracle_best_size,262144,2044,535822336,262144,1872,0.00714111328125,lzma_6,4.764734655225829,1.0,0.0,46,262144
results/phase3_interleaved/interleaved_256kb_oracle.adc,data/ml_data/phase3_interleaved_ml_artifact_512mb.bin,chunk_oracle_best_size,262144,2045,536084480,262144,104,0.000396728515625,zstd_19,0.0066727787465866726,0.000324249267578125,0.99957275390625,14,262144
results/phase3_interleaved/interleaved_256kb_oracle.adc,data/ml_data/phase3_interleaved_ml_artifact_512mb.bin,chunk_oracle_best_size,262144,2046,536346624,262144,183840,0.7012939453125,lzma_6,7.2978016497276155,0.45145416259765625,0.002880096435546875,256,262144
results/phase3_interleaved/interleaved_256kb_oracle.adc,data/ml_data/phase3_interleaved_ml_artifact_512mb.bin,chunk_oracle_best_size,262144,2047,536608768,262144,78,0.00029754638671875,zstd_10,1.8596352327448284,0.0325927734375,0.76092529296875,23,262144
results/phase3_interleaved/interleaved_1mb_oracle.adc,data/ml_data/phase3_interleaved_ml_artifact_512mb.bin,chunk_oracle_best_size,1048576,0,0,1048576,190056,0.18125152587890625,lzma_6,4.838443023963672,0.3657112121582031,0.44110679626464844,256,1048576
results/phase3_interleaved/interleaved_1mb_oracle.adc,data/ml_data/phase3_interleaved_ml_artifact_512mb.bin,chunk_oracle_best_size,1048576,1,1048576,1048576,272424,0.25980377197265625,zstd_19,5.452147173257732,0.41390419006347656,0.31856441497802734,256,1048576
results/phase3_interleaved/interleaved_1mb_oracle.adc,data/ml_data/phase3_interleaved_ml_artifact_512mb.bin,chunk_oracle_best_size,1048576,2,2097152,1048576,455548,0.4344444274902344,lzma_6,6.7145685286868675,0.4597606658935547,0.1913928985595703,256,1048576
results/phase3_interleaved/interleaved_1mb_oracle.adc,data/ml_data/phase3_interleaved_ml_artifact_512mb.bin,chunk_oracle_best_size,1048576,3,3145728,1048576,10896,0.0103912353515625,lzma_6,3.3864103898066267,0.5001621246337891,0.499786376953125,57,1048576
results/phase3_interleaved/interleaved_1mb_oracle.adc,data/ml_data/phase3_interleaved_ml_artifact_512mb.bin,chunk_oracle_best_size,1048576,4,4194304,1048576,459184,0.4379119873046875,lzma_6,6.6509822925836755,0.4651803970336914,0.1925182342529297,256,1048576
results/phase3_interleaved/interleaved_1mb_oracle.adc,data/ml_data/phase3_interleaved_ml_artifact_512mb.bin,chunk_oracle_best_size,1048576,5,5242880,1048576,190988,0.18214035034179688,lzma_6,5.506331638551476,0.4404478073120117,0.3074531555175781,256,1048576
results/phase3_interleaved/interleaved_1mb_oracle.adc,data/ml_data/phase3_interleaved_ml_artifact_512mb.bin,chunk_oracle_best_size,1048576,6,6291456,1048576,271340,0.2587699890136719,zstd_19,4.945376128204214,0.35260581970214844,0.44060516357421875,256,1048576
results/phase3_interleaved/interleaved_1mb_oracle.adc,data/ml_data/phase3_interleaved_ml_artifact_512mb.bin,chunk_oracle_best_size,1048576,7,7340032,1048576,190172,0.18136215209960938,lzma_6,4.848132868500666,0.3681612014770508,0.4408245086669922,256,1048576
results/phase3_interleaved/interleaved_1mb_oracle.adc,data/ml_data/phase3_interleaved_ml_artifact_512mb.bin,chunk_oracle_best_size,1048576,8,8388608,1048576,270850,0.2583026885986328,zstd_19,5.596103751589332,0.41334056854248047,0.30788421630859375,256,1048576
results/phase3_interleaved/interleaved_1mb_oracle.adc,data/ml_data/phase3_interleaved_ml_artifact_512mb.bin,chunk_oracle_best_size,1048576,9,9437184,1048576,451000,0.43010711669921875,lzma_6,6.710455044793124,0.4783916473388672,0.19165897369384766,256,1048576
results/phase3_interleaved/interleaved_1mb_oracle.adc,data/ml_data/phase3_interleaved_ml_artifact_512mb.bin,chunk_oracle_best_size,1048576,10,10485760,1048576,11112,0.01059722900390625,lzma_6,3.384853346674104,0.5001621246337891,0.499786376953125,57,1048576
results/phase3_interleaved/interleaved_1mb_oracle.adc,data/ml_data/phase3_interleaved_ml_artifact_512mb.bin,chunk_oracle_best_size,1048576,11,11534336,1048576,452912,0.4319305419921875,lzma_6,6.646380340539888,0.4744749069213867,0.1920623779296875,256,1048576
results/phase3_interleaved/interleaved_1mb_oracle.adc,data/ml_data/phase3_interleaved_ml_artifact_512mb.bin,chunk_oracle_best_size,1048576,12,12582912,1048576,192992,0.184051513671875,lzma_6,5.506217300973794,0.4230623245239258,0.30813121795654297,256,1048576
results/phase3_interleaved/interleaved_1mb_oracle.adc,data/ml_data/phase3_interleaved_ml_artifact_512mb.bin,chunk_oracle_best_size,1048576,13,13631488,1048576,271310,0.2587413787841797,zstd_19,4.911221018612552,0.3571481704711914,0.4420452117919922,256,1048576
results/phase3_interleaved/interleaved_1mb_oracle.adc,data/ml_data/phase3_interleaved_ml_artifact_512mb.bin,chunk_oracle_best_size,1048576,14,14680064,1048576,188820,0.18007278442382812,lzma_6,4.8349348519112745,0.3615121841430664,0.44069957733154297,256,1048576
results/phase3_interleaved/interleaved_1mb_oracle.adc,data/ml_data/phase3_interleaved_ml_artifact_512mb.bin,chunk_oracle_best_size,1048576,15,15728640,1048576,271788,0.2591972351074219,zstd_19,5.597187178653219,0.41364288330078125,0.30791568756103516,256,1048576
results/phase3_interleaved/interleaved_1mb_oracle.adc,data/ml_data/phase3_interleaved_ml_artifact_512mb.bin,chunk_oracle_best_size,1048576,16,16777216,1048576,454432,0.433380126953125,lzma_6,6.691106188549185,0.46868419647216797,0.19260406494140625,256,1048576
results/phase3_interleaved/interleaved_1mb_oracle.adc,data/ml_data/phase3_interleaved_ml_artifact_512mb.bin,chunk_oracle_best_size,1048576,17,17825792,1048576,10868,0.010364532470703125,lzma_6,3.3889078627490505,0.5001621246337891,0.499786376953125,57,1048576
results/phase3_interleaved/interleaved_1mb_oracle.adc,data/ml_data/phase3_interleaved_ml_artifact_512mb.bin,chunk_oracle_best_size,1048576,18,18874368,1048576,454628,0.4335670471191406,lzma_6,6.657889633275266,0.4600801467895508,0.19190692901611328,256,1048576
results/phase3_interleaved/interleaved_1mb_oracle.adc,data/ml_data/phase3_interleaved_ml_artifact_512mb.bin,chunk_oracle_best_size,1048576,19,19922944,1048576,191152,0.1822967529296875,lzma_6,5.508246766282398,0.43705177307128906,0.30748558044433594,256,1048576
results/phase3_interleaved/interleaved_1mb_oracle.adc,data/ml_data/phase3_interleaved_ml_artifact_512mb.bin,chunk_oracle_best_size,1048576,20,20971520,1048576,271223,0.25865840911865234,zstd_19,4.919085339437844,0.3556089401245117,0.44171714782714844,256,1048576
results/phase3_interleaved/interleaved_1mb_oracle.adc,data/ml_data/phase3_interleaved_ml_artifact_512mb.bin,chunk_oracle_best_size,1048576,21,22020096,1048576,185664,0.17706298828125,lzma_6,4.862709636871455,0.3761930465698242,0.4405698776245117,256,1048576
results/phase3_interleaved/interleaved_1mb_oracle.adc,data/ml_data/phase3_interleaved_ml_artifact_512mb.bin,chunk_oracle_best_size,1048576,22,23068672,1048576,271866,0.25927162170410156,zstd_19,5.594945666276489,0.41321563720703125,0.30793190002441406,256,1048576
results/phase3_interleaved/interleaved_1mb_oracle.adc,data/ml_data/phase3_interleaved_ml_artifact_512mb.bin,chunk_oracle_best_size,1048576,23,24117248,1048576,448132,0.4273719787597656,lzma_6,6.693235158641866,0.4698915481567383,0.19297313690185547,256,1048576
results/phase3_interleaved/interleaved_1mb_oracle.adc,data/ml_data/phase3_interleaved_ml_artifact_512mb.bin,chunk_oracle_best_size,1048576,24,25165824,1048576,10876,0.010372161865234375,lzma_6,3.38750048195822,0.5001621246337891,0.499786376953125,57,1048576
results/phase3_interleaved/interleaved_1mb_oracle.adc,data/ml_data/phase3_interleaved_ml_artifact_512mb.bin,chunk_oracle_best_size,1048576,25,26214400,1048576,452288,0.43133544921875,lzma_6,6.6597168899301895,0.4712839126586914,0.19178199768066406,256,1048576
results/phase3_interleaved/interleaved_1mb_oracle.adc,data/ml_data/phase3_interleaved_ml_artifact_512mb.bin,chunk_oracle_best_size,1048576,26,27262976,1048576,185428,0.17683792114257812,lzma_6,5.464385213133768,0.43309879302978516,0.30796146392822266,256,1048576
results/phase3_interleaved/interleaved_1mb_oracle.adc,data/ml_data/phase3_interleaved_ml_artifact_512mb.bin,chunk_oracle_best_size,1048576,27,28311552,1048576,271270,0.25870323181152344,zstd_19,4.929826939234821,0.35413551330566406,0.44134998321533203,256,1048576
results/phase3_interleaved/interleaved_1mb_oracle.adc,data/ml_data/phase3_interleaved_ml_artifact_512mb.bin,chunk_oracle_best_size,1048576,28,29360128,1048576,188720,0.1799774169921875,lzma_6,4.869026052288582,0.3634319305419922,0.4403238296508789,256,1048576
results/phase3_interleaved/interleaved_1mb_oracle.adc,data/ml_data/phase3_interleaved_ml_artifact_512mb.bin,chunk_oracle_best_size,1048576,29,30408704,1048576,270486,0.25795555114746094,zstd_19,5.580070247651694,0.40920162200927734,0.30831050872802734,256,1048576
results/phase3_interleaved/interleaved_1mb_oracle.adc,data/ml_data/phase3_interleaved_ml_artifact_512mb.bin,chunk_oracle_best_size,1048576,30,31457280,1048576,452232,0.43128204345703125,lzma_6,6.697460170456558,0.46661376953125,0.19225788116455078,256,1048576
results/phase3_interleaved/interleaved_1mb_oracle.adc,data/ml_data/phase3_interleaved_ml_artifact_512mb.bin,chunk_oracle_best_size,1048576,31,32505856,1048576,11016,0.01050567626953125,lzma_6,3.392425700567032,0.5001621246337891,0.499786376953125,57,1048576
results/phase3_interleaved/interleaved_1mb_oracle.adc,data/ml_data/phase3_interleaved_ml_artifact_512mb.bin,chunk_oracle_best_size,1048576,32,33554432,1048576,455516,0.4344139099121094,lzma_6,6.667403172707154,0.4622039794921875,0.19144725799560547,256,1048576
results/phase3_interleaved/interleaved_1mb_oracle.adc,data/ml_data/phase3_interleaved_ml_artifact_512mb.bin,chunk_oracle_best_size,1048576,33,34603008,1048576,185040,0.1764678955078125,lzma_6,5.473768993112144,0.4293041229248047,0.30765628814697266,256,1048576
results/phase3_interleaved/interleaved_1mb_oracle.adc,data/ml_data/phase3_interleaved_ml_artifact_512mb.bin,chunk_oracle_best_size,1048576,34,35651584,1048576,271206,0.25864219665527344,zstd_19,4.9362690644870995,0.35416507720947266,0.44116783142089844,256,1048576
results/phase3_interleaved/interleaved_1mb_oracle.adc,data/ml_data/phase3_interleaved_ml_artifact_512mb.bin,chunk_oracle_best_size,1048576,35,36700160,1048576,190544,0.1817169189453125,lzma_6,4.806648276559845,0.3735036849975586,0.4419746398925781,256,1048576
results/phase3_interleaved/interleaved_1mb_oracle.adc,data/ml_data/phase3_interleaved_ml_artifact_512mb.bin,chunk_oracle_best_size,1048576,36,37748736,1048576,270471,0.25794124603271484,zstd_19,5.58231081258986,0.4104185104370117,0.3082876205444336,256,1048576
results/phase3_interleaved/interleaved_1mb_oracle.adc,data/ml_data/phase3_interleaved_ml_artifact_512mb.bin,chunk_oracle_best_size,1048576,37,38797312,1048576,451408,0.4304962158203125,lzma_6,6.708277272161616,0.4615440368652344,0.19176387786865234,256,1048576
results/phase3_interleaved/interleaved_1mb_oracle.adc,data/ml_data/phase3_interleaved_ml_artifact_512mb.bin,chunk_oracle_best_size,1048576,38,39845888,1048576,10904,0.01039886474609375,lzma_6,3.394191019493751,0.5001621246337891,0.499786376953125,57,1048576
results/phase3_interleaved/interleaved_1mb_oracle.adc,data/ml_data/phase3_interleaved_ml_artifact_512mb.bin,chunk_oracle_best_size,1048576,39,40894464,1048576,456752,0.4355926513671875,lzma_6,6.64817914895885,0.4706411361694336,0.19247817993164062,256,1048576
results/phase3_interleaved/interleaved_1mb_oracle.adc,data/ml_data/phase3_interleaved_ml_artifact_512mb.bin,chunk_oracle_best_size,1048576,40,41943040,1048576,192484,0.18356704711914062,lzma_6,5.490888268567864,0.42928028106689453,0.3081207275390625,256,1048576
results/phase3_interleaved/interleaved_1mb_oracle.adc,data/ml_data/phase3_interleaved_ml_artifact_512mb.bin,chunk_oracle_best_size,1048576,41,42991616,1048576,271271,0.25870418548583984,zstd_19,4.942026139594518,0.3536672592163086,0.44084835052490234,256,1048576
results/phase3_interleaved/interleaved_1mb_oracle.adc,data/ml_data/phase3_interleaved_ml_artifact_512mb.bin,chunk_oracle_best_size,1048576,42,44040192,1048576,190096,0.1812896728515625,lzma_6,4.8432702535573995,0.3673095703125,0.44120311737060547,256,1048576
results/phase3_interleaved/interleaved_1mb_oracle.adc,data/ml_data/phase3_interleaved_ml_artifact_512mb.bin,chunk_oracle_best_size,1048576,43,45088768,1048576,270610,0.2580738067626953,zstd_19,5.585925330569748,0.4100227355957031,0.308258056640625,256,1048576
results/phase3_interleaved/interleaved_1mb_oracle.adc,data/ml_data/phase3_interleaved_ml_artifact_512mb.bin,chunk_oracle_best_size,1048576,44,46137344,1048576,464912,0.4433746337890625,lzma_6,6.718630700852272,0.46534156799316406,0.19158554077148438,256,1048576
results/phase3_interleaved/interleaved_1mb_oracle.adc,data/ml_data/phase3_interleaved_ml_artifact_512mb.bin,chunk_oracle_best_size,1048576,45,47185920,1048576,11008,0.010498046875,lzma_6,3.3928341301928984,0.5001621246337891,0.499786376953125,57,1048576
results/phase3_interleaved/interleaved_1mb_oracle.adc,data/ml_data/phase3_interleaved_ml_artifact_512mb.bin,chunk_oracle_best_size,1048576,46,48234496,1048576,454672,0.4336090087890625,lzma_6,6.659772139055836,0.4698524475097656,0.19226360321044922,256,1048576
results/phase3_interleaved/interleaved_1mb_oracle.adc,data/ml_data/phase3_interleaved_ml_artifact_512mb.bin,chunk_oracle_best_size,1048576,47,49283072,1048576,189444,0.18066787719726562,lzma_6,5.507550764123957,0.42908477783203125,0.3079195022583008,256,1048576
results/phase3_interleaved/interleaved_1mb_oracle.adc,data/ml_data/phase3_interleaved_ml_artifact_512mb.bin,chunk_oracle_best_size,1048576,48,50331648,1048576,271288,0.25872039794921875,zstd_19,4.947751145602566,0.35309505462646484,0.4406929016113281,256,1048576
results/phase3_interleaved/interleaved_1mb_oracle.adc,data/ml_data/phase3_interleaved_ml_artifact_512mb.bin,chunk_oracle_best_size,1048576,49,51380224,1048576,196892,0.18777084350585938,lzma_6,4.830014939257632,0.36700439453125,0.4412574768066406,256,1048576
results/phase3_interleaved/interleaved_1mb_oracle.adc,data/ml_data/phase3_interleaved_ml_artifact_512mb.bin,chunk_oracle_best_size,1048576,50,52428800,1048576,270790,0.25824546813964844,zstd_19,5.5811908140608,0.41071033477783203,0.30808067321777344,256,1048576
results/phase3_interleaved/interleaved_1mb_oracle.adc,data/ml_data/phase3_interleaved_ml_artifact_512mb.bin,chunk_oracle_best_size,1048576,51,53477376,1048576,455252,0.4341621398925781,lzma_6,6.719821643995752,0.4651041030883789,0.19148540496826172,256,1048576
results/phase3_interleaved/interleaved_1mb_oracle.adc,data/ml_data/phase3_interleaved_ml_artifact_512mb.bin,chunk_oracle_best_size,1048576,52,54525952,1048576,11090,0.010576248168945312,zstd_19,3.39222651028428,0.5001621246337891,0.499786376953125,57,1048576
results/phase3_interleaved/interleaved_1mb_oracle.adc,data/ml_data/phase3_interleaved_ml_artifact_512mb.bin,chunk_oracle_best_size,1048576,53,55574528,1048576,450504,0.42963409423828125,lzma_6,6.652731597958396,0.4654521942138672,0.19246196746826172,256,1048576
results/phase3_interleaved/interleaved_1mb_oracle.adc,data/ml_data/phase3_interleaved_ml_artifact_512mb.bin,chunk_oracle_best_size,1048576,54,56623104,1048576,193596,0.18462753295898438,lzma_6,5.507086261669107,0.4214286804199219,0.30761146545410156,256,1048576
results/phase3_interleaved/interleaved_1mb_oracle.adc,data/ml_data/phase3_interleaved_ml_artifact_512mb.bin,chunk_oracle_best_size,1048576,55,57671680,1048576,271348,0.2587776184082031,zstd_19,4.946048340820367,0.35245609283447266,0.4405536651611328,256,1048576
results/phase3_interleaved/interleaved_1mb_oracle.adc,data/ml_data/phase3_interleaved_ml_artifact_512mb.bin,chunk_oracle_best_size,1048576,56,58720256,1048576,199524,0.19028091430664062,lzma_6,4.864521488131848,0.3632364273071289,0.4412565231323242,256,1048576
results/phase3_interleaved/interleaved_1mb_oracle.adc,data/ml_data/phase3_interleaved_ml_artifact_512mb.bin,chunk_oracle_best_size,1048576,57,59768832,1048576,270461,0.2579317092895508,zstd_19,5.585103444467531,0.41074085235595703,0.30808067321777344,256,1048576
results/phase3_interleaved/interleaved_1mb_oracle.adc,data/ml_data/phase3_interleaved_ml_artifact_512mb.bin,chunk_oracle_best_size,1048576,58,60817408,1048576,458288,0.4370574951171875,lzma_6,6.674152325670291,0.46875572204589844,0.1934814453125,256,1048576
results/phase3_interleaved/interleaved_1mb_oracle.adc,data/ml_data/phase3_interleaved_ml_artifact_512mb.bin,chunk_oracle_best_size,1048576,59,61865984,1048576,11092,0.010578155517578125,lzma_6,3.3933748216006716,0.5001621246337891,0.499786376953125,57,1048576
results/phase3_interleaved/interleaved_1mb_oracle.adc,data/ml_data/phase3_interleaved_ml_artifact_512mb.bin,chunk_oracle_best_size,1048576,60,62914560,1048576,448432,0.4276580810546875,lzma_6,6.648012282845902,0.4612302780151367,0.19209575653076172,256,1048576
results/phase3_interleaved/interleaved_1mb_oracle.adc,data/ml_data/phase3_interleaved_ml_artifact_512mb.bin,chunk_oracle_best_size,1048576,61,63963136,1048576,193036,0.18409347534179688,lzma_6,5.492196691800428,0.41832542419433594,0.3081541061401367,256,1048576
results/phase3_interleaved/interleaved_1mb_oracle.adc,data/ml_data/phase3_interleaved_ml_artifact_512mb.bin,chunk_oracle_best_size,1048576,62,65011712,1048576,271226,0.25866127014160156,zstd_19,4.919532272275157,0.35602664947509766,0.4418811798095703,256,1048576
results/phase3_interleaved/interleaved_1mb_oracle.adc,data/ml_data/phase3_interleaved_ml_artifact_512mb.bin,chunk_oracle_best_size,1048576,63,66060288,1048576,188836,0.18008804321289062,lzma_6,4.846814282316544,0.3784446716308594,0.4404878616333008,256,1048576
results/phase3_interleaved/interleaved_1mb_oracle.adc,data/ml_data/phase3_interleaved_ml_artifact_512mb.bin,chunk_oracle_best_size,1048576,64,67108864,1048576,270487,0.25795650482177734,zstd_19,5.585447683361895,0.4102602005004883,0.3083152770996094,256,1048576
results/phase3_interleaved/interleaved_1mb_oracle.adc,data/ml_data/phase3_interleaved_ml_artifact_512mb.bin,chunk_oracle_best_size,1048576,65,68157440,1048576,455128,0.43404388427734375,lzma_6,6.694285695294684,0.46424198150634766,0.1928844451904297,256,1048576
results/phase3_interleaved/interleaved_1mb_oracle.adc,data/ml_data/phase3_interleaved_ml_artifact_512mb.bin,chunk_oracle_best_size,1048576,66,69206016,1048576,11040,0.010528564453125,lzma_6,3.392001390845847,0.5001621246337891,0.499786376953125,57,1048576
results/phase3_interleaved/interleaved_1mb_oracle.adc,data/ml_data/phase3_interleaved_ml_artifact_512mb.bin,chunk_oracle_best_size,1048576,67,70254592,1048576,452396,0.4314384460449219,lzma_6,6.659030570234731,0.46009063720703125,0.1917562484741211,256,1048576
results/phase3_interleaved/interleaved_1mb_oracle.adc,data/ml_data/phase3_interleaved_ml_artifact_512mb.bin,chunk_oracle_best_size,1048576,68,71303168,1048576,188508,0.17977523803710938,lzma_6,5.494962248218302,0.4311714172363281,0.30809783935546875,256,1048576
results/phase3_interleaved/interleaved_1mb_oracle.adc,data/ml_data/phase3_interleaved_ml_artifact_512mb.bin,chunk_oracle_best_size,1048576,69,72351744,1048576,271208,0.25864410400390625,zstd_19,4.928035776867891,0.35509681701660156,0.4414253234863281,256,1048576
results/phase3_interleaved/interleaved_1mb_oracle.adc,data/ml_data/phase3_interleaved_ml_artifact_512mb.bin,chunk_oracle_best_size,1048576,70,73400320,1048576,192768,0.183837890625,lzma_6,4.84743469968254,0.37449073791503906,0.4404335021972656,256,1048576
results/phase3_interleaved/interleaved_1mb_oracle.adc,data/ml_data/phase3_interleaved_ml_artifact_512mb.bin,chunk_oracle_best_size,1048576,71,74448896,1048576,270499,0.2579679489135742,zstd_19,5.586215846728647,0.40948963165283203,0.3083639144897461,256,1048576
results/phase3_interleaved/interleaved_1mb_oracle.adc,data/ml_data/phase3_interleaved_ml_artifact_512mb.bin,chunk_oracle_best_size,1048576,72,75497472,1048576,447636,0.4268989562988281,lzma_6,6.685960444669387,0.46790313720703125,0.19237709045410156,256,1048576
results/phase3_interleaved/interleaved_1mb_oracle.adc,data/ml_data/phase3_interleaved_ml_artifact_512mb.bin,chunk_oracle_best_size,1048576,73,76546048,1048576,11024,0.0105133056640625,lzma_6,3.3912007648191365,0.5001621246337891,0.499786376953125,57,1048576
results/phase3_interleaved/interleaved_1mb_oracle.adc,data/ml_data/phase3_interleaved_ml_artifact_512mb.bin,chunk_oracle_best_size,1048576,74,77594624,1048576,453636,0.4326210021972656,lzma_6,6.662982319079485,0.45157337188720703,0.19174861907958984,256,1048576
results/phase3_interleaved/interleaved_1mb_oracle.adc,data/ml_data/phase3_interleaved_ml_artifact_512mb.bin,chunk_oracle_best_size,1048576,75,78643200,1048576,188128,0.179412841796875,lzma_6,5.4875222259808725,0.4392728805541992,0.30806446075439453,256,1048576
results/phase3_interleaved/interleaved_1mb_oracle.adc,data/ml_data/phase3_interleaved_ml_artifact_512mb.bin,chunk_oracle_best_size,1048576,76,79691776,1048576,271200,0.258636474609375,zstd_19,4.935024834699135,0.35461997985839844,0.44123363494873047,256,1048576
results/phase3_interleaved/interleaved_1mb_oracle.adc,data/ml_data/phase3_interleaved_ml_artifact_512mb.bin,chunk_oracle_best_size,1048576,77,80740352,1048576,190084,0.18127822875976562,lzma_6,4.865249159272343,0.3630094528198242,0.44036197662353516,256,1048576
results/phase3_interleaved/interleaved_1mb_oracle.adc,data/ml_data/phase3_interleaved_ml_artifact_512mb.bin,chunk_oracle_best_size,1048576,78,81788928,1048576,270634,0.25809669494628906,zstd_19,5.581918724419245,0.4106426239013672,0.30812835693359375,256,1048576
results/phase3_interleaved/interleaved_1mb_oracle.adc,data/ml_data/phase3_interleaved_ml_artifact_512mb.bin,chunk_oracle_best_size,1048576,79,82837504,1048576,461380,0.4400062561035156,lzma_6,6.701640858438626,0.46651458740234375,0.1918649673461914,256,1048576
results/phase3_interleaved/interleaved_1mb_oracle.adc,data/ml_data/phase3_interleaved_ml_artifact_512mb.bin,chunk_oracle_best_size,1048576,80,83886080,1048576,11064,0.01055145263671875,lzma_6,3.390371174654859,0.5001621246337891,0.499786376953125,57,1048576
results/phase3_interleaved/interleaved_1mb_oracle.adc,data/ml_data/phase3_interleaved_ml_artifact_512mb.bin,chunk_oracle_best_size,1048576,81,84934656,1048576,459184,0.4379119873046875,lzma_6,6.644797038093252,0.4676380157470703,0.19296646118164062,256,1048576
results/phase3_interleaved/interleaved_1mb_oracle.adc,data/ml_data/phase3_interleaved_ml_artifact_512mb.bin,chunk_oracle_best_size,1048576,82,85983232,1048576,189724,0.18093490600585938,lzma_6,5.492526713403317,0.4273185729980469,0.3082408905029297,256,1048576
results/phase3_interleaved/interleaved_1mb_oracle.adc,data/ml_data/phase3_interleaved_ml_artifact_512mb.bin,chunk_oracle_best_size,1048576,83,87031808,1048576,271215,0.2586507797241211,zstd_19,4.939294969123317,0.35346508026123047,0.4409494400024414,256,1048576
results/phase3_interleaved/interleaved_1mb_oracle.adc,data/ml_data/phase3_interleaved_ml_artifact_512mb.bin,chunk_oracle_best_size,1048576,84,88080384,1048576,187420,0.17873764038085938,lzma_6,4.821774518555936,0.36979007720947266,0.44139957427978516,256,1048576
results/phase3_interleaved/interleaved_1mb_oracle.adc,data/ml_data/phase3_interleaved_ml_artifact_512mb.bin,chunk_oracle_best_size,1048576,85,89128960,1048576,272500,0.2598762512207031,lzma_6,5.587666356103377,0.4089784622192383,0.30806636810302734,256,1048576
results/phase3_interleaved/interleaved_1mb_oracle.adc,data/ml_data/phase3_interleaved_ml_artifact_512mb.bin,chunk_oracle_best_size,1048576,86,90177536,1048576,450668,0.4297904968261719,lzma_6,6.705372301954282,0.46312808990478516,0.1914987564086914,256,1048576
results/phase3_interleaved/interleaved_1mb_oracle.adc,data/ml_data/phase3_interleaved_ml_artifact_512mb.bin,chunk_oracle_best_size,1048576,87,91226112,1048576,11060,0.010547637939453125,lzma_6,3.3945008561497874,0.5001621246337891,0.499786376953125,57,1048576
results/phase3_interleaved/interleaved_1mb_oracle.adc,data/ml_data/phase3_interleaved_ml_artifact_512mb.bin,chunk_oracle_best_size,1048576,88,92274688,1048576,456288,0.435150146484375,lzma_6,6.651293939812677,0.4701499938964844,0.19233036041259766,256,1048576
results/phase3_interleaved/interleaved_1mb_oracle.adc,data/ml_data/phase3_interleaved_ml_artifact_512mb.bin,chunk_oracle_best_size,1048576,89,93323264,1048576,197256,0.18811798095703125,lzma_6,5.473171774807791,0.42426395416259766,0.3083076477050781,256,1048576
results/phase3_interleaved/interleaved_1mb_oracle.adc,data/ml_data/phase3_interleaved_ml_artifact_512mb.bin,chunk_oracle_best_size,1048576,90,94371840,1048576,271299,0.2587308883666992,zstd_19,4.946031966723563,0.3532123565673828,0.4407520294189453,256,1048576
results/phase3_interleaved/interleaved_1mb_oracle.adc,data/ml_data/phase3_interleaved_ml_artifact_512mb.bin,chunk_oracle_best_size,1048576,91,95420416,1048576,198452,0.18925857543945312,lzma_6,4.833142160432231,0.36993885040283203,0.4413633346557617,256,1048576
results/phase3_interleaved/interleaved_1mb_oracle.adc,data/ml_data/phase3_interleaved_ml_artifact_512mb.bin,chunk_oracle_best_size,1048576,92,96468992,1048576,271387,0.25881481170654297,zstd_19,5.588360459570244,0.41020870208740234,0.3080778121948242,256,1048576
results/phase3_interleaved/interleaved_1mb_oracle.adc,data/ml_data/phase3_interleaved_ml_artifact_512mb.bin,chunk_oracle_best_size,1048576,93,97517568,1048576,450156,0.4293022155761719,lzma_6,6.716532060701837,0.4560718536376953,0.19162845611572266,256,1048576
results/phase3_interleaved/interleaved_1mb_oracle.adc,data/ml_data/phase3_interleaved_ml_artifact_512mb.bin,chunk_oracle_best_size,1048576,94,98566144,1048576,11048,0.01053619384765625,lzma_6,3.395165101228448,0.5001621246337891,0.499786376953125,57,1048576
results/phase3_interleaved/interleaved_1mb_oracle.adc,data/ml_data/phase3_interleaved_ml_artifact_512mb.bin,chunk_oracle_best_size,1048576,95,99614720,1048576,457912,0.43669891357421875,lzma_6,6.663048243198046,0.4636392593383789,0.19226646423339844,256,1048576
results/phase3_interleaved/interleaved_1mb_oracle.adc,data/ml_data/phase3_interleaved_ml_artifact_512mb.bin,chunk_oracle_best_size,1048576,96,100663296,1048576,192244,0.18333816528320312,lzma_6,5.506401660108907,0.4224357604980469,0.3081350326538086,256,1048576
results/phase3_interleaved/interleaved_1mb_oracle.adc,data/ml_data/phase3_interleaved_ml_artifact_512mb.bin,chunk_oracle_best_size,1048576,97,101711872,1048576,271211,0.25864696502685547,zstd_19,4.951603528791153,0.3521595001220703,0.44058895111083984,256,1048576
results/phase3_interleaved/interleaved_1mb_oracle.adc,data/ml_data/phase3_interleaved_ml_artifact_512mb.bin,chunk_oracle_best_size,1048576,98,102760448,1048576,187640,0.17894744873046875,lzma_6,4.839670797473351,0.3717803955078125,0.4409675598144531,256,1048576
results/phase3_interleaved/interleaved_1mb_oracle.adc,data/ml_data/phase3_interleaved_ml_artifact_512mb.bin,chunk_oracle_best_size,1048576,99,103809024,1048576,270473,0.25794315338134766,zstd_19,5.574351724919513,0.4086265563964844,0.3080263137817383,256,1048576
results/phase3_interleaved/interleaved_1mb_oracle.adc,data/ml_data/phase3_interleaved_ml_artifact_512mb.bin,chunk_oracle_best_size,1048576,100,104857600,1048576,448112,0.4273529052734375,lzma_6,6.706061227625652,0.46395015716552734,0.1913433074951172,256,1048576
results/phase3_interleaved/interleaved_1mb_oracle.adc,data/ml_data/phase3_interleaved_ml_artifact_512mb.bin,chunk_oracle_best_size,1048576,101,105906176,1048576,11040,0.010528564453125,lzma_6,3.3885618009989296,0.5001621246337891,0.499786376953125,57,1048576
results/phase3_interleaved/interleaved_1mb_oracle.adc,data/ml_data/phase3_interleaved_ml_artifact_512mb.bin,chunk_oracle_best_size,1048576,102,106954752,1048576,452020,0.4310798645019531,lzma_6,6.643093778839923,0.47271156311035156,0.19237136840820312,256,1048576
results/phase3_interleaved/interleaved_1mb_oracle.adc,data/ml_data/phase3_interleaved_ml_artifact_512mb.bin,chunk_oracle_best_size,1048576,103,108003328,1048576,187916,0.17921066284179688,lzma_6,5.498440287484491,0.4296884536743164,0.308135986328125,256,1048576
results/phase3_interleaved/interleaved_1mb_oracle.adc,data/ml_data/phase3_interleaved_ml_artifact_512mb.bin,chunk_oracle_best_size,1048576,104,109051904,1048576,271267,0.2587003707885742,zstd_19,4.914880781536265,0.35736751556396484,0.44202709197998047,256,1048576
results/phase3_interleaved/interleaved_1mb_oracle.adc,data/ml_data/phase3_interleaved_ml_artifact_512mb.bin,chunk_oracle_best_size,1048576,105,110100480,1048576,192028,0.18313217163085938,lzma_6,4.825553241337638,0.36321258544921875,0.44074535369873047,256,1048576
results/phase3_interleaved/interleaved_1mb_oracle.adc,data/ml_data/phase3_interleaved_ml_artifact_512mb.bin,chunk_oracle_best_size,1048576,106,111149056,1048576,270488,0.25795745849609375,zstd_19,5.582314216656047,0.41054630279541016,0.3080873489379883,256,1048576
results/phase3_interleaved/interleaved_1mb_oracle.adc,data/ml_data/phase3_interleaved_ml_artifact_512mb.bin,chunk_oracle_best_size,1048576,107,112197632,1048576,450684,0.4298057556152344,lzma_6,6.676074558099984,0.4633760452270508,0.19283676147460938,256,1048576
results/phase3_interleaved/interleaved_1mb_oracle.adc,data/ml_data/phase3_interleaved_ml_artifact_512mb.bin,chunk_oracle_best_size,1048576,108,113246208,1048576,11016,0.01050567626953125,lzma_6,3.391786064902004,0.5001621246337891,0.499786376953125,57,1048576
results/phase3_interleaved/interleaved_1mb_oracle.adc,data/ml_data/phase3_interleaved_ml_artifact_512mb.bin,chunk_oracle_best_size,1048576,109,114294784,1048576,453220,0.4322242736816406,lzma_6,6.657185089366091,0.4631690979003906,0.1918935775756836,256,1048576
results/phase3_interleaved/interleaved_1mb_oracle.adc,data/ml_data/phase3_interleaved_ml_artifact_512mb.bin,chunk_oracle_best_size,1048576,110,115343360,1048576,191456,0.182586669921875,lzma_6,5.5119421094599454,0.41977977752685547,0.30785560607910156,256,1048576
results/phase3_interleaved/interleaved_1mb_oracle.adc,data/ml_data/phase3_interleaved_ml_artifact_512mb.bin,chunk_oracle_best_size,1048576,111,116391936,1048576,271277,0.2587099075317383,zstd_19,4.922283848412012,0.35587215423583984,0.44164562225341797,256,1048576
results/phase3_interleaved/interleaved_1mb_oracle.adc,data/ml_data/phase3_interleaved_ml_artifact_512mb.bin,chunk_oracle_best_size,1048576,112,117440512,1048576,200636,0.19134140014648438,lzma_6,4.861049654796788,0.3602018356323242,0.4412107467651367,256,1048576
results/phase3_interleaved/interleaved_1mb_oracle.adc,data/ml_data/phase3_interleaved_ml_artifact_512mb.bin,chunk_oracle_best_size,1048576,113,118489088,1048576,270789,0.25824451446533203,zstd_19,5.585935804896674,0.4085664749145508,0.3079967498779297,256,1048576
results/phase3_interleaved/interleaved_1mb_oracle.adc,data/ml_data/phase3_interleaved_ml_artifact_512mb.bin,chunk_oracle_best_size,1048576,114,119537664,1048576,451508,0.4305915832519531,lzma_6,6.691820298343774,0.4677581787109375,0.1926860809326172,256,1048576
results/phase3_interleaved/interleaved_1mb_oracle.adc,data/ml_data/phase3_interleaved_ml_artifact_512mb.bin,chunk_oracle_best_size,1048576,115,120586240,1048576,11091,0.010577201843261719,zstd_19,3.390949822244646,0.5001621246337891,0.499786376953125,57,1048576
results/phase3_interleaved/interleaved_1mb_oracle.adc,data/ml_data/phase3_interleaved_ml_artifact_512mb.bin,chunk_oracle_best_size,1048576,116,121634816,1048576,455160,0.43407440185546875,lzma_6,6.657807793581493,0.46509647369384766,0.19169044494628906,256,1048576
results/phase3_interleaved/interleaved_1mb_oracle.adc,data/ml_data/phase3_interleaved_ml_artifact_512mb.bin,chunk_oracle_best_size,1048576,117,122683392,1048576,194056,0.18506622314453125,lzma_6,5.501199538471304,0.4186277389526367,0.30800437927246094,256,1048576
results/phase3_interleaved/interleaved_1mb_oracle.adc,data/ml_data/phase3_interleaved_ml_artifact_512mb.bin,chunk_oracle_best_size,1048576,118,123731968,1048576,271336,0.25876617431640625,zstd_19,4.929547988528485,0.3543720245361328,0.44141101837158203,256,1048576
results/phase3_interleaved/interleaved_1mb_oracle.adc,data/ml_data/phase3_interleaved_ml_artifact_512mb.bin,chunk_oracle_best_size,1048576,119,124780544,1048576,193152,0.1842041015625,lzma_6,4.867297423718322,0.3681783676147461,0.44023704528808594,256,1048576
results/phase3_interleaved/interleaved_1mb_oracle.adc,data/ml_data/phase3_interleaved_ml_artifact_512mb.bin,chunk_oracle_best_size,1048576,120,125829120,1048576,272052,0.2594490051269531,zstd_19,5.5872873253095525,0.4103527069091797,0.30808448791503906,256,1048576
results/phase3_interleaved/interleaved_1mb_oracle.adc,data/ml_data/phase3_interleaved_ml_artifact_512mb.bin,chunk_oracle_best_size,1048576,121,126877696,1048576,451924,0.4309883117675781,lzma_6,6.696420873559942,0.46510791778564453,0.19193172454833984,256,1048576
results/phase3_interleaved/interleaved_1mb_oracle.adc,data/ml_data/phase3_interleaved_ml_artifact_512mb.bin,chunk_oracle_best_size,1048576,122,127926272,1048576,11144,0.01062774658203125,lzma_6,3.393674809613659,0.5001621246337891,0.499786376953125,57,1048576
results/phase3_interleaved/interleaved_1mb_oracle.adc,data/ml_data/phase3_interleaved_ml_artifact_512mb.bin,chunk_oracle_best_size,1048576,123,128974848,1048576,457000,0.43582916259765625,lzma_6,6.665878923176351,0.4576120376586914,0.1914653778076172,256,1048576
results/phase3_interleaved/interleaved_1mb_oracle.adc,data/ml_data/phase3_interleaved_ml_artifact_512mb.bin,chunk_oracle_best_size,1048576,124,130023424,1048576,190968,0.18212127685546875,lzma_6,5.46885955589959,0.4280681610107422,0.3078031539916992,256,1048576
results/phase3_interleaved/interleaved_1mb_oracle.adc,data/ml_data/phase3_interleaved_ml_artifact_512mb.bin,chunk_oracle_best_size,1048576,125,131072000,1048576,271249,0.2586832046508789,zstd_19,4.93664490304452,0.35394954681396484,0.4411945343017578,256,1048576
results/phase3_interleaved/interleaved_1mb_oracle.adc,data/ml_data/phase3_interleaved_ml_artifact_512mb.bin,chunk_oracle_best_size,1048576,126,132120576,1048576,185968,0.1773529052734375,lzma_6,4.809730240781675,0.37635326385498047,0.4419403076171875,256,1048576
results/phase3_interleaved/interleaved_1mb_oracle.adc,data/ml_data/phase3_interleaved_ml_artifact_512mb.bin,chunk_oracle_best_size,1048576,127,133169152,1048576,270490,0.25795936584472656,zstd_19,5.5890337232471845,0.4086894989013672,0.3080167770385742,256,1048576
results/phase3_interleaved/interleaved_1mb_oracle.adc,data/ml_data/phase3_interleaved_ml_artifact_512mb.bin,chunk_oracle_best_size,1048576,128,134217728,1048576,454252,0.4332084655761719,lzma_6,6.698428489655942,0.4799518585205078,0.19161224365234375,256,1048576
results/phase3_interleaved/interleaved_1mb_oracle.adc,data/ml_data/phase3_interleaved_ml_artifact_512mb.bin,chunk_oracle_best_size,1048576,129,135266304,1048576,11040,0.010528564453125,lzma_6,3.3948717623071025,0.5001621246337891,0.499786376953125,57,1048576
results/phase3_interleaved/interleaved_1mb_oracle.adc,data/ml_data/phase3_interleaved_ml_artifact_512mb.bin,chunk_oracle_best_size,1048576,130,136314880,1048576,452228,0.4312782287597656,lzma_6,6.6311718355833955,0.46633434295654297,0.19327640533447266,256,1048576
results/phase3_interleaved/interleaved_1mb_oracle.adc,data/ml_data/phase3_interleaved_ml_artifact_512mb.bin,chunk_oracle_best_size,1048576,131,137363456,1048576,193060,0.18411636352539062,lzma_6,5.510732503990061,0.42041015625,0.30843257904052734,256,1048576
results/phase3_interleaved/interleaved_1mb_oracle.adc,data/ml_data/phase3_interleaved_ml_artifact_512mb.bin,chunk_oracle_best_size,1048576,132,138412032,1048576,271171,0.2586088180541992,zstd_19,4.94458817340277,0.3531770706176758,0.44086647033691406,256,1048576
results/phase3_interleaved/interleaved_1mb_oracle.adc,data/ml_data/phase3_interleaved_ml_artifact_512mb.bin,chunk_oracle_best_size,1048576,133,139460608,1048576,187052,0.17838668823242188,lzma_6,4.828358368092913,0.36353302001953125,0.4412393569946289,256,1048576
results/phase3_interleaved/interleaved_1mb_oracle.adc,data/ml_data/phase3_interleaved_ml_artifact_512mb.bin,chunk_oracle_best_size,1048576,134,140509184,1048576,271607,0.25902462005615234,zstd_19,5.585966899513922,0.41016292572021484,0.30803680419921875,256,1048576
results/phase3_interleaved/interleaved_1mb_oracle.adc,data/ml_data/phase3_interleaved_ml_artifact_512mb.bin,chunk_oracle_best_size,1048576,135,141557760,1048576,451252,0.4303474426269531,lzma_6,6.6969415949324596,0.45929622650146484,0.1919727325439453,256,1048576
results/phase3_interleaved/interleaved_1mb_oracle.adc,data/ml_data/phase3_interleaved_ml_artifact_512mb.bin,chunk_oracle_best_size,1048576,136,142606336,1048576,11048,0.01053619384765625,lzma_6,3.3924559296635444,0.5001621246337891,0.499786376953125,57,1048576
results/phase3_interleaved/interleaved_1mb_oracle.adc,data/ml_data/phase3_interleaved_ml_artifact_512mb.bin,chunk_oracle_best_size,1048576,137,143654912,1048576,456112,0.4349822998046875,lzma_6,6.645267887433397,0.4653205871582031,0.19222545623779297,256,1048576
results/phase3_interleaved/interleaved_1mb_oracle.adc,data/ml_data/phase3_interleaved_ml_artifact_512mb.bin,chunk_oracle_best_size,1048576,138,144703488,1048576,195476,0.18642044067382812,lzma_6,5.507718322508084,0.42166805267333984,0.3081550598144531,256,1048576
results/phase3_interleaved/interleaved_1mb_oracle.adc,data/ml_data/phase3_interleaved_ml_artifact_512mb.bin,chunk_oracle_best_size,1048576,139,145752064,1048576,271206,0.25864219665527344,zstd_19,4.947429447417869,0.3527412414550781,0.44068145751953125,256,1048576
results/phase3_interleaved/interleaved_1mb_oracle.adc,data/ml_data/phase3_interleaved_ml_artifact_512mb.bin,chunk_oracle_best_size,1048576,140,146800640,1048576,191256,0.18239593505859375,lzma_6,4.8392670250428855,0.36820411682128906,0.4412364959716797,256,1048576
results/phase3_interleaved/interleaved_1mb_oracle.adc,data/ml_data/phase3_interleaved_ml_artifact_512mb.bin,chunk_oracle_best_size,1048576,141,147849216,1048576,270687,0.2581472396850586,zstd_19,5.585368098410543,0.4099693298339844,0.3084583282470703,256,1048576
results/phase3_interleaved/interleaved_1mb_oracle.adc,data/ml_data/phase3_interleaved_ml_artifact_512mb.bin,chunk_oracle_best_size,1048576,142,148897792,1048576,459832,0.43852996826171875,lzma_6,6.71552804802503,0.4574851989746094,0.19122982025146484,256,1048576
results/phase3_interleaved/interleaved_1mb_oracle.adc,data/ml_data/phase3_interleaved_ml_artifact_512mb.bin,chunk_oracle_best_size,1048576,143,149946368,1048576,10932,0.010425567626953125,lzma_6,3.396465253097461,0.5001621246337891,0.499786376953125,57,1048576
results/phase3_interleaved/interleaved_1mb_oracle.adc,data/ml_data/phase3_interleaved_ml_artifact_512mb.bin,chunk_oracle_best_size,1048576,144,150994944,1048576,452892,0.4319114685058594,lzma_6,6.664781867911499,0.46552562713623047,0.19196224212646484,256,1048576
results/phase3_interleaved/interleaved_1mb_oracle.adc,data/ml_data/phase3_interleaved_ml_artifact_512mb.bin,chunk_oracle_best_size,1048576,145,152043520,1048576,190520,0.18169403076171875,lzma_6,5.497948628183969,0.42883777618408203,0.3077974319458008,256,1048576
results/phase3_interleaved/interleaved_1mb_oracle.adc,data/ml_data/phase3_interleaved_ml_artifact_512mb.bin,chunk_oracle_best_size,1048576,146,153092096,1048576,271220,0.2586555480957031,zstd_19,4.953795097100202,0.3521137237548828,0.4404735565185547,256,1048576
results/phase3_interleaved/interleaved_1mb_oracle.adc,data/ml_data/phase3_interleaved_ml_artifact_512mb.bin,chunk_oracle_best_size,1048576,147,154140672,1048576,185540,0.17694473266601562,lzma_6,4.829753260402294,0.36446189880371094,0.44139766693115234,256,1048576
results/phase3_interleaved/interleaved_1mb_oracle.adc,data/ml_data/phase3_interleaved_ml_artifact_512mb.bin,chunk_oracle_best_size,1048576,148,155189248,1048576,270473,0.25794315338134766,zstd_19,5.574768459498699,0.4086942672729492,0.3080482482910156,256,1048576
results/phase3_interleaved/interleaved_1mb_oracle.adc,data/ml_data/phase3_interleaved_ml_artifact_512mb.bin,chunk_oracle_best_size,1048576,149,156237824,1048576,451920,0.4309844970703125,lzma_6,6.686309397887119,0.4722719192504883,0.19308948516845703,256,1048576
results/phase3_interleaved/interleaved_1mb_oracle.adc,data/ml_data/phase3_interleaved_ml_artifact_512mb.bin,chunk_oracle_best_size,1048576,150,157286400,1048576,11084,0.010570526123046875,lzma_6,3.387832854668954,0.5001621246337891,0.499786376953125,57,1048576
results/phase3_interleaved/interleaved_1mb_oracle.adc,data/ml_data/phase3_interleaved_ml_artifact_512mb.bin,chunk_oracle_best_size,1048576,151,158334976,1048576,450312,0.42945098876953125,lzma_6,6.654540530144903,0.4680461883544922,0.1918506622314453,256,1048576
results/phase3_interleaved/interleaved_1mb_oracle.adc,data/ml_data/phase3_interleaved_ml_artifact_512mb.bin,chunk_oracle_best_size,1048576,152,159383552,1048576,192616,0.18369293212890625,lzma_6,5.500693579228276,0.4268922805786133,0.30795955657958984,256,1048576
results/phase3_interleaved/interleaved_1mb_oracle.adc,data/ml_data/phase3_interleaved_ml_artifact_512mb.bin,chunk_oracle_best_size,1048576,153,160432128,1048576,271263,0.2586965560913086,zstd_19,4.919729542417708,0.356109619140625,0.4418811798095703,256,1048576
results/phase3_interleaved/interleaved_1mb_oracle.adc,data/ml_data/phase3_interleaved_ml_artifact_512mb.bin,chunk_oracle_best_size,1048576,154,161480704,1048576,190172,0.18136215209960938,lzma_6,4.844328909643981,0.3705787658691406,0.44049072265625,256,1048576
results/phase3_interleaved/interleaved_1mb_oracle.adc,data/ml_data/phase3_interleaved_ml_artifact_512mb.bin,chunk_oracle_best_size,1048576,155,162529280,1048576,270487,0.25795650482177734,zstd_19,5.584142480939667,0.41046905517578125,0.3083038330078125,256,1048576
results/phase3_interleaved/interleaved_1mb_oracle.adc,data/ml_data/phase3_interleaved_ml_artifact_512mb.bin,chunk_oracle_best_size,1048576,156,163577856,1048576,450632,0.42975616455078125,lzma_6,6.68631882990563,0.46317291259765625,0.19277286529541016,256,1048576
results/phase3_interleaved/interleaved_1mb_oracle.adc,data/ml_data/phase3_interleaved_ml_artifact_512mb.bin,chunk_oracle_best_size,1048576,157,164626432,1048576,11016,0.01050567626953125,lzma_6,3.394325231294676,0.5001621246337891,0.499786376953125,57,1048576
results/phase3_interleaved/interleaved_1mb_oracle.adc,data/ml_data/phase3_interleaved_ml_artifact_512mb.bin,chunk_oracle_best_size,1048576,158,165675008,1048576,457192,0.43601226806640625,lzma_6,6.668584567076516,0.4640626907348633,0.1919708251953125,256,1048576
results/phase3_interleaved/interleaved_1mb_oracle.adc,data/ml_data/phase3_interleaved_ml_artifact_512mb.bin,chunk_oracle_best_size,1048576,159,166723584,1048576,187684,0.17898941040039062,lzma_6,5.492186062529227,0.4198427200317383,0.30821800231933594,256,1048576
results/phase3_interleaved/interleaved_1mb_oracle.adc,data/ml_data/phase3_interleaved_ml_artifact_512mb.bin,chunk_oracle_best_size,1048576,160,167772160,1048576,271202,0.2586383819580078,zstd_19,4.928103601654136,0.35553455352783203,0.44149303436279297,256,1048576
results/phase3_interleaved/interleaved_1mb_oracle.adc,data/ml_data/phase3_interleaved_ml_artifact_512mb.bin,chunk_oracle_best_size,1048576,161,168820736,1048576,199808,0.1905517578125,lzma_6,4.855756891200435,0.3682079315185547,0.44052600860595703,256,1048576
results/phase3_interleaved/interleaved_1mb_oracle.adc,data/ml_data/phase3_interleaved_ml_artifact_512mb.bin,chunk_oracle_best_size,1048576,162,169869312,1048576,270473,0.25794315338134766,zstd_19,5.5871159063833815,0.41036319732666016,0.3082733154296875,256,1048576
results/phase3_interleaved/interleaved_1mb_oracle.adc,data/ml_data/phase3_interleaved_ml_artifact_512mb.bin,chunk_oracle_best_size,1048576,163,170917888,1048576,456496,0.4353485107421875,lzma_6,6.704749853609146,0.46079444885253906,0.19219398498535156,256,1048576
results/phase3_interleaved/interleaved_1mb_oracle.adc,data/ml_data/phase3_interleaved_ml_artifact_512mb.bin,chunk_oracle_best_size,1048576,164,171966464,1048576,10904,0.01039886474609375,lzma_6,3.3933513644699027,0.5001621246337891,0.499786376953125,57,1048576
results/phase3_interleaved/interleaved_1mb_oracle.adc,data/ml_data/phase3_interleaved_ml_artifact_512mb.bin,chunk_oracle_best_size,1048576,165,173015040,1048576,452956,0.4319725036621094,lzma_6,6.6602166827765155,0.4629478454589844,0.19153118133544922,256,1048576
results/phase3_interleaved/interleaved_1mb_oracle.adc,data/ml_data/phase3_interleaved_ml_artifact_512mb.bin,chunk_oracle_best_size,1048576,166,174063616,1048576,191380,0.18251419067382812,lzma_6,5.507376623929902,0.4197359085083008,0.30813026428222656,256,1048576
results/phase3_interleaved/interleaved_1mb_oracle.adc,data/ml_data/phase3_interleaved_ml_artifact_512mb.bin,chunk_oracle_best_size,1048576,167,175112192,1048576,271230,0.2586650848388672,zstd_19,4.936153372125352,0.35385704040527344,0.44121265411376953,256,1048576
results/phase3_interleaved/interleaved_1mb_oracle.adc,data/ml_data/phase3_interleaved_ml_artifact_512mb.bin,chunk_oracle_best_size,1048576,168,176160768,1048576,194604,0.18558883666992188,lzma_6,4.875144176138581,0.3703022003173828,0.4401264190673828,256,1048576
results/phase3_interleaved/interleaved_1mb_oracle.adc,data/ml_data/phase3_interleaved_ml_artifact_512mb.bin,chunk_oracle_best_size,1048576,169,177209344,1048576,270486,0.25795555114746094,zstd_19,5.581806644484653,0.40997886657714844,0.30850982666015625,256,1048576
results/phase3_interleaved/interleaved_1mb_oracle.adc,data/ml_data/phase3_interleaved_ml_artifact_512mb.bin,chunk_oracle_best_size,1048576,170,178257920,1048576,448872,0.42807769775390625,lzma_6,6.686951131678021,0.4633607864379883,0.19284343719482422,256,1048576
results/phase3_interleaved/interleaved_1mb_oracle.adc,data/ml_data/phase3_interleaved_ml_artifact_512mb.bin,chunk_oracle_best_size,1048576,171,179306496,1048576,11028,0.010517120361328125,lzma_6,3.3939195064092136,0.5001621246337891,0.499786376953125,57,1048576
results/phase3_interleaved/interleaved_1mb_oracle.adc,data/ml_data/phase3_interleaved_ml_artifact_512mb.bin,chunk_oracle_best_size,1048576,172,180355072,1048576,450476,0.4296073913574219,lzma_6,6.640752798714971,0.4631309509277344,0.19285964965820312,256,1048576
results/phase3_interleaved/interleaved_1mb_oracle.adc,data/ml_data/phase3_interleaved_ml_artifact_512mb.bin,chunk_oracle_best_size,1048576,173,181403648,1048576,195368,0.18631744384765625,lzma_6,5.484118112895956,0.425262451171875,0.3082923889160156,256,1048576
results/phase3_interleaved/interleaved_1mb_oracle.adc,data/ml_data/phase3_interleaved_ml_artifact_512mb.bin,chunk_oracle_best_size,1048576,174,182452224,1048576,271285,0.25871753692626953,zstd_19,4.94113317707219,0.3535003662109375,0.44099903106689453,256,1048576
results/phase3_interleaved/interleaved_1mb_oracle.adc,data/ml_data/phase3_interleaved_ml_artifact_512mb.bin,chunk_oracle_best_size,1048576,175,183500800,1048576,189408,0.180633544921875,lzma_6,4.835624227331823,0.3711109161376953,0.4418802261352539,256,1048576
results/phase3_interleaved/interleaved_1mb_oracle.adc,data/ml_data/phase3_interleaved_ml_artifact_512mb.bin,chunk_oracle_best_size,1048576,176,184549376,1048576,271544,0.25896453857421875,zstd_19,5.587859383624953,0.40869617462158203,0.3080873489379883,256,1048576
results/phase3_interleaved/interleaved_1mb_oracle.adc,data/ml_data/phase3_interleaved_ml_artifact_512mb.bin,chunk_oracle_best_size,1048576,177,185597952,1048576,449756,0.4289207458496094,lzma_6,6.7088730206366245,0.4630260467529297,0.19179534912109375,256,1048576
results/phase3_interleaved/interleaved_1mb_oracle.adc,data/ml_data/phase3_interleaved_ml_artifact_512mb.bin,chunk_oracle_best_size,1048576,178,186646528,1048576,11008,0.010498046875,lzma_6,3.3943087881171494,0.5001621246337891,0.499786376953125,57,1048576
results/phase3_interleaved/interleaved_1mb_oracle.adc,data/ml_data/phase3_interleaved_ml_artifact_512mb.bin,chunk_oracle_best_size,1048576,179,187695104,1048576,455464,0.43436431884765625,lzma_6,6.647690044692326,0.47037220001220703,0.1924753189086914,256,1048576
results/phase3_interleaved/interleaved_1mb_oracle.adc,data/ml_data/phase3_interleaved_ml_artifact_512mb.bin,chunk_oracle_best_size,1048576,180,188743680,1048576,191188,0.18233108520507812,lzma_6,5.490991126470931,0.42411136627197266,0.3081836700439453,256,1048576
results/phase3_interleaved/interleaved_1mb_oracle.adc,data/ml_data/phase3_interleaved_ml_artifact_512mb.bin,chunk_oracle_best_size,1048576,181,189792256,1048576,271351,0.25878047943115234,zstd_19,4.945865949655237,0.35295867919921875,0.4407968521118164,256,1048576
results/phase3_interleaved/interleaved_1mb_oracle.adc,data/ml_data/phase3_interleaved_ml_artifact_512mb.bin,chunk_oracle_best_size,1048576,182,190840832,1048576,196492,0.18738937377929688,lzma_6,4.853129927947746,0.36840152740478516,0.44129371643066406,256,1048576
results/phase3_interleaved/interleaved_1mb_oracle.adc,data/ml_data/phase3_interleaved_ml_artifact_512mb.bin,chunk_oracle_best_size,1048576,183,191889408,1048576,270677,0.25813770294189453,zstd_19,5.586251056508904,0.4104423522949219,0.3082590103149414,256,1048576
results/phase3_interleaved/interleaved_1mb_oracle.adc,data/ml_data/phase3_interleaved_ml_artifact_512mb.bin,chunk_oracle_best_size,1048576,184,192937984,1048576,457552,0.4363555908203125,lzma_6,6.7134819545808035,0.45493316650390625,0.19143199920654297,256,1048576
results/phase3_interleaved/interleaved_1mb_oracle.adc,data/ml_data/phase3_interleaved_ml_artifact_512mb.bin,chunk_oracle_best_size,1048576,185,193986560,1048576,11192,0.01067352294921875,lzma_6,3.392895401996803,0.5001621246337891,0.499786376953125,57,1048576
results/phase3_interleaved/interleaved_1mb_oracle.adc,data/ml_data/phase3_interleaved_ml_artifact_512mb.bin,chunk_oracle_best_size,1048576,186,195035136,1048576,458976,0.437713623046875,lzma_6,6.668001655367938,0.4601917266845703,0.19196033477783203,256,1048576
results/phase3_interleaved/interleaved_1mb_oracle.adc,data/ml_data/phase3_interleaved_ml_artifact_512mb.bin,chunk_oracle_best_size,1048576,187,196083712,1048576,190264,0.18144989013671875,lzma_6,5.491563390652615,0.42519664764404297,0.30792713165283203,256,1048576
results/phase3_interleaved/interleaved_1mb_oracle.adc,data/ml_data/phase3_interleaved_ml_artifact_512mb.bin,chunk_oracle_best_size,1048576,188,197132288,1048576,271241,0.25867557525634766,zstd_19,4.950579617042953,0.3521537780761719,0.4406290054321289,256,1048576
results/phase3_interleaved/interleaved_1mb_oracle.adc,data/ml_data/phase3_interleaved_ml_artifact_512mb.bin,chunk_oracle_best_size,1048576,189,198180864,1048576,190916,0.18207168579101562,lzma_6,4.835487958498223,0.36344051361083984,0.4409198760986328,256,1048576
results/phase3_interleaved/interleaved_1mb_oracle.adc,data/ml_data/phase3_interleaved_ml_artifact_512mb.bin,chunk_oracle_best_size,1048576,190,199229440,1048576,270490,0.25795936584472656,zstd_19,5.5864136725781615,0.4100971221923828,0.3083076477050781,256,1048576
results/phase3_interleaved/interleaved_1mb_oracle.adc,data/ml_data/phase3_interleaved_ml_artifact_512mb.bin,chunk_oracle_best_size,1048576,191,200278016,1048576,449340,0.4285240173339844,lzma_6,6.727531617502609,0.45789527893066406,0.19179725646972656,256,1048576
results/phase3_interleaved/interleaved_1mb_oracle.adc,data/ml_data/phase3_interleaved_ml_artifact_512mb.bin,chunk_oracle_best_size,1048576,192,201326592,1048576,11032,0.01052093505859375,lzma_6,3.395747314580105,0.5001621246337891,0.499786376953125,57,1048576
results/phase3_interleaved/interleaved_1mb_oracle.adc,data/ml_data/phase3_interleaved_ml_artifact_512mb.bin,chunk_oracle_best_size,1048576,193,202375168,1048576,450416,0.4295501708984375,lzma_6,6.645889972714505,0.4597320556640625,0.19260120391845703,256,1048576
results/phase3_interleaved/interleaved_1mb_oracle.adc,data/ml_data/phase3_interleaved_ml_artifact_512mb.bin,chunk_oracle_best_size,1048576,194,203423744,1048576,192728,0.18379974365234375,lzma_6,5.494890294605048,0.4204521179199219,0.3080625534057617,256,1048576
results/phase3_interleaved/interleaved_1mb_oracle.adc,data/ml_data/phase3_interleaved_ml_artifact_512mb.bin,chunk_oracle_best_size,1048576,195,204472320,1048576,271200,0.258636474609375,zstd_19,4.916713272361008,0.3564929962158203,0.44204139709472656,256,1048576
results/phase3_interleaved/interleaved_1mb_oracle.adc,data/ml_data/phase3_interleaved_ml_artifact_512mb.bin,chunk_oracle_best_size,1048576,196,205520896,1048576,194572,0.18555831909179688,lzma_6,4.85604215548901,0.3631887435913086,0.44133853912353516,256,1048576
results/phase3_interleaved/interleaved_1mb_oracle.adc,data/ml_data/phase3_interleaved_ml_artifact_512mb.bin,chunk_oracle_best_size,1048576,197,206569472,1048576,271548,0.2589683532714844,zstd_19,5.580493845139741,0.41014575958251953,0.3081169128417969,256,1048576
results/phase3_interleaved/interleaved_1mb_oracle.adc,data/ml_data/phase3_interleaved_ml_artifact_512mb.bin,chunk_oracle_best_size,1048576,198,207618048,1048576,461404,0.4400291442871094,lzma_6,6.684068959439693,0.47359466552734375,0.1930065155029297,256,1048576
results/phase3_interleaved/interleaved_1mb_oracle.adc,data/ml_data/phase3_interleaved_ml_artifact_512mb.bin,chunk_oracle_best_size,1048576,199,208666624,1048576,11044,0.010532379150390625,lzma_6,3.395496417513619,0.5001621246337891,0.499786376953125,57,1048576
results/phase3_interleaved/interleaved_1mb_oracle.adc,data/ml_data/phase3_interleaved_ml_artifact_512mb.bin,chunk_oracle_best_size,1048576,200,209715200,1048576,452552,0.43158721923828125,lzma_6,6.661028262772342,0.46016979217529297,0.19182968139648438,256,1048576
results/phase3_interleaved/interleaved_1mb_oracle.adc,data/ml_data/phase3_interleaved_ml_artifact_512mb.bin,chunk_oracle_best_size,1048576,201,210763776,1048576,188464,0.1797332763671875,lzma_6,5.4999972230047804,0.42572498321533203,0.3081083297729492,256,1048576
results/phase3_interleaved/interleaved_1mb_oracle.adc,data/ml_data/phase3_interleaved_ml_artifact_512mb.bin,chunk_oracle_best_size,1048576,202,211812352,1048576,271206,0.25864219665527344,zstd_19,4.923619253847839,0.35558223724365234,0.44173717498779297,256,1048576
results/phase3_interleaved/interleaved_1mb_oracle.adc,data/ml_data/phase3_interleaved_ml_artifact_512mb.bin,chunk_oracle_best_size,1048576,203,212860928,1048576,189132,0.18037033081054688,lzma_6,4.843818111049623,0.37117767333984375,0.4407520294189453,256,1048576
results/phase3_interleaved/interleaved_1mb_oracle.adc,data/ml_data/phase3_interleaved_ml_artifact_512mb.bin,chunk_oracle_best_size,1048576,204,213909504,1048576,270689,0.2581491470336914,zstd_19,5.584247901859402,0.41021251678466797,0.3080587387084961,256,1048576
results/phase3_interleaved/interleaved_1mb_oracle.adc,data/ml_data/phase3_interleaved_ml_artifact_512mb.bin,chunk_oracle_best_size,1048576,205,214958080,1048576,456692,0.4355354309082031,lzma_6,6.692879417397508,0.4664926528930664,0.19239425659179688,256,1048576
results/phase3_interleaved/interleaved_1mb_oracle.adc,data/ml_data/phase3_interleaved_ml_artifact_512mb.bin,chunk_oracle_best_size,1048576,206,216006656,1048576,10928,0.0104217529296875,lzma_6,3.3946748608784025,0.5001621246337891,0.499786376953125,57,1048576
results/phase3_interleaved/interleaved_1mb_oracle.adc,data/ml_data/phase3_interleaved_ml_artifact_512mb.bin,chunk_oracle_best_size,1048576,207,217055232,1048576,454008,0.43297576904296875,lzma_6,6.659942614647236,0.45715999603271484,0.19171905517578125,256,1048576
results/phase3_interleaved/interleaved_1mb_oracle.adc,data/ml_data/phase3_interleaved_ml_artifact_512mb.bin,chunk_oracle_best_size,1048576,208,218103808,1048576,190320,0.1815032958984375,lzma_6,5.504000583782617,0.425872802734375,0.3076047897338867,256,1048576
results/phase3_interleaved/interleaved_1mb_oracle.adc,data/ml_data/phase3_interleaved_ml_artifact_512mb.bin,chunk_oracle_best_size,1048576,209,219152384,1048576,271205,0.25864124298095703,zstd_19,4.92877381967254,0.35483551025390625,0.4414043426513672,256,1048576
results/phase3_interleaved/interleaved_1mb_oracle.adc,data/ml_data/phase3_interleaved_ml_artifact_512mb.bin,chunk_oracle_best_size,1048576,210,220200960,1048576,183172,0.17468643188476562,lzma_6,4.82899182132926,0.3681163787841797,0.4412832260131836,256,1048576
results/phase3_interleaved/interleaved_1mb_oracle.adc,data/ml_data/phase3_interleaved_ml_artifact_512mb.bin,chunk_oracle_best_size,1048576,211,221249536,1048576,271540,0.2589607238769531,zstd_19,5.583168536993197,0.4101428985595703,0.3083038330078125,256,1048576
results/phase3_interleaved/interleaved_1mb_oracle.adc,data/ml_data/phase3_interleaved_ml_artifact_512mb.bin,chunk_oracle_best_size,1048576,212,222298112,1048576,448408,0.42763519287109375,lzma_6,6.687489436541749,0.4629707336425781,0.1925210952758789,256,1048576
results/phase3_interleaved/interleaved_1mb_oracle.adc,data/ml_data/phase3_interleaved_ml_artifact_512mb.bin,chunk_oracle_best_size,1048576,213,223346688,1048576,11056,0.0105438232421875,lzma_6,3.3964652190612403,0.5001621246337891,0.499786376953125,57,1048576
results/phase3_interleaved/interleaved_1mb_oracle.adc,data/ml_data/phase3_interleaved_ml_artifact_512mb.bin,chunk_oracle_best_size,1048576,214,224395264,1048576,453784,0.43276214599609375,lzma_6,6.660823297521659,0.4648857116699219,0.19182682037353516,256,1048576
results/phase3_interleaved/interleaved_1mb_oracle.adc,data/ml_data/phase3_interleaved_ml_artifact_512mb.bin,chunk_oracle_best_size,1048576,215,225443840,1048576,189028,0.18027114868164062,lzma_6,5.504414205024785,0.4179811477661133,0.3080568313598633,256,1048576
results/phase3_interleaved/interleaved_1mb_oracle.adc,data/ml_data/phase3_interleaved_ml_artifact_512mb.bin,chunk_oracle_best_size,1048576,216,226492416,1048576,271299,0.2587308883666992,zstd_19,4.937264169722535,0.35367393493652344,0.44106483459472656,256,1048576
results/phase3_interleaved/interleaved_1mb_oracle.adc,data/ml_data/phase3_interleaved_ml_artifact_512mb.bin,chunk_oracle_best_size,1048576,217,227540992,1048576,189064,0.18030548095703125,lzma_6,4.809249241047818,0.3795166015625,0.4419536590576172,256,1048576
results/phase3_interleaved/interleaved_1mb_oracle.adc,data/ml_data/phase3_interleaved_ml_artifact_512mb.bin,chunk_oracle_best_size,1048576,218,228589568,1048576,270487,0.25795650482177734,zstd_19,5.587357610865846,0.4107933044433594,0.30808353424072266,256,1048576
results/phase3_interleaved/interleaved_1mb_oracle.adc,data/ml_data/phase3_interleaved_ml_artifact_512mb.bin,chunk_oracle_best_size,1048576,219,229638144,1048576,455772,0.4346580505371094,lzma_6,6.705664424588074,0.4745349884033203,0.1918487548828125,256,1048576
results/phase3_interleaved/interleaved_1mb_oracle.adc,data/ml_data/phase3_interleaved_ml_artifact_512mb.bin,chunk_oracle_best_size,1048576,220,230686720,1048576,11048,0.01053619384765625,lzma_6,3.391888897800411,0.5001621246337891,0.499786376953125,57,1048576
results/phase3_interleaved/interleaved_1mb_oracle.adc,data/ml_data/phase3_interleaved_ml_artifact_512mb.bin,chunk_oracle_best_size,1048576,221,231735296,1048576,457452,0.4362602233886719,lzma_6,6.647951633338192,0.4674530029296875,0.1924896240234375,256,1048576
results/phase3_interleaved/interleaved_1mb_oracle.adc,data/ml_data/phase3_interleaved_ml_artifact_512mb.bin,chunk_oracle_best_size,1048576,222,232783872,1048576,187184,0.1785125732421875,lzma_6,5.483289601568872,0.43292808532714844,0.3078269958496094,256,1048576
results/phase3_interleaved/interleaved_1mb_oracle.adc,data/ml_data/phase3_interleaved_ml_artifact_512mb.bin,chunk_oracle_best_size,1048576,223,233832448,1048576,271095,0.25853633880615234,zstd_10,4.944165391875732,0.3533487319946289,0.4408750534057617,256,1048576
results/phase3_interleaved/interleaved_1mb_oracle.adc,data/ml_data/phase3_interleaved_ml_artifact_512mb.bin,chunk_oracle_best_size,1048576,224,234881024,1048576,198012,0.18883895874023438,lzma_6,4.833313374029095,0.36833763122558594,0.44140148162841797,256,1048576
results/phase3_interleaved/interleaved_1mb_oracle.adc,data/ml_data/phase3_interleaved_ml_artifact_512mb.bin,chunk_oracle_best_size,1048576,225,235929600,1048576,270474,0.25794410705566406,zstd_19,5.577482589424385,0.40999698638916016,0.30853748321533203,256,1048576
results/phase3_interleaved/interleaved_1mb_oracle.adc,data/ml_data/phase3_interleaved_ml_artifact_512mb.bin,chunk_oracle_best_size,1048576,226,236978176,1048576,452072,0.43112945556640625,lzma_6,6.696330660995586,0.47408390045166016,0.19154930114746094,256,1048576
results/phase3_interleaved/interleaved_1mb_oracle.adc,data/ml_data/phase3_interleaved_ml_artifact_512mb.bin,chunk_oracle_best_size,1048576,227,238026752,1048576,11060,0.010547637939453125,lzma_6,3.392297725231927,0.5001621246337891,0.499786376953125,57,1048576
results/phase3_interleaved/interleaved_1mb_oracle.adc,data/ml_data/phase3_interleaved_ml_artifact_512mb.bin,chunk_oracle_best_size,1048576,228,239075328,1048576,455940,0.4348182678222656,lzma_6,6.659592627505086,0.4608955383300781,0.19214534759521484,256,1048576
results/phase3_interleaved/interleaved_1mb_oracle.adc,data/ml_data/phase3_interleaved_ml_artifact_512mb.bin,chunk_oracle_best_size,1048576,229,240123904,1048576,191436,0.18256759643554688,lzma_6,5.501227801461581,0.4285163879394531,0.3078346252441406,256,1048576
results/phase3_interleaved/interleaved_1mb_oracle.adc,data/ml_data/phase3_interleaved_ml_artifact_512mb.bin,chunk_oracle_best_size,1048576,230,241172480,1048576,271275,0.25870800018310547,zstd_19,4.9455823994188455,0.3525676727294922,0.44068431854248047,256,1048576
results/phase3_interleaved/interleaved_1mb_oracle.adc,data/ml_data/phase3_interleaved_ml_artifact_512mb.bin,chunk_oracle_best_size,1048576,231,242221056,1048576,190916,0.18207168579101562,lzma_6,4.847810466070443,0.37044620513916016,0.4409370422363281,256,1048576
results/phase3_interleaved/interleaved_1mb_oracle.adc,data/ml_data/phase3_interleaved_ml_artifact_512mb.bin,chunk_oracle_best_size,1048576,232,243269632,1048576,270485,0.25795459747314453,zstd_19,5.581183492460703,0.41094017028808594,0.3080940246582031,256,1048576
results/phase3_interleaved/interleaved_1mb_oracle.adc,data/ml_data/phase3_interleaved_ml_artifact_512mb.bin,chunk_oracle_best_size,1048576,233,244318208,1048576,455944,0.43482208251953125,lzma_6,6.6987320964543695,0.4668149948120117,0.19129657745361328,256,1048576
results/phase3_interleaved/interleaved_1mb_oracle.adc,data/ml_data/phase3_interleaved_ml_artifact_512mb.bin,chunk_oracle_best_size,1048576,234,245366784,1048576,11020,0.010509490966796875,lzma_6,3.3934763124565883,0.5001621246337891,0.499786376953125,57,1048576
results/phase3_interleaved/interleaved_1mb_oracle.adc,data/ml_data/phase3_interleaved_ml_artifact_512mb.bin,chunk_oracle_best_size,1048576,235,246415360,1048576,451244,0.4303398132324219,lzma_6,6.651484508826763,0.45949649810791016,0.19208526611328125,256,1048576
results/phase3_interleaved/interleaved_1mb_oracle.adc,data/ml_data/phase3_interleaved_ml_artifact_512mb.bin,chunk_oracle_best_size,1048576,236,247463936,1048576,191664,0.1827850341796875,lzma_6,5.507787305129561,0.4246225357055664,0.30809688568115234,256,1048576
results/phase3_interleaved/interleaved_1mb_oracle.adc,data/ml_data/phase3_interleaved_ml_artifact_512mb.bin,chunk_oracle_best_size,1048576,237,248512512,1048576,271320,0.25875091552734375,zstd_19,4.9539682891649095,0.35190486907958984,0.4404916763305664,256,1048576
results/phase3_interleaved/interleaved_1mb_oracle.adc,data/ml_data/phase3_interleaved_ml_artifact_512mb.bin,chunk_oracle_best_size,1048576,238,249561088,1048576,186764,0.17811203002929688,lzma_6,4.837042602070159,0.36307430267333984,0.44077587127685547,256,1048576
results/phase3_interleaved/interleaved_1mb_oracle.adc,data/ml_data/phase3_interleaved_ml_artifact_512mb.bin,chunk_oracle_best_size,1048576,239,250609664,1048576,271541,0.25896167755126953,zstd_19,5.580126207923482,0.40868663787841797,0.30807018280029297,256,1048576
results/phase3_interleaved/interleaved_1mb_oracle.adc,data/ml_data/phase3_interleaved_ml_artifact_512mb.bin,chunk_oracle_best_size,1048576,240,251658240,1048576,456624,0.4354705810546875,lzma_6,6.689057176114629,0.47288990020751953,0.19303226470947266,256,1048576
results/phase3_interleaved/interleaved_1mb_oracle.adc,data/ml_data/phase3_interleaved_ml_artifact_512mb.bin,chunk_oracle_best_size,1048576,241,252706816,1048576,11004,0.010494232177734375,lzma_6,3.392062294880534,0.5001621246337891,0.499786376953125,57,1048576
results/phase3_interleaved/interleaved_1mb_oracle.adc,data/ml_data/phase3_interleaved_ml_artifact_512mb.bin,chunk_oracle_best_size,1048576,242,253755392,1048576,456740,0.4355812072753906,lzma_6,6.6716181827309775,0.46255970001220703,0.1918497085571289,256,1048576
results/phase3_interleaved/interleaved_1mb_oracle.adc,data/ml_data/phase3_interleaved_ml_artifact_512mb.bin,chunk_oracle_best_size,1048576,243,254803968,1048576,189020,0.18026351928710938,lzma_6,5.502955572025618,0.4328298568725586,0.3076820373535156,256,1048576
results/phase3_interleaved/interleaved_1mb_oracle.adc,data/ml_data/phase3_interleaved_ml_artifact_512mb.bin,chunk_oracle_best_size,1048576,244,255852544,1048576,271331,0.2587614059448242,zstd_19,4.919800668286283,0.3560295104980469,0.44187068939208984,256,1048576
results/phase3_interleaved/interleaved_1mb_oracle.adc,data/ml_data/phase3_interleaved_ml_artifact_512mb.bin,chunk_oracle_best_size,1048576,245,256901120,1048576,189168,0.1804046630859375,lzma_6,4.844894974304217,0.3761415481567383,0.44043445587158203,256,1048576
results/phase3_interleaved/interleaved_1mb_oracle.adc,data/ml_data/phase3_interleaved_ml_artifact_512mb.bin,chunk_oracle_best_size,1048576,246,257949696,1048576,271383,0.25881099700927734,zstd_19,5.581573859216773,0.4104499816894531,0.3080768585205078,256,1048576
results/phase3_interleaved/interleaved_1mb_oracle.adc,data/ml_data/phase3_interleaved_ml_artifact_512mb.bin,chunk_oracle_best_size,1048576,247,258998272,1048576,449896,0.42905426025390625,lzma_6,6.680859723758935,0.4663963317871094,0.19233989715576172,256,1048576
results/phase3_interleaved/interleaved_1mb_oracle.adc,data/ml_data/phase3_interleaved_ml_artifact_512mb.bin,chunk_oracle_best_size,1048576,248,260046848,1048576,11110,0.010595321655273438,zstd_19,3.3907879048820178,0.5001621246337891,0.499786376953125,57,1048576
results/phase3_interleaved/interleaved_1mb_oracle.adc,data/ml_data/phase3_interleaved_ml_artifact_512mb.bin,chunk_oracle_best_size,1048576,249,261095424,1048576,450528,0.429656982421875,lzma_6,6.656898439991879,0.47040843963623047,0.1918354034423828,256,1048576
results/phase3_interleaved/interleaved_1mb_oracle.adc,data/ml_data/phase3_interleaved_ml_artifact_512mb.bin,chunk_oracle_best_size,1048576,250,262144000,1048576,180592,0.1722259521484375,lzma_6,5.48247500381376,0.43416309356689453,0.3084115982055664,256,1048576
results/phase3_interleaved/interleaved_1mb_oracle.adc,data/ml_data/phase3_interleaved_ml_artifact_512mb.bin,chunk_oracle_best_size,1048576,251,263192576,1048576,271214,0.2586498260498047,zstd_19,4.93013244907291,0.35561275482177734,0.4414968490600586,256,1048576
results/phase3_interleaved/interleaved_1mb_oracle.adc,data/ml_data/phase3_interleaved_ml_artifact_512mb.bin,chunk_oracle_best_size,1048576,252,264241152,1048576,185296,0.1767120361328125,lzma_6,4.850183584780838,0.3758964538574219,0.44042015075683594,256,1048576
results/phase3_interleaved/interleaved_1mb_oracle.adc,data/ml_data/phase3_interleaved_ml_artifact_512mb.bin,chunk_oracle_best_size,1048576,253,265289728,1048576,270909,0.2583589553833008,zstd_19,5.605817735841832,0.4130277633666992,0.3079051971435547,256,1048576
results/phase3_interleaved/interleaved_1mb_oracle.adc,data/ml_data/phase3_interleaved_ml_artifact_512mb.bin,chunk_oracle_best_size,1048576,254,266338304,1048576,453624,0.43260955810546875,lzma_6,6.706088987188249,0.47159767150878906,0.1920919418334961,256,1048576
results/phase3_interleaved/interleaved_1mb_oracle.adc,data/ml_data/phase3_interleaved_ml_artifact_512mb.bin,chunk_oracle_best_size,1048576,255,267386880,1048576,10760,0.01026153564453125,lzma_6,3.39302432080775,0.5001621246337891,0.499786376953125,57,1048576
results/phase3_interleaved/interleaved_1mb_oracle.adc,data/ml_data/phase3_interleaved_ml_artifact_512mb.bin,chunk_oracle_best_size,1048576,256,268435456,1048576,459292,0.4380149841308594,lzma_6,6.671825259618338,0.4608802795410156,0.19144344329833984,256,1048576
results/phase3_interleaved/interleaved_1mb_oracle.adc,data/ml_data/phase3_interleaved_ml_artifact_512mb.bin,chunk_oracle_best_size,1048576,257,269484032,1048576,184992,0.176422119140625,lzma_6,5.503878266013894,0.42844104766845703,0.3078269958496094,256,1048576
results/phase3_interleaved/interleaved_1mb_oracle.adc,data/ml_data/phase3_interleaved_ml_artifact_512mb.bin,chunk_oracle_best_size,1048576,258,270532608,1048576,271286,0.25871849060058594,zstd_19,4.938610850772439,0.3549022674560547,0.44117164611816406,256,1048576
results/phase3_interleaved/interleaved_1mb_oracle.adc,data/ml_data/phase3_interleaved_ml_artifact_512mb.bin,chunk_oracle_best_size,1048576,259,271581184,1048576,188884,0.18013381958007812,lzma_6,4.856984379721465,0.37291908264160156,0.44014644622802734,256,1048576
results/phase3_interleaved/interleaved_1mb_oracle.adc,data/ml_data/phase3_interleaved_ml_artifact_512mb.bin,chunk_oracle_best_size,1048576,260,272629760,1048576,272536,0.25991058349609375,lzma_6,5.603919588715671,0.4121723175048828,0.30790042877197266,256,1048576
results/phase3_interleaved/interleaved_1mb_oracle.adc,data/ml_data/phase3_interleaved_ml_artifact_512mb.bin,chunk_oracle_best_size,1048576,261,273678336,1048576,453632,0.4326171875,lzma_6,6.7119583792929225,0.46782684326171875,0.1917247772216797,256,1048576
results/phase3_interleaved/interleaved_1mb_oracle.adc,data/ml_data/phase3_interleaved_ml_artifact_512mb.bin,chunk_oracle_best_size,1048576,262,274726912,1048576,10904,0.01039886474609375,lzma_6,3.397931009523285,0.5001621246337891,0.499786376953125,57,1048576
results/phase3_interleaved/interleaved_1mb_oracle.adc,data/ml_data/phase3_interleaved_ml_artifact_512mb.bin,chunk_oracle_best_size,1048576,263,275775488,1048576,456364,0.4352226257324219,lzma_6,6.639039914142729,0.47374820709228516,0.1931304931640625,256,1048576
results/phase3_interleaved/interleaved_1mb_oracle.adc,data/ml_data/phase3_interleaved_ml_artifact_512mb.bin,chunk_oracle_best_size,1048576,264,276824064,1048576,180648,0.17227935791015625,lzma_6,5.510426573387472,0.4302549362182617,0.30797767639160156,256,1048576
results/phase3_interleaved/interleaved_1mb_oracle.adc,data/ml_data/phase3_interleaved_ml_artifact_512mb.bin,chunk_oracle_best_size,1048576,265,277872640,1048576,271253,0.25868701934814453,zstd_19,4.944944158004693,0.3536863327026367,0.44094181060791016,256,1048576
results/phase3_interleaved/interleaved_1mb_oracle.adc,data/ml_data/phase3_interleaved_ml_artifact_512mb.bin,chunk_oracle_best_size,1048576,266,278921216,1048576,189664,0.180877685546875,lzma_6,4.835626075886944,0.37662696838378906,0.4414520263671875,256,1048576
results/phase3_interleaved/interleaved_1mb_oracle.adc,data/ml_data/phase3_interleaved_ml_artifact_512mb.bin,chunk_oracle_best_size,1048576,267,279969792,1048576,270959,0.2584066390991211,zstd_19,5.608576703865045,0.4125337600708008,0.3079061508178711,256,1048576
results/phase3_interleaved/interleaved_1mb_oracle.adc,data/ml_data/phase3_interleaved_ml_artifact_512mb.bin,chunk_oracle_best_size,1048576,268,281018368,1048576,454208,0.43316650390625,lzma_6,6.70790359730472,0.46312427520751953,0.19195079803466797,256,1048576
results/phase3_interleaved/interleaved_1mb_oracle.adc,data/ml_data/phase3_interleaved_ml_artifact_512mb.bin,chunk_oracle_best_size,1048576,269,282066944,1048576,10760,0.01026153564453125,lzma_6,3.398952506802486,0.5001621246337891,0.499786376953125,57,1048576
results/phase3_interleaved/interleaved_1mb_oracle.adc,data/ml_data/phase3_interleaved_ml_artifact_512mb.bin,chunk_oracle_best_size,1048576,270,283115520,1048576,452948,0.4319648742675781,lzma_6,6.657191620523234,0.4647836685180664,0.1925201416015625,256,1048576
results/phase3_interleaved/interleaved_1mb_oracle.adc,data/ml_data/phase3_interleaved_ml_artifact_512mb.bin,chunk_oracle_best_size,1048576,271,284164096,1048576,189100,0.18033981323242188,lzma_6,5.512218251831228,0.4213294982910156,0.3078432083129883,256,1048576
results/phase3_interleaved/interleaved_1mb_oracle.adc,data/ml_data/phase3_interleaved_ml_artifact_512mb.bin,chunk_oracle_best_size,1048576,272,285212672,1048576,271402,0.25882911682128906,zstd_19,4.947958880294861,0.35297584533691406,0.4407777786254883,256,1048576
results/phase3_interleaved/interleaved_1mb_oracle.adc,data/ml_data/phase3_interleaved_ml_artifact_512mb.bin,chunk_oracle_best_size,1048576,273,286261248,1048576,184424,0.17588043212890625,lzma_6,4.821122897346401,0.38035011291503906,0.44125843048095703,256,1048576
results/phase3_interleaved/interleaved_1mb_oracle.adc,data/ml_data/phase3_interleaved_ml_artifact_512mb.bin,chunk_oracle_best_size,1048576,274,287309824,1048576,270736,0.2581939697265625,zstd_19,5.597797956042261,0.4123868942260742,0.3078594207763672,256,1048576
results/phase3_interleaved/interleaved_1mb_oracle.adc,data/ml_data/phase3_interleaved_ml_artifact_512mb.bin,chunk_oracle_best_size,1048576,275,288358400,1048576,450988,0.4300956726074219,lzma_6,6.703287363273354,0.47025489807128906,0.19174766540527344,256,1048576
results/phase3_interleaved/interleaved_1mb_oracle.adc,data/ml_data/phase3_interleaved_ml_artifact_512mb.bin,chunk_oracle_best_size,1048576,276,289406976,1048576,10772,0.010272979736328125,lzma_6,3.393816876596587,0.5001621246337891,0.499786376953125,57,1048576
results/phase3_interleaved/interleaved_1mb_oracle.adc,data/ml_data/phase3_interleaved_ml_artifact_512mb.bin,chunk_oracle_best_size,1048576,277,290455552,1048576,456872,0.43570709228515625,lzma_6,6.640506238843233,0.46818065643310547,0.19231796264648438,256,1048576
results/phase3_interleaved/interleaved_1mb_oracle.adc,data/ml_data/phase3_interleaved_ml_artifact_512mb.bin,chunk_oracle_best_size,1048576,278,291504128,1048576,189712,0.1809234619140625,lzma_6,5.503115125901464,0.43315601348876953,0.30782508850097656,256,1048576
results/phase3_interleaved/interleaved_1mb_oracle.adc,data/ml_data/phase3_interleaved_ml_artifact_512mb.bin,chunk_oracle_best_size,1048576,279,292552704,1048576,271228,0.2586631774902344,zstd_19,4.94838710986386,0.3521280288696289,0.4406414031982422,256,1048576
results/phase3_interleaved/interleaved_1mb_oracle.adc,data/ml_data/phase3_interleaved_ml_artifact_512mb.bin,chunk_oracle_best_size,1048576,280,293601280,1048576,188504,0.17977142333984375,lzma_6,4.845871020679308,0.3636016845703125,0.44122791290283203,256,1048576
results/phase3_interleaved/interleaved_1mb_oracle.adc,data/ml_data/phase3_interleaved_ml_artifact_512mb.bin,chunk_oracle_best_size,1048576,281,294649856,1048576,270733,0.2581911087036133,zstd_19,5.60379401897991,0.4133472442626953,0.3079032897949219,256,1048576
results/phase3_interleaved/interleaved_1mb_oracle.adc,data/ml_data/phase3_interleaved_ml_artifact_512mb.bin,chunk_oracle_best_size,1048576,282,295698432,1048576,451260,0.4303550720214844,lzma_6,6.712625287570188,0.46572399139404297,0.19157028198242188,256,1048576
results/phase3_interleaved/interleaved_1mb_oracle.adc,data/ml_data/phase3_interleaved_ml_artifact_512mb.bin,chunk_oracle_best_size,1048576,283,296747008,1048576,10844,0.010341644287109375,lzma_6,3.39584673932192,0.5001621246337891,0.499786376953125,57,1048576
results/phase3_interleaved/interleaved_1mb_oracle.adc,data/ml_data/phase3_interleaved_ml_artifact_512mb.bin,chunk_oracle_best_size,1048576,284,297795584,1048576,455900,0.4347801208496094,lzma_6,6.6518855794156,0.474578857421875,0.19173526763916016,256,1048576
results/phase3_interleaved/interleaved_1mb_oracle.adc,data/ml_data/phase3_interleaved_ml_artifact_512mb.bin,chunk_oracle_best_size,1048576,285,298844160,1048576,184896,0.17633056640625,lzma_6,5.520345770730156,0.42591190338134766,0.30766868591308594,256,1048576
results/phase3_interleaved/interleaved_1mb_oracle.adc,data/ml_data/phase3_interleaved_ml_artifact_512mb.bin,chunk_oracle_best_size,1048576,286,299892736,1048576,271209,0.25864505767822266,zstd_19,4.917561087828828,0.35657215118408203,0.44205570220947266,256,1048576
results/phase3_interleaved/interleaved_1mb_oracle.adc,data/ml_data/phase3_interleaved_ml_artifact_512mb.bin,chunk_oracle_best_size,1048576,287,300941312,1048576,188420,0.17969131469726562,lzma_6,4.85492696617428,0.37598323822021484,0.44074153900146484,256,1048576
results/phase3_interleaved/interleaved_1mb_oracle.adc,data/ml_data/phase3_interleaved_ml_artifact_512mb.bin,chunk_oracle_best_size,1048576,288,301989888,1048576,270868,0.2583198547363281,zstd_19,5.601849820050219,0.41170215606689453,0.3080759048461914,256,1048576
results/phase3_interleaved/interleaved_1mb_oracle.adc,data/ml_data/phase3_interleaved_ml_artifact_512mb.bin,chunk_oracle_best_size,1048576,289,303038464,1048576,449192,0.42838287353515625,lzma_6,6.69220671984746,0.4666099548339844,0.19287681579589844,256,1048576
results/phase3_interleaved/interleaved_1mb_oracle.adc,data/ml_data/phase3_interleaved_ml_artifact_512mb.bin,chunk_oracle_best_size,1048576,290,304087040,1048576,10820,0.010318756103515625,lzma_6,3.3944406574847577,0.5001621246337891,0.499786376953125,57,1048576
results/phase3_interleaved/interleaved_1mb_oracle.adc,data/ml_data/phase3_interleaved_ml_artifact_512mb.bin,chunk_oracle_best_size,1048576,291,305135616,1048576,453288,0.43228912353515625,lzma_6,6.655240863246532,0.46617794036865234,0.19165611267089844,256,1048576
results/phase3_interleaved/interleaved_1mb_oracle.adc,data/ml_data/phase3_interleaved_ml_artifact_512mb.bin,chunk_oracle_best_size,1048576,292,306184192,1048576,187052,0.17838668823242188,lzma_6,5.529362473543763,0.4312419891357422,0.30751514434814453,256,1048576
results/phase3_interleaved/interleaved_1mb_oracle.adc,data/ml_data/phase3_interleaved_ml_artifact_512mb.bin,chunk_oracle_best_size,1048576,293,307232768,1048576,271261,0.2586946487426758,zstd_19,4.9267817424076785,0.35529041290283203,0.4416341781616211,256,1048576
results/phase3_interleaved/interleaved_1mb_oracle.adc,data/ml_data/phase3_interleaved_ml_artifact_512mb.bin,chunk_oracle_best_size,1048576,294,308281344,1048576,190552,0.18172454833984375,lzma_6,4.870194225559814,0.3660268783569336,0.4408607482910156,256,1048576
results/phase3_interleaved/interleaved_1mb_oracle.adc,data/ml_data/phase3_interleaved_ml_artifact_512mb.bin,chunk_oracle_best_size,1048576,295,309329920,1048576,270762,0.25821876525878906,zstd_19,5.60718224410162,0.4128580093383789,0.3078603744506836,256,1048576
results/phase3_interleaved/interleaved_1mb_oracle.adc,data/ml_data/phase3_interleaved_ml_artifact_512mb.bin,chunk_oracle_best_size,1048576,296,310378496,1048576,444584,0.42398834228515625,lzma_6,6.6828308011118915,0.4676036834716797,0.19226646423339844,256,1048576
results/phase3_interleaved/interleaved_1mb_oracle.adc,data/ml_data/phase3_interleaved_ml_artifact_512mb.bin,chunk_oracle_best_size,1048576,297,311427072,1048576,10732,0.010234832763671875,lzma_6,3.397061787707454,0.5001621246337891,0.499786376953125,57,1048576
results/phase3_interleaved/interleaved_1mb_oracle.adc,data/ml_data/phase3_interleaved_ml_artifact_512mb.bin,chunk_oracle_best_size,1048576,298,312475648,1048576,455404,0.4343070983886719,lzma_6,6.6832095115513175,0.45566272735595703,0.19152355194091797,256,1048576
results/phase3_interleaved/interleaved_1mb_oracle.adc,data/ml_data/phase3_interleaved_ml_artifact_512mb.bin,chunk_oracle_best_size,1048576,299,313524224,1048576,188700,0.17995834350585938,lzma_6,5.528946587715826,0.42687225341796875,0.30753421783447266,256,1048576
results/phase3_interleaved/interleaved_1mb_oracle.adc,data/ml_data/phase3_interleaved_ml_artifact_512mb.bin,chunk_oracle_best_size,1048576,300,314572800,1048576,271214,0.2586498260498047,zstd_19,4.933362130923046,0.3544130325317383,0.4413414001464844,256,1048576
results/phase3_interleaved/interleaved_1mb_oracle.adc,data/ml_data/phase3_interleaved_ml_artifact_512mb.bin,chunk_oracle_best_size,1048576,301,315621376,1048576,186860,0.17820358276367188,lzma_6,4.859857163465098,0.36072826385498047,0.4404945373535156,256,1048576
results/phase3_interleaved/interleaved_1mb_oracle.adc,data/ml_data/phase3_interleaved_ml_artifact_512mb.bin,chunk_oracle_best_size,1048576,302,316669952,1048576,270969,0.25841617584228516,zstd_19,5.606256059418137,0.4108238220214844,0.3078765869140625,256,1048576
results/phase3_interleaved/interleaved_1mb_oracle.adc,data/ml_data/phase3_interleaved_ml_artifact_512mb.bin,chunk_oracle_best_size,1048576,303,317718528,1048576,448648,0.42786407470703125,lzma_6,6.6903992851471,0.45849132537841797,0.19205570220947266,256,1048576
results/phase3_interleaved/interleaved_1mb_oracle.adc,data/ml_data/phase3_interleaved_ml_artifact_512mb.bin,chunk_oracle_best_size,1048576,304,318767104,1048576,10752,0.01025390625,lzma_6,3.3967891876030585,0.5001621246337891,0.499786376953125,57,1048576
results/phase3_interleaved/interleaved_1mb_oracle.adc,data/ml_data/phase3_interleaved_ml_artifact_512mb.bin,chunk_oracle_best_size,1048576,305,319815680,1048576,460204,0.4388847351074219,lzma_6,6.67816175412312,0.4593687057495117,0.19137954711914062,256,1048576
results/phase3_interleaved/interleaved_1mb_oracle.adc,data/ml_data/phase3_interleaved_ml_artifact_512mb.bin,chunk_oracle_best_size,1048576,306,320864256,1048576,183048,0.17456817626953125,lzma_6,5.512287984453881,0.43347835540771484,0.30799198150634766,256,1048576
results/phase3_interleaved/interleaved_1mb_oracle.adc,data/ml_data/phase3_interleaved_ml_artifact_512mb.bin,chunk_oracle_best_size,1048576,307,321912832,1048576,271326,0.2587566375732422,zstd_19,4.94137374984388,0.35398006439208984,0.44106292724609375,256,1048576
results/phase3_interleaved/interleaved_1mb_oracle.adc,data/ml_data/phase3_interleaved_ml_artifact_512mb.bin,chunk_oracle_best_size,1048576,308,322961408,1048576,183988,0.17546463012695312,lzma_6,4.811132185871043,0.3735160827636719,0.4416379928588867,256,1048576
results/phase3_interleaved/interleaved_1mb_oracle.adc,data/ml_data/phase3_interleaved_ml_artifact_512mb.bin,chunk_oracle_best_size,1048576,309,324009984,1048576,270581,0.25804615020751953,zstd_19,5.605747335257882,0.41136837005615234,0.3079090118408203,256,1048576
results/phase3_interleaved/interleaved_1mb_oracle.adc,data/ml_data/phase3_interleaved_ml_artifact_512mb.bin,chunk_oracle_best_size,1048576,310,325058560,1048576,449472,0.42864990234375,lzma_6,6.707695455543574,0.47075843811035156,0.19188213348388672,256,1048576
results/phase3_interleaved/interleaved_1mb_oracle.adc,data/ml_data/phase3_interleaved_ml_artifact_512mb.bin,chunk_oracle_best_size,1048576,311,326107136,1048576,10812,0.010311126708984375,lzma_6,3.396519303500141,0.5001621246337891,0.499786376953125,57,1048576
results/phase3_interleaved/interleaved_1mb_oracle.adc,data/ml_data/phase3_interleaved_ml_artifact_512mb.bin,chunk_oracle_best_size,1048576,312,327155712,1048576,456248,0.43511199951171875,lzma_6,6.647024286329716,0.46340084075927734,0.1927814483642578,256,1048576
results/phase3_interleaved/interleaved_1mb_oracle.adc,data/ml_data/phase3_interleaved_ml_artifact_512mb.bin,chunk_oracle_best_size,1048576,313,328204288,1048576,187284,0.17860794067382812,lzma_6,5.5279453439270085,0.4251136779785156,0.3075084686279297,256,1048576
results/phase3_interleaved/interleaved_1mb_oracle.adc,data/ml_data/phase3_interleaved_ml_artifact_512mb.bin,chunk_oracle_best_size,1048576,314,329252864,1048576,271213,0.2586488723754883,zstd_19,4.946707200171273,0.3536109924316406,0.4408702850341797,256,1048576
results/phase3_interleaved/interleaved_1mb_oracle.adc,data/ml_data/phase3_interleaved_ml_artifact_512mb.bin,chunk_oracle_best_size,1048576,315,330301440,1048576,188832,0.180084228515625,lzma_6,4.824509875618819,0.3735380172729492,0.44167518615722656,256,1048576
results/phase3_interleaved/interleaved_1mb_oracle.adc,data/ml_data/phase3_interleaved_ml_artifact_512mb.bin,chunk_oracle_best_size,1048576,316,331350016,1048576,270913,0.2583627700805664,zstd_19,5.605982726437242,0.4114856719970703,0.30791378021240234,256,1048576
results/phase3_interleaved/interleaved_1mb_oracle.adc,data/ml_data/phase3_interleaved_ml_artifact_512mb.bin,chunk_oracle_best_size,1048576,317,332398592,1048576,450504,0.42963409423828125,lzma_6,6.7055687015379375,0.4755516052246094,0.19136333465576172,256,1048576
results/phase3_interleaved/interleaved_1mb_oracle.adc,data/ml_data/phase3_interleaved_ml_artifact_512mb.bin,chunk_oracle_best_size,1048576,318,333447168,1048576,10752,0.01025390625,lzma_6,3.3986557122995418,0.5001621246337891,0.499786376953125,57,1048576
results/phase3_interleaved/interleaved_1mb_oracle.adc,data/ml_data/phase3_interleaved_ml_artifact_512mb.bin,chunk_oracle_best_size,1048576,319,334495744,1048576,455456,0.434356689453125,lzma_6,6.639022230749555,0.46622467041015625,0.1922588348388672,256,1048576
results/phase3_interleaved/interleaved_1mb_oracle.adc,data/ml_data/phase3_interleaved_ml_artifact_512mb.bin,chunk_oracle_best_size,1048576,320,335544320,1048576,185756,0.17715072631835938,lzma_6,5.51165583774332,0.43349170684814453,0.3077421188354492,256,1048576
results/phase3_interleaved/interleaved_1mb_oracle.adc,data/ml_data/phase3_interleaved_ml_artifact_512mb.bin,chunk_oracle_best_size,1048576,321,336592896,1048576,271292,0.2587242126464844,zstd_19,4.951262329783061,0.35284900665283203,0.44068431854248047,256,1048576
results/phase3_interleaved/interleaved_1mb_oracle.adc,data/ml_data/phase3_interleaved_ml_artifact_512mb.bin,chunk_oracle_best_size,1048576,322,337641472,1048576,186548,0.17790603637695312,lzma_6,4.850164783259231,0.36122703552246094,0.4409809112548828,256,1048576
results/phase3_interleaved/interleaved_1mb_oracle.adc,data/ml_data/phase3_interleaved_ml_artifact_512mb.bin,chunk_oracle_best_size,1048576,323,338690048,1048576,271030,0.25847434997558594,zstd_19,5.597954441930662,0.41123294830322266,0.30789661407470703,256,1048576
results/phase3_interleaved/interleaved_1mb_oracle.adc,data/ml_data/phase3_interleaved_ml_artifact_512mb.bin,chunk_oracle_best_size,1048576,324,339738624,1048576,450820,0.4299354553222656,lzma_6,6.711846804212377,0.46083545684814453,0.1912212371826172,256,1048576
results/phase3_interleaved/interleaved_1mb_oracle.adc,data/ml_data/phase3_interleaved_ml_artifact_512mb.bin,chunk_oracle_best_size,1048576,325,340787200,1048576,10856,0.01035308837890625,lzma_6,3.3934385419175626,0.5001621246337891,0.499786376953125,57,1048576
results/phase3_interleaved/interleaved_1mb_oracle.adc,data/ml_data/phase3_interleaved_ml_artifact_512mb.bin,chunk_oracle_best_size,1048576,326,341835776,1048576,455356,0.4342613220214844,lzma_6,6.658611162650666,0.47362613677978516,0.19217205047607422,256,1048576
results/phase3_interleaved/interleaved_1mb_oracle.adc,data/ml_data/phase3_interleaved_ml_artifact_512mb.bin,chunk_oracle_best_size,1048576,327,342884352,1048576,186464,0.177825927734375,lzma_6,5.518445656673929,0.4188251495361328,0.3074932098388672,256,1048576
results/phase3_interleaved/interleaved_1mb_oracle.adc,data/ml_data/phase3_interleaved_ml_artifact_512mb.bin,chunk_oracle_best_size,1048576,328,343932928,1048576,271262,0.2586956024169922,zstd_19,4.953397185801766,0.35233306884765625,0.44052696228027344,256,1048576
results/phase3_interleaved/interleaved_1mb_oracle.adc,data/ml_data/phase3_interleaved_ml_artifact_512mb.bin,chunk_oracle_best_size,1048576,329,344981504,1048576,193924,0.18494033813476562,lzma_6,4.846108878255905,0.3685426712036133,0.4410743713378906,256,1048576
results/phase3_interleaved/interleaved_1mb_oracle.adc,data/ml_data/phase3_interleaved_ml_artifact_512mb.bin,chunk_oracle_best_size,1048576,330,346030080,1048576,270915,0.2583646774291992,zstd_19,5.607041110780015,0.4126119613647461,0.30793094635009766,256,1048576
results/phase3_interleaved/interleaved_1mb_oracle.adc,data/ml_data/phase3_interleaved_ml_artifact_512mb.bin,chunk_oracle_best_size,1048576,331,347078656,1048576,454748,0.4336814880371094,lzma_6,6.695900633494004,0.4603910446166992,0.1931619644165039,256,1048576
results/phase3_interleaved/interleaved_1mb_oracle.adc,data/ml_data/phase3_interleaved_ml_artifact_512mb.bin,chunk_oracle_best_size,1048576,332,348127232,1048576,10732,0.010234832763671875,lzma_6,3.3991303560417188,0.5001621246337891,0.499786376953125,57,1048576
results/phase3_interleaved/interleaved_1mb_oracle.adc,data/ml_data/phase3_interleaved_ml_artifact_512mb.bin,chunk_oracle_best_size,1048576,333,349175808,1048576,455780,0.4346656799316406,lzma_6,6.658388777992106,0.46917724609375,0.19176197052001953,256,1048576
results/phase3_interleaved/interleaved_1mb_oracle.adc,data/ml_data/phase3_interleaved_ml_artifact_512mb.bin,chunk_oracle_best_size,1048576,334,350224384,1048576,189652,0.18086624145507812,lzma_6,5.529954747160515,0.4203634262084961,0.3074226379394531,256,1048576
results/phase3_interleaved/interleaved_1mb_oracle.adc,data/ml_data/phase3_interleaved_ml_artifact_512mb.bin,chunk_oracle_best_size,1048576,335,351272960,1048576,271306,0.25873756408691406,zstd_19,4.923748276479764,0.3559408187866211,0.4418506622314453,256,1048576
results/phase3_interleaved/interleaved_1mb_oracle.adc,data/ml_data/phase3_interleaved_ml_artifact_512mb.bin,chunk_oracle_best_size,1048576,336,352321536,1048576,189484,0.18070602416992188,lzma_6,4.8497568898269785,0.36583805084228516,0.4408912658691406,256,1048576
results/phase3_interleaved/interleaved_1mb_oracle.adc,data/ml_data/phase3_interleaved_ml_artifact_512mb.bin,chunk_oracle_best_size,1048576,337,353370112,1048576,270739,0.2581968307495117,zstd_19,5.608834492810574,0.4133110046386719,0.3078479766845703,256,1048576
results/phase3_interleaved/interleaved_1mb_oracle.adc,data/ml_data/phase3_interleaved_ml_artifact_512mb.bin,chunk_oracle_best_size,1048576,338,354418688,1048576,456432,0.4352874755859375,lzma_6,6.701472466853905,0.47060203552246094,0.19257164001464844,256,1048576
results/phase3_interleaved/interleaved_1mb_oracle.adc,data/ml_data/phase3_interleaved_ml_artifact_512mb.bin,chunk_oracle_best_size,1048576,339,355467264,1048576,9700,0.009250640869140625,lzma_6,3.4007834941278503,0.5001621246337891,0.499786376953125,57,1048576
results/phase3_interleaved/interleaved_1mb_oracle.adc,data/ml_data/phase3_interleaved_ml_artifact_512mb.bin,chunk_oracle_best_size,1048576,340,356515840,1048576,449672,0.42884063720703125,lzma_6,6.661079876178696,0.4651317596435547,0.191741943359375,256,1048576
results/phase3_interleaved/interleaved_1mb_oracle.adc,data/ml_data/phase3_interleaved_ml_artifact_512mb.bin,chunk_oracle_best_size,1048576,341,357564416,1048576,181172,0.17277908325195312,lzma_6,5.506441091777608,0.4189186096191406,0.30811119079589844,256,1048576
results/phase3_interleaved/interleaved_1mb_oracle.adc,data/ml_data/phase3_interleaved_ml_artifact_512mb.bin,chunk_oracle_best_size,1048576,342,358612992,1048576,271222,0.25865745544433594,zstd_19,4.932685687775532,0.3554039001464844,0.44144535064697266,256,1048576
results/phase3_interleaved/interleaved_1mb_oracle.adc,data/ml_data/phase3_interleaved_ml_artifact_512mb.bin,chunk_oracle_best_size,1048576,343,359661568,1048576,182320,0.1738739013671875,lzma_6,4.833931729588914,0.3686656951904297,0.44021129608154297,256,1048576
results/phase3_interleaved/interleaved_1mb_oracle.adc,data/ml_data/phase3_interleaved_ml_artifact_512mb.bin,chunk_oracle_best_size,1048576,344,360710144,1048576,271848,0.25925445556640625,zstd_19,5.606190171596847,0.41109752655029297,0.3079195022583008,256,1048576
results/phase3_interleaved/interleaved_1mb_oracle.adc,data/ml_data/phase3_interleaved_ml_artifact_512mb.bin,chunk_oracle_best_size,1048576,345,361758720,1048576,450064,0.4292144775390625,lzma_6,6.705999726384742,0.4698019027709961,0.19194793701171875,256,1048576
results/phase3_interleaved/interleaved_1mb_oracle.adc,data/ml_data/phase3_interleaved_ml_artifact_512mb.bin,chunk_oracle_best_size,1048576,346,362807296,1048576,10844,0.010341644287109375,lzma_6,3.400059001869196,0.5001621246337891,0.499786376953125,57,1048576
results/phase3_interleaved/interleaved_1mb_oracle.adc,data/ml_data/phase3_interleaved_ml_artifact_512mb.bin,chunk_oracle_best_size,1048576,347,363855872,1048576,452808,0.43183135986328125,lzma_6,6.661010422195402,0.46480846405029297,0.1915264129638672,256,1048576
results/phase3_interleaved/interleaved_1mb_oracle.adc,data/ml_data/phase3_interleaved_ml_artifact_512mb.bin,chunk_oracle_best_size,1048576,348,364904448,1048576,184276,0.17573928833007812,lzma_6,5.534562084200955,0.4254159927368164,0.3076801300048828,256,1048576
results/phase3_interleaved/interleaved_1mb_oracle.adc,data/ml_data/phase3_interleaved_ml_artifact_512mb.bin,chunk_oracle_best_size,1048576,349,365953024,1048576,271233,0.2586679458618164,zstd_19,4.939112883484883,0.3542490005493164,0.4411916732788086,256,1048576
results/phase3_interleaved/interleaved_1mb_oracle.adc,data/ml_data/phase3_interleaved_ml_artifact_512mb.bin,chunk_oracle_best_size,1048576,350,367001600,1048576,188060,0.17934799194335938,lzma_6,4.864256194955154,0.36314964294433594,0.4404335021972656,256,1048576
results/phase3_interleaved/interleaved_1mb_oracle.adc,data/ml_data/phase3_interleaved_ml_artifact_512mb.bin,chunk_oracle_best_size,1048576,351,368050176,1048576,270754,0.2582111358642578,zstd_19,5.606122361619258,0.41177940368652344,0.30791378021240234,256,1048576
results/phase3_interleaved/interleaved_1mb_oracle.adc,data/ml_data/phase3_interleaved_ml_artifact_512mb.bin,chunk_oracle_best_size,1048576,352,369098752,1048576,449704,0.42887115478515625,lzma_6,6.70041291188768,0.4727945327758789,0.19231510162353516,256,1048576
results/phase3_interleaved/interleaved_1mb_oracle.adc,data/ml_data/phase3_interleaved_ml_artifact_512mb.bin,chunk_oracle_best_size,1048576,353,370147328,1048576,10752,0.01025390625,lzma_6,3.3951839931256016,0.5001621246337891,0.499786376953125,57,1048576
results/phase3_interleaved/interleaved_1mb_oracle.adc,data/ml_data/phase3_interleaved_ml_artifact_512mb.bin,chunk_oracle_best_size,1048576,354,371195904,1048576,450972,0.4300804138183594,lzma_6,6.634461827202852,0.4770021438598633,0.19302082061767578,256,1048576
results/phase3_interleaved/interleaved_1mb_oracle.adc,data/ml_data/phase3_interleaved_ml_artifact_512mb.bin,chunk_oracle_best_size,1048576,355,372244480,1048576,188424,0.17969512939453125,lzma_6,5.5306454327390675,0.43067455291748047,0.307525634765625,256,1048576
results/phase3_interleaved/interleaved_1mb_oracle.adc,data/ml_data/phase3_interleaved_ml_artifact_512mb.bin,chunk_oracle_best_size,1048576,356,373293056,1048576,271284,0.2587165832519531,zstd_19,4.94341974923495,0.3536548614501953,0.4409666061401367,256,1048576
results/phase3_interleaved/interleaved_1mb_oracle.adc,data/ml_data/phase3_interleaved_ml_artifact_512mb.bin,chunk_oracle_best_size,1048576,357,374341632,1048576,184560,0.1760101318359375,lzma_6,4.819773375288004,0.3657035827636719,0.4417076110839844,256,1048576
results/phase3_interleaved/interleaved_1mb_oracle.adc,data/ml_data/phase3_interleaved_ml_artifact_512mb.bin,chunk_oracle_best_size,1048576,358,375390208,1048576,270706,0.2581653594970703,zstd_19,5.605662274306428,0.41176700592041016,0.30788230895996094,256,1048576
results/phase3_interleaved/interleaved_1mb_oracle.adc,data/ml_data/phase3_interleaved_ml_artifact_512mb.bin,chunk_oracle_best_size,1048576,359,376438784,1048576,451292,0.4303855895996094,lzma_6,6.701901094257861,0.45960521697998047,0.19193267822265625,256,1048576
results/phase3_interleaved/interleaved_1mb_oracle.adc,data/ml_data/phase3_interleaved_ml_artifact_512mb.bin,chunk_oracle_best_size,1048576,360,377487360,1048576,11128,0.01061248779296875,lzma_6,3.3943109630168578,0.5001621246337891,0.499786376953125,57,1048576
results/phase3_interleaved/interleaved_1mb_oracle.adc,data/ml_data/phase3_interleaved_ml_artifact_512mb.bin,chunk_oracle_best_size,1048576,361,378535936,1048576,455032,0.43395233154296875,lzma_6,6.635120934007313,0.4644460678100586,0.19250106811523438,256,1048576
results/phase3_interleaved/interleaved_1mb_oracle.adc,data/ml_data/phase3_interleaved_ml_artifact_512mb.bin,chunk_oracle_best_size,1048576,362,379584512,1048576,188200,0.17948150634765625,lzma_6,5.5037082564240825,0.42073726654052734,0.30769824981689453,256,1048576
results/phase3_interleaved/interleaved_1mb_oracle.adc,data/ml_data/phase3_interleaved_ml_artifact_512mb.bin,chunk_oracle_best_size,1048576,363,380633088,1048576,271224,0.25865936279296875,zstd_19,4.947511570433884,0.35309505462646484,0.4408121109008789,256,1048576
results/phase3_interleaved/interleaved_1mb_oracle.adc,data/ml_data/phase3_interleaved_ml_artifact_512mb.bin,chunk_oracle_best_size,1048576,364,381681664,1048576,190880,0.182037353515625,lzma_6,4.835188013864636,0.36884498596191406,0.4412574768066406,256,1048576
results/phase3_interleaved/interleaved_1mb_oracle.adc,data/ml_data/phase3_interleaved_ml_artifact_512mb.bin,chunk_oracle_best_size,1048576,365,382730240,1048576,270968,0.25841522216796875,zstd_19,5.604014723914381,0.41196250915527344,0.30789947509765625,256,1048576
results/phase3_interleaved/interleaved_1mb_oracle.adc,data/ml_data/phase3_interleaved_ml_artifact_512mb.bin,chunk_oracle_best_size,1048576,366,383778816,1048576,449732,0.4288978576660156,lzma_6,6.705373318327035,0.46173954010009766,0.19161128997802734,256,1048576
results/phase3_interleaved/interleaved_1mb_oracle.adc,data/ml_data/phase3_interleaved_ml_artifact_512mb.bin,chunk_oracle_best_size,1048576,367,384827392,1048576,10748,0.010250091552734375,lzma_6,3.400417361508807,0.5001621246337891,0.499786376953125,57,1048576
results/phase3_interleaved/interleaved_1mb_oracle.adc,data/ml_data/phase3_interleaved_ml_artifact_512mb.bin,chunk_oracle_best_size,1048576,368,385875968,1048576,453264,0.4322662353515625,lzma_6,6.63463352020259,0.47040462493896484,0.19218158721923828,256,1048576
results/phase3_interleaved/interleaved_1mb_oracle.adc,data/ml_data/phase3_interleaved_ml_artifact_512mb.bin,chunk_oracle_best_size,1048576,369,386924544,1048576,182220,0.17377853393554688,lzma_6,5.527137647643425,0.43703651428222656,0.30767059326171875,256,1048576
results/phase3_interleaved/interleaved_1mb_oracle.adc,data/ml_data/phase3_interleaved_ml_artifact_512mb.bin,chunk_oracle_best_size,1048576,370,387973120,1048576,271321,0.25875186920166016,zstd_19,4.953685025620382,0.3523540496826172,0.4406261444091797,256,1048576
results/phase3_interleaved/interleaved_1mb_oracle.adc,data/ml_data/phase3_interleaved_ml_artifact_512mb.bin,chunk_oracle_best_size,1048576,371,389021696,1048576,185164,0.17658615112304688,lzma_6,4.8466037108341835,0.36585044860839844,0.4412717819213867,256,1048576
results/phase3_interleaved/interleaved_1mb_oracle.adc,data/ml_data/phase3_interleaved_ml_artifact_512mb.bin,chunk_oracle_best_size,1048576,372,390070272,1048576,270582,0.25804710388183594,zstd_19,5.6066516709531795,0.4124412536621094,0.3078432083129883,256,1048576
results/phase3_interleaved/interleaved_1mb_oracle.adc,data/ml_data/phase3_interleaved_ml_artifact_512mb.bin,chunk_oracle_best_size,1048576,373,391118848,1048576,454236,0.4331932067871094,lzma_6,6.721187400671251,0.4594841003417969,0.19146060943603516,256,1048576
results/phase3_interleaved/interleaved_1mb_oracle.adc,data/ml_data/phase3_interleaved_ml_artifact_512mb.bin,chunk_oracle_best_size,1048576,374,392167424,1048576,10812,0.010311126708984375,lzma_6,3.399121056380439,0.5001621246337891,0.499786376953125,57,1048576
results/phase3_interleaved/interleaved_1mb_oracle.adc,data/ml_data/phase3_interleaved_ml_artifact_512mb.bin,chunk_oracle_best_size,1048576,375,393216000,1048576,455696,0.4345855712890625,lzma_6,6.672156034488622,0.4558744430541992,0.19201278686523438,256,1048576
results/phase3_interleaved/interleaved_1mb_oracle.adc,data/ml_data/phase3_interleaved_ml_artifact_512mb.bin,chunk_oracle_best_size,1048576,376,394264576,1048576,187808,0.179107666015625,lzma_6,5.524029347476136,0.4293479919433594,0.30745887756347656,256,1048576
results/phase3_interleaved/interleaved_1mb_oracle.adc,data/ml_data/phase3_interleaved_ml_artifact_512mb.bin,chunk_oracle_best_size,1048576,377,395313152,1048576,271191,0.25862789154052734,zstd_19,4.918518000860498,0.35663890838623047,0.44202709197998047,256,1048576
results/phase3_interleaved/interleaved_1mb_oracle.adc,data/ml_data/phase3_interleaved_ml_artifact_512mb.bin,chunk_oracle_best_size,1048576,378,396361728,1048576,185512,0.17691802978515625,lzma_6,4.842898198157615,0.37409400939941406,0.4405183792114258,256,1048576
results/phase3_interleaved/interleaved_1mb_oracle.adc,data/ml_data/phase3_interleaved_ml_artifact_512mb.bin,chunk_oracle_best_size,1048576,379,397410304,1048576,270945,0.2583932876586914,zstd_19,5.605633352301638,0.4134817123413086,0.30785560607910156,256,1048576
results/phase3_interleaved/interleaved_1mb_oracle.adc,data/ml_data/phase3_interleaved_ml_artifact_512mb.bin,chunk_oracle_best_size,1048576,380,398458880,1048576,454188,0.4331474304199219,lzma_6,6.692284903946748,0.47026634216308594,0.19269371032714844,256,1048576
results/phase3_interleaved/interleaved_1mb_oracle.adc,data/ml_data/phase3_interleaved_ml_artifact_512mb.bin,chunk_oracle_best_size,1048576,381,399507456,1048576,10756,0.010257720947265625,lzma_6,3.400271622579206,0.5001621246337891,0.499786376953125,57,1048576
results/phase3_interleaved/interleaved_1mb_oracle.adc,data/ml_data/phase3_interleaved_ml_artifact_512mb.bin,chunk_oracle_best_size,1048576,382,400556032,1048576,454332,0.4332847595214844,lzma_6,6.6698290750614415,0.46634578704833984,0.19175434112548828,256,1048576
results/phase3_interleaved/interleaved_1mb_oracle.adc,data/ml_data/phase3_interleaved_ml_artifact_512mb.bin,chunk_oracle_best_size,1048576,383,401604608,1048576,187752,0.17905426025390625,lzma_6,5.535148081556558,0.4176015853881836,0.3077077865600586,256,1048576
results/phase3_interleaved/interleaved_1mb_oracle.adc,data/ml_data/phase3_interleaved_ml_artifact_512mb.bin,chunk_oracle_best_size,1048576,384,402653184,1048576,271280,0.2587127685546875,zstd_19,4.927822252264325,0.3556509017944336,0.4416694641113281,256,1048576
results/phase3_interleaved/interleaved_1mb_oracle.adc,data/ml_data/phase3_interleaved_ml_artifact_512mb.bin,chunk_oracle_best_size,1048576,385,403701760,1048576,190620,0.18178939819335938,lzma_6,4.852479861272722,0.36342811584472656,0.4405040740966797,256,1048576
results/phase3_interleaved/interleaved_1mb_oracle.adc,data/ml_data/phase3_interleaved_ml_artifact_512mb.bin,chunk_oracle_best_size,1048576,386,404750336,1048576,272400,0.2597808837890625,lzma_6,5.605236941239645,0.4117393493652344,0.3078794479370117,256,1048576
results/phase3_interleaved/interleaved_1mb_oracle.adc,data/ml_data/phase3_interleaved_ml_artifact_512mb.bin,chunk_oracle_best_size,1048576,387,405798912,1048576,450160,0.4293060302734375,lzma_6,6.7006844867841036,0.4634971618652344,0.19225311279296875,256,1048576
results/phase3_interleaved/interleaved_1mb_oracle.adc,data/ml_data/phase3_interleaved_ml_artifact_512mb.bin,chunk_oracle_best_size,1048576,388,406847488,1048576,10760,0.01026153564453125,lzma_6,3.39906743263743,0.5001621246337891,0.499786376953125,57,1048576
results/phase3_interleaved/interleaved_1mb_oracle.adc,data/ml_data/phase3_interleaved_ml_artifact_512mb.bin,chunk_oracle_best_size,1048576,389,407896064,1048576,454276,0.4332313537597656,lzma_6,6.651988635071313,0.4630413055419922,0.1917133331298828,256,1048576
results/phase3_interleaved/interleaved_1mb_oracle.adc,data/ml_data/phase3_interleaved_ml_artifact_512mb.bin,chunk_oracle_best_size,1048576,390,408944640,1048576,186440,0.17780303955078125,lzma_6,5.525893902460349,0.4322853088378906,0.3078794479370117,256,1048576
results/phase3_interleaved/interleaved_1mb_oracle.adc,data/ml_data/phase3_interleaved_ml_artifact_512mb.bin,chunk_oracle_best_size,1048576,391,409993216,1048576,271248,0.2586822509765625,zstd_19,4.933244882630331,0.3544635772705078,0.44139766693115234,256,1048576
results/phase3_interleaved/interleaved_1mb_oracle.adc,data/ml_data/phase3_interleaved_ml_artifact_512mb.bin,chunk_oracle_best_size,1048576,392,411041792,1048576,188560,0.1798248291015625,lzma_6,4.8645674212064955,0.36060047149658203,0.4407033920288086,256,1048576
results/phase3_interleaved/interleaved_1mb_oracle.adc,data/ml_data/phase3_interleaved_ml_artifact_512mb.bin,chunk_oracle_best_size,1048576,393,412090368,1048576,270996,0.2584419250488281,zstd_19,5.607392690111533,0.41333675384521484,0.30792808532714844,256,1048576
results/phase3_interleaved/interleaved_1mb_oracle.adc,data/ml_data/phase3_interleaved_ml_artifact_512mb.bin,chunk_oracle_best_size,1048576,394,413138944,1048576,445820,0.4251670837402344,lzma_6,6.709675570619375,0.4625864028930664,0.1920604705810547,256,1048576
results/phase3_interleaved/interleaved_1mb_oracle.adc,data/ml_data/phase3_interleaved_ml_artifact_512mb.bin,chunk_oracle_best_size,1048576,395,414187520,1048576,10732,0.010234832763671875,lzma_6,3.4006466956599835,0.5001621246337891,0.499786376953125,57,1048576
results/phase3_interleaved/interleaved_1mb_oracle.adc,data/ml_data/phase3_interleaved_ml_artifact_512mb.bin,chunk_oracle_best_size,1048576,396,415236096,1048576,449884,0.4290428161621094,lzma_6,6.6744054038456415,0.46018314361572266,0.19154071807861328,256,1048576
results/phase3_interleaved/interleaved_1mb_oracle.adc,data/ml_data/phase3_interleaved_ml_artifact_512mb.bin,chunk_oracle_best_size,1048576,397,416284672,1048576,184164,0.17563247680664062,lzma_6,5.511543034918033,0.42669105529785156,0.3076763153076172,256,1048576
results/phase3_interleaved/interleaved_1mb_oracle.adc,data/ml_data/phase3_interleaved_ml_artifact_512mb.bin,chunk_oracle_best_size,1048576,398,417333248,1048576,271347,0.2587766647338867,zstd_19,4.94159547653878,0.3541078567504883,0.4411458969116211,256,1048576
results/phase3_interleaved/interleaved_1mb_oracle.adc,data/ml_data/phase3_interleaved_ml_artifact_512mb.bin,chunk_oracle_best_size,1048576,399,418381824,1048576,191300,0.18243789672851562,lzma_6,4.835411515310374,0.3684568405151367,0.44214439392089844,256,1048576
results/phase3_interleaved/interleaved_1mb_oracle.adc,data/ml_data/phase3_interleaved_ml_artifact_512mb.bin,chunk_oracle_best_size,1048576,400,419430400,1048576,270719,0.2581777572631836,zstd_19,5.605089798122836,0.41217613220214844,0.3079967498779297,256,1048576
results/phase3_interleaved/interleaved_1mb_oracle.adc,data/ml_data/phase3_interleaved_ml_artifact_512mb.bin,chunk_oracle_best_size,1048576,401,420478976,1048576,450780,0.4298973083496094,lzma_6,6.708193685160112,0.4616508483886719,0.19203662872314453,256,1048576
results/phase3_interleaved/interleaved_1mb_oracle.adc,data/ml_data/phase3_interleaved_ml_artifact_512mb.bin,chunk_oracle_best_size,1048576,402,421527552,1048576,9860,0.009403228759765625,lzma_6,3.3972486924905905,0.5001621246337891,0.499786376953125,57,1048576
results/phase3_interleaved/interleaved_1mb_oracle.adc,data/ml_data/phase3_interleaved_ml_artifact_512mb.bin,chunk_oracle_best_size,1048576,403,422576128,1048576,453796,0.4327735900878906,lzma_6,6.64229314389586,0.46706676483154297,0.1927042007446289,256,1048576
results/phase3_interleaved/interleaved_1mb_oracle.adc,data/ml_data/phase3_interleaved_ml_artifact_512mb.bin,chunk_oracle_best_size,1048576,404,423624704,1048576,182352,0.1739044189453125,lzma_6,5.503237668605485,0.4346303939819336,0.3079824447631836,256,1048576
results/phase3_interleaved/interleaved_1mb_oracle.adc,data/ml_data/phase3_interleaved_ml_artifact_512mb.bin,chunk_oracle_best_size,1048576,405,424673280,1048576,271222,0.25865745544433594,zstd_19,4.943982332956222,0.3533973693847656,0.44081592559814453,256,1048576
results/phase3_interleaved/interleaved_1mb_oracle.adc,data/ml_data/phase3_interleaved_ml_artifact_512mb.bin,chunk_oracle_best_size,1048576,406,425721856,1048576,187216,0.1785430908203125,lzma_6,4.8192396549626855,0.37808895111083984,0.4414253234863281,256,1048576
results/phase3_interleaved/interleaved_1mb_oracle.adc,data/ml_data/phase3_interleaved_ml_artifact_512mb.bin,chunk_oracle_best_size,1048576,407,426770432,1048576,270742,0.25819969177246094,zstd_19,5.607877470276462,0.4124422073364258,0.30789661407470703,256,1048576
results/phase3_interleaved/interleaved_1mb_oracle.adc,data/ml_data/phase3_interleaved_ml_artifact_512mb.bin,chunk_oracle_best_size,1048576,408,427819008,1048576,451840,0.430908203125,lzma_6,6.709896400162334,0.4546985626220703,0.19172096252441406,256,1048576
results/phase3_interleaved/interleaved_1mb_oracle.adc,data/ml_data/phase3_interleaved_ml_artifact_512mb.bin,chunk_oracle_best_size,1048576,409,428867584,1048576,10840,0.01033782958984375,lzma_6,3.397149295269384,0.5001621246337891,0.499786376953125,57,1048576
results/phase3_interleaved/interleaved_1mb_oracle.adc,data/ml_data/phase3_interleaved_ml_artifact_512mb.bin,chunk_oracle_best_size,1048576,410,429916160,1048576,455276,0.4341850280761719,lzma_6,6.647588707821346,0.4702415466308594,0.19209766387939453,256,1048576
results/phase3_interleaved/interleaved_1mb_oracle.adc,data/ml_data/phase3_interleaved_ml_artifact_512mb.bin,chunk_oracle_best_size,1048576,411,430964736,1048576,186608,0.1779632568359375,lzma_6,5.5095028978567395,0.4244070053100586,0.30756473541259766,256,1048576
results/phase3_interleaved/interleaved_1mb_oracle.adc,data/ml_data/phase3_interleaved_ml_artifact_512mb.bin,chunk_oracle_best_size,1048576,412,432013312,1048576,271216,0.2586517333984375,zstd_19,4.952322397833013,0.35248851776123047,0.44069480895996094,256,1048576
results/phase3_interleaved/interleaved_1mb_oracle.adc,data/ml_data/phase3_interleaved_ml_artifact_512mb.bin,chunk_oracle_best_size,1048576,413,433061888,1048576,186780,0.17812728881835938,lzma_6,4.8293034870343305,0.3746509552001953,0.44089794158935547,256,1048576
results/phase3_interleaved/interleaved_1mb_oracle.adc,data/ml_data/phase3_interleaved_ml_artifact_512mb.bin,chunk_oracle_best_size,1048576,414,434110464,1048576,270759,0.25821590423583984,zstd_19,5.604976948803482,0.4112520217895508,0.3078727722167969,256,1048576
results/phase3_interleaved/interleaved_1mb_oracle.adc,data/ml_data/phase3_interleaved_ml_artifact_512mb.bin,chunk_oracle_best_size,1048576,415,435159040,1048576,451632,0.4307098388671875,lzma_6,6.713755448600117,0.45627784729003906,0.1913928985595703,256,1048576
results/phase3_interleaved/interleaved_1mb_oracle.adc,data/ml_data/phase3_interleaved_ml_artifact_512mb.bin,chunk_oracle_best_size,1048576,416,436207616,1048576,10756,0.010257720947265625,lzma_6,3.3949241206607668,0.5001621246337891,0.499786376953125,57,1048576
results/phase3_interleaved/interleaved_1mb_oracle.adc,data/ml_data/phase3_interleaved_ml_artifact_512mb.bin,chunk_oracle_best_size,1048576,417,437256192,1048576,457616,0.4364166259765625,lzma_6,6.664870754400523,0.46276092529296875,0.1918325424194336,256,1048576
results/phase3_interleaved/interleaved_1mb_oracle.adc,data/ml_data/phase3_interleaved_ml_artifact_512mb.bin,chunk_oracle_best_size,1048576,418,438304768,1048576,185800,0.17719268798828125,lzma_6,5.51402091443391,0.4297943115234375,0.3077678680419922,256,1048576
results/phase3_interleaved/interleaved_1mb_oracle.adc,data/ml_data/phase3_interleaved_ml_artifact_512mb.bin,chunk_oracle_best_size,1048576,419,439353344,1048576,271272,0.25870513916015625,zstd_19,4.9558865608242995,0.35245418548583984,0.44054412841796875,256,1048576
results/phase3_interleaved/interleaved_1mb_oracle.adc,data/ml_data/phase3_interleaved_ml_artifact_512mb.bin,chunk_oracle_best_size,1048576,420,440401920,1048576,187524,0.17883682250976562,lzma_6,4.837215042824636,0.3723745346069336,0.4408855438232422,256,1048576
results/phase3_interleaved/interleaved_1mb_oracle.adc,data/ml_data/phase3_interleaved_ml_artifact_512mb.bin,chunk_oracle_best_size,1048576,421,441450496,1048576,270707,0.2581663131713867,zstd_19,5.6061797695687545,0.4117288589477539,0.30791664123535156,256,1048576
results/phase3_interleaved/interleaved_1mb_oracle.adc,data/ml_data/phase3_interleaved_ml_artifact_512mb.bin,chunk_oracle_best_size,1048576,422,442499072,1048576,448508,0.4277305603027344,lzma_6,6.675193185837195,0.4660367965698242,0.19272327423095703,256,1048576
results/phase3_interleaved/interleaved_1mb_oracle.adc,data/ml_data/phase3_interleaved_ml_artifact_512mb.bin,chunk_oracle_best_size,1048576,423,443547648,1048576,10792,0.01029205322265625,lzma_6,3.3986902049701793,0.5001621246337891,0.499786376953125,57,1048576
results/phase3_interleaved/interleaved_1mb_oracle.adc,data/ml_data/phase3_interleaved_ml_artifact_512mb.bin,chunk_oracle_best_size,1048576,424,444596224,1048576,452412,0.4314537048339844,lzma_6,6.6627387952003945,0.46613597869873047,0.191802978515625,256,1048576
results/phase3_interleaved/interleaved_1mb_oracle.adc,data/ml_data/phase3_interleaved_ml_artifact_512mb.bin,chunk_oracle_best_size,1048576,425,445644800,1048576,188968,0.18021392822265625,lzma_6,5.524284777063775,0.42353343963623047,0.3076515197753906,256,1048576
results/phase3_interleaved/interleaved_1mb_oracle.adc,data/ml_data/phase3_interleaved_ml_artifact_512mb.bin,chunk_oracle_best_size,1048576,426,446693376,1048576,271213,0.2586488723754883,zstd_19,4.925443469540898,0.3562145233154297,0.4418306350708008,256,1048576
results/phase3_interleaved/interleaved_1mb_oracle.adc,data/ml_data/phase3_interleaved_ml_artifact_512mb.bin,chunk_oracle_best_size,1048576,427,447741952,1048576,184832,0.17626953125,lzma_6,4.836447169542254,0.36327457427978516,0.44059181213378906,256,1048576
results/phase3_interleaved/interleaved_1mb_oracle.adc,data/ml_data/phase3_interleaved_ml_artifact_512mb.bin,chunk_oracle_best_size,1048576,428,448790528,1048576,270964,0.2584114074707031,zstd_19,5.605532425877203,0.41353607177734375,0.307891845703125,256,1048576
results/phase3_interleaved/interleaved_1mb_oracle.adc,data/ml_data/phase3_interleaved_ml_artifact_512mb.bin,chunk_oracle_best_size,1048576,429,449839104,1048576,449468,0.4286460876464844,lzma_6,6.684692438585878,0.4665994644165039,0.19231891632080078,256,1048576
results/phase3_interleaved/interleaved_1mb_oracle.adc,data/ml_data/phase3_interleaved_ml_artifact_512mb.bin,chunk_oracle_best_size,1048576,430,450887680,1048576,10748,0.010250091552734375,lzma_6,3.3981703524816242,0.5001621246337891,0.499786376953125,57,1048576
results/phase3_interleaved/interleaved_1mb_oracle.adc,data/ml_data/phase3_interleaved_ml_artifact_512mb.bin,chunk_oracle_best_size,1048576,431,451936256,1048576,456884,0.4357185363769531,lzma_6,6.669621915069887,0.4486684799194336,0.19183731079101562,256,1048576
results/phase3_interleaved/interleaved_1mb_oracle.adc,data/ml_data/phase3_interleaved_ml_artifact_512mb.bin,chunk_oracle_best_size,1048576,432,452984832,1048576,183560,0.17505645751953125,lzma_6,5.50484099694352,0.43173980712890625,0.3080329895019531,256,1048576
results/phase3_interleaved/interleaved_1mb_oracle.adc,data/ml_data/phase3_interleaved_ml_artifact_512mb.bin,chunk_oracle_best_size,1048576,433,454033408,1048576,271324,0.2587547302246094,zstd_19,4.932345117742764,0.3550100326538086,0.44150447845458984,256,1048576
results/phase3_interleaved/interleaved_1mb_oracle.adc,data/ml_data/phase3_interleaved_ml_artifact_512mb.bin,chunk_oracle_best_size,1048576,434,455081984,1048576,190632,0.18180084228515625,lzma_6,4.854571106586617,0.3705158233642578,0.44040870666503906,256,1048576
results/phase3_interleaved/interleaved_1mb_oracle.adc,data/ml_data/phase3_interleaved_ml_artifact_512mb.bin,chunk_oracle_best_size,1048576,435,456130560,1048576,270586,0.25805091857910156,zstd_19,5.606808058668934,0.4114694595336914,0.3078927993774414,256,1048576
results/phase3_interleaved/interleaved_1mb_oracle.adc,data/ml_data/phase3_interleaved_ml_artifact_512mb.bin,chunk_oracle_best_size,1048576,436,457179136,1048576,449628,0.4287986755371094,lzma_6,6.704709101500411,0.46843528747558594,0.19205474853515625,256,1048576
results/phase3_interleaved/interleaved_1mb_oracle.adc,data/ml_data/phase3_interleaved_ml_artifact_512mb.bin,chunk_oracle_best_size,1048576,437,458227712,1048576,10812,0.010311126708984375,lzma_6,3.402298980220257,0.5001621246337891,0.499786376953125,57,1048576
results/phase3_interleaved/interleaved_1mb_oracle.adc,data/ml_data/phase3_interleaved_ml_artifact_512mb.bin,chunk_oracle_best_size,1048576,438,459276288,1048576,455080,0.43399810791015625,lzma_6,6.674830074010035,0.46573829650878906,0.19147682189941406,256,1048576
results/phase3_interleaved/interleaved_1mb_oracle.adc,data/ml_data/phase3_interleaved_ml_artifact_512mb.bin,chunk_oracle_best_size,1048576,439,460324864,1048576,190688,0.181854248046875,lzma_6,5.527482594663913,0.4327821731567383,0.30751514434814453,256,1048576
results/phase3_interleaved/interleaved_1mb_oracle.adc,data/ml_data/phase3_interleaved_ml_artifact_512mb.bin,chunk_oracle_best_size,1048576,440,461373440,1048576,271211,0.25864696502685547,zstd_19,4.9393221109130305,0.3538694381713867,0.44122982025146484,256,1048576
results/phase3_interleaved/interleaved_1mb_oracle.adc,data/ml_data/phase3_interleaved_ml_artifact_512mb.bin,chunk_oracle_best_size,1048576,441,462422016,1048576,189012,0.18025588989257812,lzma_6,4.85868542195528,0.36148548126220703,0.44085025787353516,256,1048576
results/phase3_interleaved/interleaved_1mb_oracle.adc,data/ml_data/phase3_interleaved_ml_artifact_512mb.bin,chunk_oracle_best_size,1048576,442,463470592,1048576,270918,0.25836753845214844,zstd_19,5.606646090631366,0.4113883972167969,0.30809783935546875,256,1048576
results/phase3_interleaved/interleaved_1mb_oracle.adc,data/ml_data/phase3_interleaved_ml_artifact_512mb.bin,chunk_oracle_best_size,1048576,443,464519168,1048576,453244,0.4322471618652344,lzma_6,6.695158127238906,0.46152210235595703,0.19206619262695312,256,1048576
results/phase3_interleaved/interleaved_1mb_oracle.adc,data/ml_data/phase3_interleaved_ml_artifact_512mb.bin,chunk_oracle_best_size,1048576,444,465567744,1048576,10752,0.01025390625,lzma_6,3.399745442907045,0.5001621246337891,0.499786376953125,57,1048576
results/phase3_interleaved/interleaved_1mb_oracle.adc,data/ml_data/phase3_interleaved_ml_artifact_512mb.bin,chunk_oracle_best_size,1048576,445,466616320,1048576,450220,0.4293632507324219,lzma_6,6.631737675586905,0.46807193756103516,0.19293975830078125,256,1048576
results/phase3_interleaved/interleaved_1mb_oracle.adc,data/ml_data/phase3_interleaved_ml_artifact_512mb.bin,chunk_oracle_best_size,1048576,446,467664896,1048576,183796,0.17528152465820312,lzma_6,5.522673195652363,0.42938899993896484,0.3075141906738281,256,1048576
results/phase3_interleaved/interleaved_1mb_oracle.adc,data/ml_data/phase3_interleaved_ml_artifact_512mb.bin,chunk_oracle_best_size,1048576,447,468713472,1048576,271290,0.25872230529785156,zstd_19,4.945704247757492,0.35354042053222656,0.4409618377685547,256,1048576
results/phase3_interleaved/interleaved_1mb_oracle.adc,data/ml_data/phase3_interleaved_ml_artifact_512mb.bin,chunk_oracle_best_size,1048576,448,469762048,1048576,185712,0.1771087646484375,lzma_6,4.8116605141577695,0.3746194839477539,0.44187164306640625,256,1048576
results/phase3_interleaved/interleaved_1mb_oracle.adc,data/ml_data/phase3_interleaved_ml_artifact_512mb.bin,chunk_oracle_best_size,1048576,449,470810624,1048576,272384,0.259765625,lzma_6,5.597061836630736,0.41255664825439453,0.3079204559326172,256,1048576
results/phase3_interleaved/interleaved_1mb_oracle.adc,data/ml_data/phase3_interleaved_ml_artifact_512mb.bin,chunk_oracle_best_size,1048576,450,471859200,1048576,451132,0.4302330017089844,lzma_6,6.71643790832326,0.46515560150146484,0.19158935546875,256,1048576
results/phase3_interleaved/interleaved_1mb_oracle.adc,data/ml_data/phase3_interleaved_ml_artifact_512mb.bin,chunk_oracle_best_size,1048576,451,472907776,1048576,10760,0.01026153564453125,lzma_6,3.398208275084026,0.5001621246337891,0.499786376953125,57,1048576
results/phase3_interleaved/interleaved_1mb_oracle.adc,data/ml_data/phase3_interleaved_ml_artifact_512mb.bin,chunk_oracle_best_size,1048576,452,473956352,1048576,456780,0.4356193542480469,lzma_6,6.643177679915519,0.45799827575683594,0.19249534606933594,256,1048576
results/phase3_interleaved/interleaved_1mb_oracle.adc,data/ml_data/phase3_interleaved_ml_artifact_512mb.bin,chunk_oracle_best_size,1048576,453,475004928,1048576,186676,0.17802810668945312,lzma_6,5.534170168557927,0.4276285171508789,0.3074789047241211,256,1048576
results/phase3_interleaved/interleaved_1mb_oracle.adc,data/ml_data/phase3_interleaved_ml_artifact_512mb.bin,chunk_oracle_best_size,1048576,454,476053504,1048576,271254,0.25868797302246094,zstd_19,4.945831413584556,0.35253047943115234,0.4407787322998047,256,1048576
results/phase3_interleaved/interleaved_1mb_oracle.adc,data/ml_data/phase3_interleaved_ml_artifact_512mb.bin,chunk_oracle_best_size,1048576,455,477102080,1048576,186980,0.17831802368164062,lzma_6,4.841720209695769,0.3751688003540039,0.44100189208984375,256,1048576
results/phase3_interleaved/interleaved_1mb_oracle.adc,data/ml_data/phase3_interleaved_ml_artifact_512mb.bin,chunk_oracle_best_size,1048576,456,478150656,1048576,270958,0.2584056854248047,zstd_19,5.606724810628219,0.41158294677734375,0.3078746795654297,256,1048576
results/phase3_interleaved/interleaved_1mb_oracle.adc,data/ml_data/phase3_interleaved_ml_artifact_512mb.bin,chunk_oracle_best_size,1048576,457,479199232,1048576,451856,0.4309234619140625,lzma_6,6.714956367835504,0.45992565155029297,0.1914987564086914,256,1048576
results/phase3_interleaved/interleaved_1mb_oracle.adc,data/ml_data/phase3_interleaved_ml_artifact_512mb.bin,chunk_oracle_best_size,1048576,458,480247808,1048576,10736,0.0102386474609375,lzma_6,3.400242113502497,0.5001621246337891,0.499786376953125,57,1048576
results/phase3_interleaved/interleaved_1mb_oracle.adc,data/ml_data/phase3_interleaved_ml_artifact_512mb.bin,chunk_oracle_best_size,1048576,459,481296384,1048576,456000,0.43487548828125,lzma_6,6.654493025543664,0.46500587463378906,0.19222354888916016,256,1048576
results/phase3_interleaved/interleaved_1mb_oracle.adc,data/ml_data/phase3_interleaved_ml_artifact_512mb.bin,chunk_oracle_best_size,1048576,460,482344960,1048576,184184,0.17565155029296875,lzma_6,5.5039273010949605,0.4330930709838867,0.307952880859375,256,1048576
results/phase3_interleaved/interleaved_1mb_oracle.adc,data/ml_data/phase3_interleaved_ml_artifact_512mb.bin,chunk_oracle_best_size,1048576,461,483393536,1048576,271359,0.2587881088256836,zstd_19,4.954899430801518,0.3525390625,0.4405956268310547,256,1048576
results/phase3_interleaved/interleaved_1mb_oracle.adc,data/ml_data/phase3_interleaved_ml_artifact_512mb.bin,chunk_oracle_best_size,1048576,462,484442112,1048576,192840,0.18390655517578125,lzma_6,4.870382030932184,0.37351131439208984,0.4409618377685547,256,1048576
results/phase3_interleaved/interleaved_1mb_oracle.adc,data/ml_data/phase3_interleaved_ml_artifact_512mb.bin,chunk_oracle_best_size,1048576,463,485490688,1048576,270717,0.2581758499145508,zstd_19,5.605299261078057,0.4131460189819336,0.3079071044921875,256,1048576
results/phase3_interleaved/interleaved_1mb_oracle.adc,data/ml_data/phase3_interleaved_ml_artifact_512mb.bin,chunk_oracle_best_size,1048576,464,486539264,1048576,450764,0.4298820495605469,lzma_6,6.718327083355294,0.45984554290771484,0.19141674041748047,256,1048576
results/phase3_interleaved/interleaved_1mb_oracle.adc,data/ml_data/phase3_interleaved_ml_artifact_512mb.bin,chunk_oracle_best_size,1048576,465,487587840,1048576,10792,0.01029205322265625,lzma_6,3.398838873818864,0.5001621246337891,0.499786376953125,57,1048576
results/phase3_interleaved/interleaved_1mb_oracle.adc,data/ml_data/phase3_interleaved_ml_artifact_512mb.bin,chunk_oracle_best_size,1048576,466,488636416,1048576,461204,0.4398384094238281,lzma_6,6.67408214520534,0.46660518646240234,0.19185256958007812,256,1048576
results/phase3_interleaved/interleaved_1mb_oracle.adc,data/ml_data/phase3_interleaved_ml_artifact_512mb.bin,chunk_oracle_best_size,1048576,467,489684992,1048576,188436,0.17970657348632812,lzma_6,5.5333045259021665,0.4294700622558594,0.30744075775146484,256,1048576
results/phase3_interleaved/interleaved_1mb_oracle.adc,data/ml_data/phase3_interleaved_ml_artifact_512mb.bin,chunk_oracle_best_size,1048576,468,490733568,1048576,271210,0.25864601135253906,zstd_19,4.919273209916163,0.3568267822265625,0.44205474853515625,256,1048576
results/phase3_interleaved/interleaved_1mb_oracle.adc,data/ml_data/phase3_interleaved_ml_artifact_512mb.bin,chunk_oracle_best_size,1048576,469,491782144,1048576,190016,0.18121337890625,lzma_6,4.861148451771849,0.36237525939941406,0.4410543441772461,256,1048576
results/phase3_interleaved/interleaved_1mb_oracle.adc,data/ml_data/phase3_interleaved_ml_artifact_512mb.bin,chunk_oracle_best_size,1048576,470,492830720,1048576,271855,0.2592611312866211,zstd_19,5.607475281705112,0.4126472473144531,0.3079051971435547,256,1048576
results/phase3_interleaved/interleaved_1mb_oracle.adc,data/ml_data/phase3_interleaved_ml_artifact_512mb.bin,chunk_oracle_best_size,1048576,471,493879296,1048576,453032,0.43204498291015625,lzma_6,6.702362031428653,0.4728097915649414,0.19287872314453125,256,1048576
results/phase3_interleaved/interleaved_1mb_oracle.adc,data/ml_data/phase3_interleaved_ml_artifact_512mb.bin,chunk_oracle_best_size,1048576,472,494927872,1048576,10848,0.010345458984375,lzma_6,3.3973142118319175,0.5001621246337891,0.499786376953125,57,1048576
results/phase3_interleaved/interleaved_1mb_oracle.adc,data/ml_data/phase3_interleaved_ml_artifact_512mb.bin,chunk_oracle_best_size,1048576,473,495976448,1048576,454212,0.4331703186035156,lzma_6,6.670670612896078,0.4705047607421875,0.19222545623779297,256,1048576
results/phase3_interleaved/interleaved_1mb_oracle.adc,data/ml_data/phase3_interleaved_ml_artifact_512mb.bin,chunk_oracle_best_size,1048576,474,497025024,1048576,191084,0.18223190307617188,lzma_6,5.544649817509342,0.42313480377197266,0.3075065612792969,256,1048576
results/phase3_interleaved/interleaved_1mb_oracle.adc,data/ml_data/phase3_interleaved_ml_artifact_512mb.bin,chunk_oracle_best_size,1048576,475,498073600,1048576,271216,0.2586517333984375,zstd_19,4.926935311375357,0.3554534912109375,0.4416675567626953,256,1048576
results/phase3_interleaved/interleaved_1mb_oracle.adc,data/ml_data/phase3_interleaved_ml_artifact_512mb.bin,chunk_oracle_best_size,1048576,476,499122176,1048576,187948,0.17924118041992188,lzma_6,4.845673203582357,0.36754417419433594,0.44061756134033203,256,1048576
results/phase3_interleaved/interleaved_1mb_oracle.adc,data/ml_data/phase3_interleaved_ml_artifact_512mb.bin,chunk_oracle_best_size,1048576,477,500170752,1048576,270750,0.2582073211669922,zstd_19,5.600609111708268,0.41063880920410156,0.3079261779785156,256,1048576
results/phase3_interleaved/interleaved_1mb_oracle.adc,data/ml_data/phase3_interleaved_ml_artifact_512mb.bin,chunk_oracle_best_size,1048576,478,501219328,1048576,452784,0.4318084716796875,lzma_6,6.694787021805712,0.4631080627441406,0.19274520874023438,256,1048576
results/phase3_interleaved/interleaved_1mb_oracle.adc,data/ml_data/phase3_interleaved_ml_artifact_512mb.bin,chunk_oracle_best_size,1048576,479,502267904,1048576,10752,0.01025390625,lzma_6,3.3968462859066646,0.5001621246337891,0.499786376953125,57,1048576
results/phase3_interleaved/interleaved_1mb_oracle.adc,data/ml_data/phase3_interleaved_ml_artifact_512mb.bin,chunk_oracle_best_size,1048576,480,503316480,1048576,458208,0.436981201171875,lzma_6,6.668360460703855,0.45409488677978516,0.1912860870361328,256,1048576
results/phase3_interleaved/interleaved_1mb_oracle.adc,data/ml_data/phase3_interleaved_ml_artifact_512mb.bin,chunk_oracle_best_size,1048576,481,504365056,1048576,184936,0.17636871337890625,lzma_6,5.502653684698307,0.4250307083129883,0.3079700469970703,256,1048576
results/phase3_interleaved/interleaved_1mb_oracle.adc,data/ml_data/phase3_interleaved_ml_artifact_512mb.bin,chunk_oracle_best_size,1048576,482,505413632,1048576,271276,0.2587089538574219,zstd_19,4.9367736362429895,0.3544931411743164,0.44138240814208984,256,1048576
results/phase3_interleaved/interleaved_1mb_oracle.adc,data/ml_data/phase3_interleaved_ml_artifact_512mb.bin,chunk_oracle_best_size,1048576,483,506462208,1048576,190236,0.18142318725585938,lzma_6,4.881082980385029,0.3734140396118164,0.44024085998535156,256,1048576
results/phase3_interleaved/interleaved_1mb_oracle.adc,data/ml_data/phase3_interleaved_ml_artifact_512mb.bin,chunk_oracle_best_size,1048576,484,507510784,1048576,270703,0.2581624984741211,zstd_19,5.601669854014026,0.4129066467285156,0.3078956604003906,256,1048576
results/phase3_interleaved/interleaved_1mb_oracle.adc,data/ml_data/phase3_interleaved_ml_artifact_512mb.bin,chunk_oracle_best_size,1048576,485,508559360,1048576,453220,0.4322242736816406,lzma_6,6.7069879902667155,0.46698951721191406,0.19195938110351562,256,1048576
results/phase3_interleaved/interleaved_1mb_oracle.adc,data/ml_data/phase3_interleaved_ml_artifact_512mb.bin,chunk_oracle_best_size,1048576,486,509607936,1048576,10740,0.010242462158203125,lzma_6,3.396571728301678,0.5001621246337891,0.499786376953125,57,1048576
results/phase3_interleaved/interleaved_1mb_oracle.adc,data/ml_data/phase3_interleaved_ml_artifact_512mb.bin,chunk_oracle_best_size,1048576,487,510656512,1048576,453424,0.4324188232421875,lzma_6,6.670262435377961,0.4664630889892578,0.19133853912353516,256,1048576
results/phase3_interleaved/interleaved_1mb_oracle.adc,data/ml_data/phase3_interleaved_ml_artifact_512mb.bin,chunk_oracle_best_size,1048576,488,511705088,1048576,182068,0.17363357543945312,lzma_6,5.506337488672022,0.43497562408447266,0.30821800231933594,256,1048576
results/phase3_interleaved/interleaved_1mb_oracle.adc,data/ml_data/phase3_interleaved_ml_artifact_512mb.bin,chunk_oracle_best_size,1048576,489,512753664,1048576,271211,0.25864696502685547,zstd_19,4.941693635773319,0.35392093658447266,0.4411201477050781,256,1048576
results/phase3_interleaved/interleaved_1mb_oracle.adc,data/ml_data/phase3_interleaved_ml_artifact_512mb.bin,chunk_oracle_best_size,1048576,490,513802240,1048576,188760,0.18001556396484375,lzma_6,4.814104910790447,0.3709573745727539,0.4418678283691406,256,1048576
results/phase3_interleaved/interleaved_1mb_oracle.adc,data/ml_data/phase3_interleaved_ml_artifact_512mb.bin,chunk_oracle_best_size,1048576,491,514850816,1048576,270976,0.2584228515625,zstd_19,5.599574180053159,0.41158008575439453,0.30788516998291016,256,1048576
results/phase3_interleaved/interleaved_1mb_oracle.adc,data/ml_data/phase3_interleaved_ml_artifact_512mb.bin,chunk_oracle_best_size,1048576,492,515899392,1048576,448384,0.4276123046875,lzma_6,6.705279196159257,0.4641733169555664,0.19158649444580078,256,1048576
results/phase3_interleaved/interleaved_1mb_oracle.adc,data/ml_data/phase3_interleaved_ml_artifact_512mb.bin,chunk_oracle_best_size,1048576,493,516947968,1048576,10756,0.010257720947265625,lzma_6,3.4005543514207552,0.5001621246337891,0.499786376953125,57,1048576
results/phase3_interleaved/interleaved_1mb_oracle.adc,data/ml_data/phase3_interleaved_ml_artifact_512mb.bin,chunk_oracle_best_size,1048576,494,517996544,1048576,459108,0.4378395080566406,lzma_6,6.659594936171569,0.4650859832763672,0.19277191162109375,256,1048576
results/phase3_interleaved/interleaved_1mb_oracle.adc,data/ml_data/phase3_interleaved_ml_artifact_512mb.bin,chunk_oracle_best_size,1048576,495,519045120,1048576,182220,0.17377853393554688,lzma_6,5.536674247196838,0.42438697814941406,0.30762672424316406,256,1048576
results/phase3_interleaved/interleaved_1mb_oracle.adc,data/ml_data/phase3_interleaved_ml_artifact_512mb.bin,chunk_oracle_best_size,1048576,496,520093696,1048576,271300,0.2587318420410156,lzma_6,4.947086932995402,0.35318660736083984,0.44091033935546875,256,1048576
results/phase3_interleaved/interleaved_1mb_oracle.adc,data/ml_data/phase3_interleaved_ml_artifact_512mb.bin,chunk_oracle_best_size,1048576,497,521142272,1048576,186904,0.17824554443359375,lzma_6,4.816711544243898,0.37448883056640625,0.4413938522338867,256,1048576
results/phase3_interleaved/interleaved_1mb_oracle.adc,data/ml_data/phase3_interleaved_ml_artifact_512mb.bin,chunk_oracle_best_size,1048576,498,522190848,1048576,270576,0.2580413818359375,zstd_19,5.59450355146034,0.41263294219970703,0.30789661407470703,256,1048576
results/phase3_interleaved/interleaved_1mb_oracle.adc,data/ml_data/phase3_interleaved_ml_artifact_512mb.bin,chunk_oracle_best_size,1048576,499,523239424,1048576,454848,0.43377685546875,lzma_6,6.727479913869474,0.45554161071777344,0.19162368774414062,256,1048576
results/phase3_interleaved/interleaved_1mb_oracle.adc,data/ml_data/phase3_interleaved_ml_artifact_512mb.bin,chunk_oracle_best_size,1048576,500,524288000,1048576,10884,0.010379791259765625,lzma_6,3.388806851291983,0.5001621246337891,0.499786376953125,57,1048576
results/phase3_interleaved/interleaved_1mb_oracle.adc,data/ml_data/phase3_interleaved_ml_artifact_512mb.bin,chunk_oracle_best_size,1048576,501,525336576,1048576,453756,0.4327354431152344,lzma_6,6.656852630850931,0.46390533447265625,0.19246292114257812,256,1048576
results/phase3_interleaved/interleaved_1mb_oracle.adc,data/ml_data/phase3_interleaved_ml_artifact_512mb.bin,chunk_oracle_best_size,1048576,502,526385152,1048576,183612,0.17510604858398438,lzma_6,5.528632561306574,0.4335460662841797,0.30776023864746094,256,1048576
results/phase3_interleaved/interleaved_1mb_oracle.adc,data/ml_data/phase3_interleaved_ml_artifact_512mb.bin,chunk_oracle_best_size,1048576,503,527433728,1048576,271209,0.25864505767822266,zstd_19,4.952413690894592,0.35237693786621094,0.44063472747802734,256,1048576
results/phase3_interleaved/interleaved_1mb_oracle.adc,data/ml_data/phase3_interleaved_ml_artifact_512mb.bin,chunk_oracle_best_size,1048576,504,528482304,1048576,187972,0.17926406860351562,lzma_6,4.831233959827948,0.3570890426635742,0.44147300720214844,256,1048576
results/phase3_interleaved/interleaved_1mb_oracle.adc,data/ml_data/phase3_interleaved_ml_artifact_512mb.bin,chunk_oracle_best_size,1048576,505,529530880,1048576,270957,0.2584047317504883,zstd_19,5.605216654541667,0.4131021499633789,0.30784130096435547,256,1048576
results/phase3_interleaved/interleaved_1mb_oracle.adc,data/ml_data/phase3_interleaved_ml_artifact_512mb.bin,chunk_oracle_best_size,1048576,506,530579456,1048576,448484,0.4277076721191406,lzma_6,6.713769581256636,0.4600973129272461,0.19147872924804688,256,1048576
results/phase3_interleaved/interleaved_1mb_oracle.adc,data/ml_data/phase3_interleaved_ml_artifact_512mb.bin,chunk_oracle_best_size,1048576,507,531628032,1048576,10752,0.01025390625,lzma_6,3.3960803478707224,0.5001621246337891,0.499786376953125,57,1048576
results/phase3_interleaved/interleaved_1mb_oracle.adc,data/ml_data/phase3_interleaved_ml_artifact_512mb.bin,chunk_oracle_best_size,1048576,508,532676608,1048576,449368,0.42855072021484375,lzma_6,6.643070465478821,0.4699983596801758,0.19258594512939453,256,1048576
results/phase3_interleaved/interleaved_1mb_oracle.adc,data/ml_data/phase3_interleaved_ml_artifact_512mb.bin,chunk_oracle_best_size,1048576,509,533725184,1048576,187896,0.17919158935546875,lzma_6,5.536101763565102,0.4196453094482422,0.3077249526977539,256,1048576
results/phase3_interleaved/interleaved_1mb_oracle.adc,data/ml_data/phase3_interleaved_ml_artifact_512mb.bin,chunk_oracle_best_size,1048576,510,534773760,1048576,271298,0.2587299346923828,zstd_19,4.95524121415547,0.35179805755615234,0.4405174255371094,256,1048576
results/phase3_interleaved/interleaved_1mb_oracle.adc,data/ml_data/phase3_interleaved_ml_artifact_512mb.bin,chunk_oracle_best_size,1048576,511,535822336,1048576,185904,0.1772918701171875,lzma_6,4.850340503610375,0.3710927963256836,0.4408445358276367,256,1048576
results/phase3_interleaved/interleaved_4mb_oracle.adc,data/ml_data/phase3_interleaved_ml_artifact_512mb.bin,chunk_oracle_best_size,4194304,0,0,4194304,924336,0.22037887573242188,lzma_6,5.362953337192984,0.43488454818725586,0.3627126216888428,256,4194304
results/phase3_interleaved/interleaved_4mb_oracle.adc,data/ml_data/phase3_interleaved_ml_artifact_512mb.bin,chunk_oracle_best_size,4194304,1,4194304,4194304,1112324,0.2651987075805664,lzma_6,5.628347195474308,0.4065988063812256,0.3453502655029297,256,4194304
results/phase3_interleaved/interleaved_4mb_oracle.adc,data/ml_data/phase3_interleaved_ml_artifact_512mb.bin,chunk_oracle_best_size,4194304,2,8388608,4194304,1199380,0.28595447540283203,lzma_6,5.853600719232564,0.46659231185913086,0.2978479862213135,256,4194304
results/phase3_interleaved/interleaved_4mb_oracle.adc,data/ml_data/phase3_interleaved_ml_artifact_512mb.bin,chunk_oracle_best_size,4194304,3,12582912,4194304,921660,0.2197408676147461,lzma_6,5.338706735446167,0.3888413906097412,0.3746979236602783,256,4194304
results/phase3_interleaved/interleaved_4mb_oracle.adc,data/ml_data/phase3_interleaved_ml_artifact_512mb.bin,chunk_oracle_best_size,4194304,4,16777216,4194304,1111164,0.2649221420288086,lzma_9,5.825684980399245,0.4664945602416992,0.2979457378387451,256,4194304
results/phase3_interleaved/interleaved_4mb_oracle.adc,data/ml_data/phase3_interleaved_ml_artifact_512mb.bin,chunk_oracle_best_size,4194304,5,20971520,4194304,1183596,0.28219127655029297,lzma_6,5.66133961188872,0.40372729301452637,0.3457980155944824,256,4194304
results/phase3_interleaved/interleaved_4mb_oracle.adc,data/ml_data/phase3_interleaved_ml_artifact_512mb.bin,chunk_oracle_best_size,4194304,6,25165824,4194304,943692,0.22499370574951172,lzma_6,5.361205411887699,0.4396700859069824,0.36021995544433594,256,4194304
results/phase3_interleaved/interleaved_4mb_oracle.adc,data/ml_data/phase3_interleaved_ml_artifact_512mb.bin,chunk_oracle_best_size,4194304,7,29360128,4194304,914788,0.21810245513916016,lzma_6,5.388080036765757,0.43485236167907715,0.3601696491241455,256,4194304
results/phase3_interleaved/interleaved_4mb_oracle.adc,data/ml_data/phase3_interleaved_ml_artifact_512mb.bin,chunk_oracle_best_size,4194304,8,33554432,4194304,1109536,0.26453399658203125,lzma_6,5.614660992869166,0.40479421615600586,0.34556150436401367,256,4194304
results/phase3_interleaved/interleaved_4mb_oracle.adc,data/ml_data/phase3_interleaved_ml_artifact_512mb.bin,chunk_oracle_best_size,4194304,9,37748736,4194304,1197288,0.28545570373535156,lzma_9,5.854667889196765,0.4606914520263672,0.2980790138244629,256,4194304
results/phase3_interleaved/interleaved_4mb_oracle.adc,data/ml_data/phase3_interleaved_ml_artifact_512mb.bin,chunk_oracle_best_size,4194304,10,41943040,4194304,927356,0.2210988998413086,lzma_6,5.343250789232182,0.39006996154785156,0.37460756301879883,256,4194304
results/phase3_interleaved/interleaved_4mb_oracle.adc,data/ml_data/phase3_interleaved_ml_artifact_512mb.bin,chunk_oracle_best_size,4194304,11,46137344,4194304,1126192,0.2685050964355469,lzma_9,5.834845882280798,0.4661102294921875,0.29788875579833984,256,4194304
results/phase3_interleaved/interleaved_4mb_oracle.adc,data/ml_data/phase3_interleaved_ml_artifact_512mb.bin,chunk_oracle_best_size,4194304,12,50331648,4194304,1187268,0.2830667495727539,lzma_6,5.666304163400497,0.39897847175598145,0.345379114151001,256,4194304
results/phase3_interleaved/interleaved_4mb_oracle.adc,data/ml_data/phase3_interleaved_ml_artifact_512mb.bin,chunk_oracle_best_size,4194304,13,54525952,4194304,923128,0.2200908660888672,lzma_6,5.3764647697048495,0.4348747730255127,0.3601033687591553,256,4194304
results/phase3_interleaved/interleaved_4mb_oracle.adc,data/ml_data/phase3_interleaved_ml_artifact_512mb.bin,chunk_oracle_best_size,4194304,14,58720256,4194304,925700,0.2207040786743164,lzma_6,5.379273216742995,0.43572378158569336,0.36065125465393066,256,4194304
results/phase3_interleaved/interleaved_4mb_oracle.adc,data/ml_data/phase3_interleaved_ml_artifact_512mb.bin,chunk_oracle_best_size,4194304,15,62914560,4194304,1103216,0.2630271911621094,lzma_9,5.617680527828055,0.4035067558288574,0.3456547260284424,256,4194304
results/phase3_interleaved/interleaved_4mb_oracle.adc,data/ml_data/phase3_interleaved_ml_artifact_512mb.bin,chunk_oracle_best_size,4194304,16,67108864,4194304,1210948,0.2887125015258789,lzma_6,5.852105309081863,0.45868873596191406,0.2981855869293213,256,4194304
results/phase3_interleaved/interleaved_4mb_oracle.adc,data/ml_data/phase3_interleaved_ml_artifact_512mb.bin,chunk_oracle_best_size,4194304,17,71303168,4194304,917088,0.21865081787109375,lzma_6,5.34000229677538,0.3925621509552002,0.37458014488220215,256,4194304
results/phase3_interleaved/interleaved_4mb_oracle.adc,data/ml_data/phase3_interleaved_ml_artifact_512mb.bin,chunk_oracle_best_size,4194304,18,75497472,4194304,1105244,0.26351070404052734,lzma_6,5.822176169307234,0.46472787857055664,0.29799413681030273,256,4194304
results/phase3_interleaved/interleaved_4mb_oracle.adc,data/ml_data/phase3_interleaved_ml_artifact_512mb.bin,chunk_oracle_best_size,4194304,19,79691776,4194304,1183212,0.28209972381591797,lzma_6,5.667888797250218,0.3986966609954834,0.3453972339630127,256,4194304
results/phase3_interleaved/interleaved_4mb_oracle.adc,data/ml_data/phase3_interleaved_ml_artifact_512mb.bin,chunk_oracle_best_size,4194304,20,83886080,4194304,926280,0.2208423614501953,lzma_6,5.369754841923774,0.4371459484100342,0.3604857921600342,256,4194304
results/phase3_interleaved/interleaved_4mb_oracle.adc,data/ml_data/phase3_interleaved_ml_artifact_512mb.bin,chunk_oracle_best_size,4194304,21,88080384,4194304,916044,0.21840190887451172,lzma_6,5.382237441414805,0.4355146884918213,0.3601877689361572,256,4194304
results/phase3_interleaved/interleaved_4mb_oracle.adc,data/ml_data/phase3_interleaved_ml_artifact_512mb.bin,chunk_oracle_best_size,4194304,22,92274688,4194304,1114112,0.265625,lzma_6,5.617730484727421,0.4043912887573242,0.3456883430480957,256,4194304
results/phase3_interleaved/interleaved_4mb_oracle.adc,data/ml_data/phase3_interleaved_ml_artifact_512mb.bin,chunk_oracle_best_size,4194304,23,96468992,4194304,1208212,0.28806018829345703,lzma_6,5.86129012444809,0.4575204849243164,0.2979397773742676,256,4194304
results/phase3_interleaved/interleaved_4mb_oracle.adc,data/ml_data/phase3_interleaved_ml_artifact_512mb.bin,chunk_oracle_best_size,4194304,24,100663296,4194304,924796,0.2204885482788086,lzma_6,5.343659542096464,0.3887505531311035,0.37442946434020996,256,4194304
results/phase3_interleaved/interleaved_4mb_oracle.adc,data/ml_data/phase3_interleaved_ml_artifact_512mb.bin,chunk_oracle_best_size,4194304,25,104857600,4194304,1095780,0.26125431060791016,lzma_6,5.822094009190704,0.4666280746459961,0.2979092597961426,256,4194304
results/phase3_interleaved/interleaved_4mb_oracle.adc,data/ml_data/phase3_interleaved_ml_artifact_512mb.bin,chunk_oracle_best_size,4194304,26,109051904,4194304,1182408,0.2819080352783203,lzma_6,5.647474422954193,0.39862561225891113,0.34592413902282715,256,4194304
results/phase3_interleaved/interleaved_4mb_oracle.adc,data/ml_data/phase3_interleaved_ml_artifact_512mb.bin,chunk_oracle_best_size,4194304,27,113246208,4194304,933744,0.22262191772460938,lzma_6,5.372500228994821,0.43474578857421875,0.36029529571533203,256,4194304
results/phase3_interleaved/interleaved_4mb_oracle.adc,data/ml_data/phase3_interleaved_ml_artifact_512mb.bin,chunk_oracle_best_size,4194304,28,117440512,4194304,926228,0.22082996368408203,lzma_6,5.386210759175942,0.4341721534729004,0.36041998863220215,256,4194304
results/phase3_interleaved/interleaved_4mb_oracle.adc,data/ml_data/phase3_interleaved_ml_artifact_512mb.bin,chunk_oracle_best_size,4194304,29,121634816,4194304,1118836,0.2667512893676758,lzma_6,5.630345667733014,0.4015686511993408,0.3453357219696045,256,4194304
results/phase3_interleaved/interleaved_4mb_oracle.adc,data/ml_data/phase3_interleaved_ml_artifact_512mb.bin,chunk_oracle_best_size,4194304,30,125829120,4194304,1205568,0.2874298095703125,lzma_6,5.854644595817068,0.45830869674682617,0.2978169918060303,256,4194304
results/phase3_interleaved/interleaved_4mb_oracle.adc,data/ml_data/phase3_interleaved_ml_artifact_512mb.bin,chunk_oracle_best_size,4194304,31,130023424,4194304,917132,0.21866130828857422,lzma_6,5.332242999356196,0.39176511764526367,0.3747386932373047,256,4194304
results/phase3_interleaved/interleaved_4mb_oracle.adc,data/ml_data/phase3_interleaved_ml_artifact_512mb.bin,chunk_oracle_best_size,4194304,32,134217728,4194304,1106804,0.2638826370239258,lzma_6,5.8220201170088215,0.46671462059020996,0.2982769012451172,256,4194304
results/phase3_interleaved/interleaved_4mb_oracle.adc,data/ml_data/phase3_interleaved_ml_artifact_512mb.bin,chunk_oracle_best_size,4194304,33,138412032,4194304,1177444,0.28072452545166016,lzma_6,5.661189963731889,0.3965423107147217,0.34552884101867676,256,4194304
results/phase3_interleaved/interleaved_4mb_oracle.adc,data/ml_data/phase3_interleaved_ml_artifact_512mb.bin,chunk_oracle_best_size,4194304,34,142606336,4194304,929824,0.22168731689453125,lzma_6,5.375263762676649,0.43497300148010254,0.3602120876312256,256,4194304
results/phase3_interleaved/interleaved_4mb_oracle.adc,data/ml_data/phase3_interleaved_ml_artifact_512mb.bin,chunk_oracle_best_size,4194304,35,146800640,4194304,923244,0.22011852264404297,lzma_9,5.3908995235027195,0.43395519256591797,0.36017775535583496,256,4194304
results/phase3_interleaved/interleaved_4mb_oracle.adc,data/ml_data/phase3_interleaved_ml_artifact_512mb.bin,chunk_oracle_best_size,4194304,36,150994944,4194304,1112888,0.2653331756591797,lzma_6,5.629034772695568,0.40273475646972656,0.34540772438049316,256,4194304
results/phase3_interleaved/interleaved_4mb_oracle.adc,data/ml_data/phase3_interleaved_ml_artifact_512mb.bin,chunk_oracle_best_size,4194304,37,155189248,4194304,1193484,0.2845487594604492,lzma_9,5.846513154950158,0.4622936248779297,0.29819369316101074,256,4194304
results/phase3_interleaved/interleaved_4mb_oracle.adc,data/ml_data/phase3_interleaved_ml_artifact_512mb.bin,chunk_oracle_best_size,4194304,38,159383552,4194304,923924,0.22028064727783203,lzma_6,5.338525337897032,0.39101243019104004,0.37465882301330566,256,4194304
results/phase3_interleaved/interleaved_4mb_oracle.adc,data/ml_data/phase3_interleaved_ml_artifact_512mb.bin,chunk_oracle_best_size,4194304,39,163577856,4194304,1096580,0.2614450454711914,lzma_9,5.824078186551371,0.4618101119995117,0.2981870174407959,256,4194304
results/phase3_interleaved/interleaved_4mb_oracle.adc,data/ml_data/phase3_interleaved_ml_artifact_512mb.bin,chunk_oracle_best_size,4194304,40,167772160,4194304,1190876,0.28392696380615234,lzma_9,5.664571256697375,0.3987250328063965,0.34562158584594727,256,4194304
results/phase3_interleaved/interleaved_4mb_oracle.adc,data/ml_data/phase3_interleaved_ml_artifact_512mb.bin,chunk_oracle_best_size,4194304,41,171966464,4194304,930596,0.22187137603759766,lzma_6,5.3781205379463,0.4341757297515869,0.3601651191711426,256,4194304
results/phase3_interleaved/interleaved_4mb_oracle.adc,data/ml_data/phase3_interleaved_ml_artifact_512mb.bin,chunk_oracle_best_size,4194304,42,176160768,4194304,921208,0.2196331024169922,lzma_9,5.387293807192391,0.43595099449157715,0.36031651496887207,256,4194304
results/phase3_interleaved/interleaved_4mb_oracle.adc,data/ml_data/phase3_interleaved_ml_artifact_512mb.bin,chunk_oracle_best_size,4194304,43,180355072,4194304,1113876,0.26556873321533203,lzma_6,5.614454657603899,0.40325117111206055,0.3460078239440918,256,4194304
results/phase3_interleaved/interleaved_4mb_oracle.adc,data/ml_data/phase3_interleaved_ml_artifact_512mb.bin,chunk_oracle_best_size,4194304,44,184549376,4194304,1201680,0.2865028381347656,lzma_6,5.852923109499202,0.46056413650512695,0.2980360984802246,256,4194304
results/phase3_interleaved/interleaved_4mb_oracle.adc,data/ml_data/phase3_interleaved_ml_artifact_512mb.bin,chunk_oracle_best_size,4194304,45,188743680,4194304,924092,0.2203207015991211,lzma_6,5.344222414348709,0.3889784812927246,0.3746333122253418,256,4194304
results/phase3_interleaved/interleaved_4mb_oracle.adc,data/ml_data/phase3_interleaved_ml_artifact_512mb.bin,chunk_oracle_best_size,4194304,46,192937984,4194304,1109944,0.2646312713623047,lzma_9,5.83219604667829,0.46012091636657715,0.297776460647583,256,4194304
results/phase3_interleaved/interleaved_4mb_oracle.adc,data/ml_data/phase3_interleaved_ml_artifact_512mb.bin,chunk_oracle_best_size,4194304,47,197132288,4194304,1183444,0.28215503692626953,lzma_6,5.671902565029805,0.39589667320251465,0.3454134464263916,256,4194304
results/phase3_interleaved/interleaved_4mb_oracle.adc,data/ml_data/phase3_interleaved_ml_artifact_512mb.bin,chunk_oracle_best_size,4194304,48,201326592,4194304,933008,0.22244644165039062,lzma_6,5.363360286593107,0.43420982360839844,0.3606228828430176,256,4194304
results/phase3_interleaved/interleaved_4mb_oracle.adc,data/ml_data/phase3_interleaved_ml_artifact_512mb.bin,chunk_oracle_best_size,4194304,49,205520896,4194304,922788,0.22000980377197266,lzma_6,5.3806284469532955,0.43677282333374023,0.3605620861053467,256,4194304
results/phase3_interleaved/interleaved_4mb_oracle.adc,data/ml_data/phase3_interleaved_ml_artifact_512mb.bin,chunk_oracle_best_size,4194304,50,209715200,4194304,1104664,0.26337242126464844,lzma_6,5.623742062220496,0.4031636714935303,0.34560680389404297,256,4194304
results/phase3_interleaved/interleaved_4mb_oracle.adc,data/ml_data/phase3_interleaved_ml_artifact_512mb.bin,chunk_oracle_best_size,4194304,51,213909504,4194304,1203612,0.28696346282958984,lzma_6,5.853531700226645,0.45850682258605957,0.2979896068572998,256,4194304
results/phase3_interleaved/interleaved_4mb_oracle.adc,data/ml_data/phase3_interleaved_ml_artifact_512mb.bin,chunk_oracle_best_size,4194304,52,218103808,4194304,921712,0.21975326538085938,lzma_6,5.339439409656223,0.3897418975830078,0.3746490478515625,256,4194304
results/phase3_interleaved/interleaved_4mb_oracle.adc,data/ml_data/phase3_interleaved_ml_artifact_512mb.bin,chunk_oracle_best_size,4194304,53,222298112,4194304,1097520,0.2616691589355469,lzma_9,5.826203101131504,0.4614999294281006,0.2980477809906006,256,4194304
results/phase3_interleaved/interleaved_4mb_oracle.adc,data/ml_data/phase3_interleaved_ml_artifact_512mb.bin,chunk_oracle_best_size,4194304,54,226492416,4194304,1183648,0.28220367431640625,lzma_6,5.657355485708752,0.4046297073364258,0.3457376956939697,256,4194304
results/phase3_interleaved/interleaved_4mb_oracle.adc,data/ml_data/phase3_interleaved_ml_artifact_512mb.bin,chunk_oracle_best_size,4194304,55,230686720,4194304,929340,0.2215719223022461,lzma_6,5.369026728873426,0.4384729862213135,0.3602445125579834,256,4194304
results/phase3_interleaved/interleaved_4mb_oracle.adc,data/ml_data/phase3_interleaved_ml_artifact_512mb.bin,chunk_oracle_best_size,4194304,56,234881024,4194304,925020,0.22054195404052734,lzma_6,5.375858001395101,0.43814516067504883,0.360318660736084,256,4194304
results/phase3_interleaved/interleaved_4mb_oracle.adc,data/ml_data/phase3_interleaved_ml_artifact_512mb.bin,chunk_oracle_best_size,4194304,57,239075328,4194304,1109784,0.26459312438964844,lzma_9,5.62790349248951,0.4031064510345459,0.345400333404541,256,4194304
results/phase3_interleaved/interleaved_4mb_oracle.adc,data/ml_data/phase3_interleaved_ml_artifact_512mb.bin,chunk_oracle_best_size,4194304,58,243269632,4194304,1209280,0.2883148193359375,lzma_6,5.851876665944506,0.4593534469604492,0.29781556129455566,256,4194304
results/phase3_interleaved/interleaved_4mb_oracle.adc,data/ml_data/phase3_interleaved_ml_artifact_512mb.bin,chunk_oracle_best_size,4194304,59,247463936,4194304,921776,0.21976852416992188,lzma_6,5.346626705098348,0.3870720863342285,0.3743586540222168,256,4194304
results/phase3_interleaved/interleaved_4mb_oracle.adc,data/ml_data/phase3_interleaved_ml_artifact_512mb.bin,chunk_oracle_best_size,4194304,60,251658240,4194304,1111088,0.2649040222167969,lzma_6,5.8249919599099815,0.46711039543151855,0.29808759689331055,256,4194304
results/phase3_interleaved/interleaved_4mb_oracle.adc,data/ml_data/phase3_interleaved_ml_artifact_512mb.bin,chunk_oracle_best_size,4194304,61,255852544,4194304,1179324,0.2811727523803711,lzma_6,5.652794240130204,0.4022543430328369,0.34568047523498535,256,4194304
results/phase3_interleaved/interleaved_4mb_oracle.adc,data/ml_data/phase3_interleaved_ml_artifact_512mb.bin,chunk_oracle_best_size,4194304,62,260046848,4194304,929592,0.2216320037841797,lzma_6,5.365251900410168,0.44008660316467285,0.3603825569152832,256,4194304
results/phase3_interleaved/interleaved_4mb_oracle.adc,data/ml_data/phase3_interleaved_ml_artifact_512mb.bin,chunk_oracle_best_size,4194304,63,264241152,4194304,920872,0.21955299377441406,lzma_6,5.390857492216167,0.4401710033416748,0.36005091667175293,256,4194304
results/phase3_interleaved/interleaved_4mb_oracle.adc,data/ml_data/phase3_interleaved_ml_artifact_512mb.bin,chunk_oracle_best_size,4194304,64,268435456,4194304,1110776,0.2648296356201172,lzma_6,5.633998859245496,0.4042856693267822,0.34514713287353516,256,4194304
results/phase3_interleaved/interleaved_4mb_oracle.adc,data/ml_data/phase3_interleaved_ml_artifact_512mb.bin,chunk_oracle_best_size,4194304,65,272629760,4194304,1206352,0.2876167297363281,lzma_9,5.855012343660787,0.46347737312316895,0.29813551902770996,256,4194304
results/phase3_interleaved/interleaved_4mb_oracle.adc,data/ml_data/phase3_interleaved_ml_artifact_512mb.bin,chunk_oracle_best_size,4194304,66,276824064,4194304,912456,0.2175464630126953,lzma_6,5.350067265935044,0.39327549934387207,0.3745694160461426,256,4194304
results/phase3_interleaved/interleaved_4mb_oracle.adc,data/ml_data/phase3_interleaved_ml_artifact_512mb.bin,chunk_oracle_best_size,4194304,67,281018368,4194304,1097344,0.261627197265625,lzma_6,5.830446860087295,0.46234989166259766,0.29802513122558594,256,4194304
results/phase3_interleaved/interleaved_4mb_oracle.adc,data/ml_data/phase3_interleaved_ml_artifact_512mb.bin,chunk_oracle_best_size,4194304,68,285212672,4194304,1180220,0.2813863754272461,lzma_6,5.663409823836991,0.4039919376373291,0.3454108238220215,256,4194304
results/phase3_interleaved/interleaved_4mb_oracle.adc,data/ml_data/phase3_interleaved_ml_artifact_512mb.bin,chunk_oracle_best_size,4194304,69,289406976,4194304,928792,0.22144126892089844,lzma_9,5.372444620236632,0.43840670585632324,0.36014270782470703,256,4194304
results/phase3_interleaved/interleaved_4mb_oracle.adc,data/ml_data/phase3_interleaved_ml_artifact_512mb.bin,chunk_oracle_best_size,4194304,70,293601280,4194304,916940,0.21861553192138672,lzma_6,5.393674499831286,0.43570876121520996,0.3601219654083252,256,4194304
results/phase3_interleaved/interleaved_4mb_oracle.adc,data/ml_data/phase3_interleaved_ml_artifact_512mb.bin,chunk_oracle_best_size,4194304,71,297795584,4194304,1112516,0.2652444839477539,lzma_6,5.625519724687476,0.4082615375518799,0.3455502986907959,256,4194304
results/phase3_interleaved/interleaved_4mb_oracle.adc,data/ml_data/phase3_interleaved_ml_artifact_512mb.bin,chunk_oracle_best_size,4194304,72,301989888,4194304,1190940,0.28394222259521484,lzma_6,5.855230883062671,0.4611630439758301,0.2980988025665283,256,4194304
results/phase3_interleaved/interleaved_4mb_oracle.adc,data/ml_data/phase3_interleaved_ml_artifact_512mb.bin,chunk_oracle_best_size,4194304,73,306184192,4194304,917400,0.21872520446777344,lzma_9,5.357055306158242,0.3913543224334717,0.3744676113128662,256,4194304
results/phase3_interleaved/interleaved_4mb_oracle.adc,data/ml_data/phase3_interleaved_ml_artifact_512mb.bin,chunk_oracle_best_size,4194304,74,310378496,4194304,1102476,0.2628507614135742,lzma_6,5.835885691721168,0.46257519721984863,0.2977776527404785,256,4194304
results/phase3_interleaved/interleaved_4mb_oracle.adc,data/ml_data/phase3_interleaved_ml_artifact_512mb.bin,chunk_oracle_best_size,4194304,75,314572800,4194304,1177708,0.28078746795654297,lzma_6,5.667359926577054,0.3961141109466553,0.3454420566558838,256,4194304
results/phase3_interleaved/interleaved_4mb_oracle.adc,data/ml_data/phase3_interleaved_ml_artifact_512mb.bin,chunk_oracle_best_size,4194304,76,318767104,4194304,940020,0.22411823272705078,lzma_6,5.384638403079346,0.43674731254577637,0.36005520820617676,256,4194304
results/phase3_interleaved/interleaved_4mb_oracle.adc,data/ml_data/phase3_interleaved_ml_artifact_512mb.bin,chunk_oracle_best_size,4194304,77,322961408,4194304,912600,0.21758079528808594,lzma_9,5.3850992939387625,0.4389512538909912,0.3603038787841797,256,4194304
results/phase3_interleaved/interleaved_4mb_oracle.adc,data/ml_data/phase3_interleaved_ml_artifact_512mb.bin,chunk_oracle_best_size,4194304,78,327155712,4194304,1114060,0.2656126022338867,lzma_6,5.624767251354562,0.4039158821105957,0.34570884704589844,256,4194304
results/phase3_interleaved/interleaved_4mb_oracle.adc,data/ml_data/phase3_interleaved_ml_artifact_512mb.bin,chunk_oracle_best_size,4194304,79,331350016,4194304,1208208,0.2880592346191406,lzma_6,5.856655618918923,0.46335601806640625,0.29783058166503906,256,4194304
results/phase3_interleaved/interleaved_4mb_oracle.adc,data/ml_data/phase3_interleaved_ml_artifact_512mb.bin,chunk_oracle_best_size,4194304,80,335544320,4194304,916076,0.21840953826904297,lzma_9,5.354395186122705,0.38970017433166504,0.3743259906768799,256,4194304
results/phase3_interleaved/interleaved_4mb_oracle.adc,data/ml_data/phase3_interleaved_ml_artifact_512mb.bin,chunk_oracle_best_size,4194304,81,339738624,4194304,1107244,0.26398754119873047,lzma_6,5.8335111127676935,0.4633622169494629,0.2976682186126709,256,4194304
results/phase3_interleaved/interleaved_4mb_oracle.adc,data/ml_data/phase3_interleaved_ml_artifact_512mb.bin,chunk_oracle_best_size,4194304,82,343932928,4194304,1193756,0.28461360931396484,lzma_6,5.6697683633171705,0.3984696865081787,0.3456735610961914,256,4194304
results/phase3_interleaved/interleaved_4mb_oracle.adc,data/ml_data/phase3_interleaved_ml_artifact_512mb.bin,chunk_oracle_best_size,4194304,83,348127232,4194304,931120,0.22199630737304688,lzma_6,5.37794166319541,0.43641090393066406,0.36020541191101074,256,4194304
results/phase3_interleaved/interleaved_4mb_oracle.adc,data/ml_data/phase3_interleaved_ml_artifact_512mb.bin,chunk_oracle_best_size,4194304,84,352321536,4194304,923396,0.2201547622680664,lzma_6,5.392048404255586,0.43747830390930176,0.3602743148803711,256,4194304
results/phase3_interleaved/interleaved_4mb_oracle.adc,data/ml_data/phase3_interleaved_ml_artifact_512mb.bin,chunk_oracle_best_size,4194304,85,356515840,4194304,1091160,0.26015281677246094,lzma_9,5.624718461493114,0.40202999114990234,0.34537744522094727,256,4194304
results/phase3_interleaved/interleaved_4mb_oracle.adc,data/ml_data/phase3_interleaved_ml_artifact_512mb.bin,chunk_oracle_best_size,4194304,86,360710144,4194304,1198344,0.2857074737548828,lzma_6,5.863391699843471,0.4614675045013428,0.29779505729675293,256,4194304
results/phase3_interleaved/interleaved_4mb_oracle.adc,data/ml_data/phase3_interleaved_ml_artifact_512mb.bin,chunk_oracle_best_size,4194304,87,364904448,4194304,913416,0.2177753448486328,lzma_6,5.359830728241805,0.38864850997924805,0.37430477142333984,256,4194304
results/phase3_interleaved/interleaved_4mb_oracle.adc,data/ml_data/phase3_interleaved_ml_artifact_512mb.bin,chunk_oracle_best_size,4194304,88,369098752,4194304,1109460,0.26451587677001953,lzma_6,5.825295774048387,0.47015833854675293,0.29816198348999023,256,4194304
results/phase3_interleaved/interleaved_4mb_oracle.adc,data/ml_data/phase3_interleaved_ml_artifact_512mb.bin,chunk_oracle_best_size,4194304,89,373293056,4194304,1184188,0.2823324203491211,lzma_6,5.664063387022319,0.39768266677856445,0.34562230110168457,256,4194304
results/phase3_interleaved/interleaved_4mb_oracle.adc,data/ml_data/phase3_interleaved_ml_artifact_512mb.bin,chunk_oracle_best_size,4194304,90,377487360,4194304,925728,0.22071075439453125,lzma_6,5.371290892808204,0.43461012840270996,0.3601994514465332,256,4194304
results/phase3_interleaved/interleaved_4mb_oracle.adc,data/ml_data/phase3_interleaved_ml_artifact_512mb.bin,chunk_oracle_best_size,4194304,91,381681664,4194304,919460,0.21921634674072266,lzma_6,5.389322152350155,0.43567728996276855,0.3601386547088623,256,4194304
results/phase3_interleaved/interleaved_4mb_oracle.adc,data/ml_data/phase3_interleaved_ml_artifact_512mb.bin,chunk_oracle_best_size,4194304,92,385875968,4194304,1105328,0.2635307312011719,lzma_6,5.631428226558907,0.40641140937805176,0.34543752670288086,256,4194304
results/phase3_interleaved/interleaved_4mb_oracle.adc,data/ml_data/phase3_interleaved_ml_artifact_512mb.bin,chunk_oracle_best_size,4194304,93,390070272,4194304,1207056,0.2877845764160156,lzma_6,5.869968512179998,0.45699048042297363,0.2977757453918457,256,4194304
results/phase3_interleaved/interleaved_4mb_oracle.adc,data/ml_data/phase3_interleaved_ml_artifact_512mb.bin,chunk_oracle_best_size,4194304,94,394264576,4194304,921668,0.2197427749633789,lzma_6,5.348279788436723,0.3933906555175781,0.3744649887084961,256,4194304
results/phase3_interleaved/interleaved_4mb_oracle.adc,data/ml_data/phase3_interleaved_ml_artifact_512mb.bin,chunk_oracle_best_size,4194304,95,398458880,4194304,1105140,0.2634859085083008,lzma_6,5.836850196456111,0.4635939598083496,0.2979855537414551,256,4194304
results/phase3_interleaved/interleaved_4mb_oracle.adc,data/ml_data/phase3_interleaved_ml_artifact_512mb.bin,chunk_oracle_best_size,4194304,96,402653184,4194304,1185548,0.2826566696166992,lzma_6,5.666851734246545,0.3985788822174072,0.34557652473449707,256,4194304
results/phase3_interleaved/interleaved_4mb_oracle.adc,data/ml_data/phase3_interleaved_ml_artifact_512mb.bin,chunk_oracle_best_size,4194304,97,406847488,4194304,925228,0.22059154510498047,lzma_6,5.379040289907764,0.4374880790710449,0.36019420623779297,256,4194304
results/phase3_interleaved/interleaved_4mb_oracle.adc,data/ml_data/phase3_interleaved_ml_artifact_512mb.bin,chunk_oracle_best_size,4194304,98,411041792,4194304,915588,0.2182931900024414,lzma_6,5.3989591349429045,0.4341714382171631,0.3601195812225342,256,4194304
results/phase3_interleaved/interleaved_4mb_oracle.adc,data/ml_data/phase3_interleaved_ml_artifact_512mb.bin,chunk_oracle_best_size,4194304,99,415236096,4194304,1092256,0.26041412353515625,lzma_6,5.631820338590929,0.4023597240447998,0.3456268310546875,256,4194304
results/phase3_interleaved/interleaved_4mb_oracle.adc,data/ml_data/phase3_interleaved_ml_artifact_512mb.bin,chunk_oracle_best_size,4194304,100,419430400,4194304,1196772,0.28533267974853516,lzma_6,5.85479828804663,0.4602639675140381,0.29813098907470703,256,4194304
results/phase3_interleaved/interleaved_4mb_oracle.adc,data/ml_data/phase3_interleaved_ml_artifact_512mb.bin,chunk_oracle_best_size,4194304,101,423624704,4194304,916032,0.2183990478515625,lzma_6,5.344935789194212,0.3946397304534912,0.3745300769805908,256,4194304
results/phase3_interleaved/interleaved_4mb_oracle.adc,data/ml_data/phase3_interleaved_ml_artifact_512mb.bin,chunk_oracle_best_size,4194304,102,427819008,4194304,1097632,0.26169586181640625,lzma_6,5.828604969168028,0.46237730979919434,0.2977924346923828,256,4194304
results/phase3_interleaved/interleaved_4mb_oracle.adc,data/ml_data/phase3_interleaved_ml_artifact_512mb.bin,chunk_oracle_best_size,4194304,103,432013312,4194304,1181440,0.28167724609375,lzma_6,5.672723902045462,0.3986673355102539,0.3452146053314209,256,4194304
results/phase3_interleaved/interleaved_4mb_oracle.adc,data/ml_data/phase3_interleaved_ml_artifact_512mb.bin,chunk_oracle_best_size,4194304,104,436207616,4194304,925744,0.22071456909179688,lzma_6,5.384655555917054,0.4362928867340088,0.3599827289581299,256,4194304
results/phase3_interleaved/interleaved_4mb_oracle.adc,data/ml_data/phase3_interleaved_ml_artifact_512mb.bin,chunk_oracle_best_size,4194304,105,440401920,4194304,917008,0.21863174438476562,lzma_9,5.380107262036721,0.4375755786895752,0.36032795906066895,256,4194304
results/phase3_interleaved/interleaved_4mb_oracle.adc,data/ml_data/phase3_interleaved_ml_artifact_512mb.bin,chunk_oracle_best_size,4194304,106,444596224,4194304,1104928,0.26343536376953125,lzma_6,5.627125192017705,0.40228962898254395,0.34546923637390137,256,4194304
results/phase3_interleaved/interleaved_4mb_oracle.adc,data/ml_data/phase3_interleaved_ml_artifact_512mb.bin,chunk_oracle_best_size,4194304,107,448790528,4194304,1193908,0.2846498489379883,lzma_6,5.8595640212326,0.4572415351867676,0.2979586124420166,256,4194304
results/phase3_interleaved/interleaved_4mb_oracle.adc,data/ml_data/phase3_interleaved_ml_artifact_512mb.bin,chunk_oracle_best_size,4194304,108,452984832,4194304,913176,0.21771812438964844,lzma_9,5.349311288660471,0.392183780670166,0.37445974349975586,256,4194304
results/phase3_interleaved/interleaved_4mb_oracle.adc,data/ml_data/phase3_interleaved_ml_artifact_512mb.bin,chunk_oracle_best_size,4194304,109,457179136,4194304,1106464,0.26380157470703125,lzma_6,5.840181749955734,0.4667794704437256,0.29770827293395996,256,4194304
results/phase3_interleaved/interleaved_4mb_oracle.adc,data/ml_data/phase3_interleaved_ml_artifact_512mb.bin,chunk_oracle_best_size,4194304,110,461373440,4194304,1188220,0.2832937240600586,lzma_6,5.670161592669048,0.3970663547515869,0.34556102752685547,256,4194304
results/phase3_interleaved/interleaved_4mb_oracle.adc,data/ml_data/phase3_interleaved_ml_artifact_512mb.bin,chunk_oracle_best_size,4194304,111,465567744,4194304,924420,0.2203989028930664,lzma_6,5.374625947782271,0.4377908706665039,0.36030054092407227,256,4194304
results/phase3_interleaved/interleaved_4mb_oracle.adc,data/ml_data/phase3_interleaved_ml_artifact_512mb.bin,chunk_oracle_best_size,4194304,112,469762048,4194304,918824,0.21906471252441406,lzma_6,5.387977375268848,0.4381234645843506,0.3602919578552246,256,4194304
results/phase3_interleaved/interleaved_4mb_oracle.adc,data/ml_data/phase3_interleaved_ml_artifact_512mb.bin,chunk_oracle_best_size,4194304,113,473956352,4194304,1105952,0.26367950439453125,lzma_6,5.631925263651489,0.4033315181732178,0.34543871879577637,256,4194304
results/phase3_interleaved/interleaved_4mb_oracle.adc,data/ml_data/phase3_interleaved_ml_artifact_512mb.bin,chunk_oracle_best_size,4194304,114,478150656,4194304,1189068,0.2834959030151367,lzma_6,5.864606097963418,0.4591691493988037,0.29784584045410156,256,4194304
results/phase3_interleaved/interleaved_4mb_oracle.adc,data/ml_data/phase3_interleaved_ml_artifact_512mb.bin,chunk_oracle_best_size,4194304,115,482344960,4194304,926768,0.22095870971679688,lzma_6,5.359651230012822,0.39307236671447754,0.37435436248779297,256,4194304
results/phase3_interleaved/interleaved_4mb_oracle.adc,data/ml_data/phase3_interleaved_ml_artifact_512mb.bin,chunk_oracle_best_size,4194304,116,486539264,4194304,1109592,0.26454734802246094,lzma_6,5.845241491118511,0.4640207290649414,0.2976241111755371,256,4194304
results/phase3_interleaved/interleaved_4mb_oracle.adc,data/ml_data/phase3_interleaved_ml_artifact_512mb.bin,chunk_oracle_best_size,4194304,117,490733568,4194304,1188016,0.2832450866699219,lzma_6,5.665573399602582,0.4011647701263428,0.34597325325012207,256,4194304
results/phase3_interleaved/interleaved_4mb_oracle.adc,data/ml_data/phase3_interleaved_ml_artifact_512mb.bin,chunk_oracle_best_size,4194304,118,494927872,4194304,942292,0.22465991973876953,lzma_6,5.382449037788101,0.4373137950897217,0.36029648780822754,256,4194304
results/phase3_interleaved/interleaved_4mb_oracle.adc,data/ml_data/phase3_interleaved_ml_artifact_512mb.bin,chunk_oracle_best_size,4194304,119,499122176,4194304,917276,0.21869564056396484,lzma_9,5.387381569750551,0.4353632926940918,0.36026883125305176,256,4194304
results/phase3_interleaved/interleaved_4mb_oracle.adc,data/ml_data/phase3_interleaved_ml_artifact_512mb.bin,chunk_oracle_best_size,4194304,120,503316480,4194304,1108456,0.26427650451660156,lzma_9,5.638048617620796,0.40175819396972656,0.34521985054016113,256,4194304
results/phase3_interleaved/interleaved_4mb_oracle.adc,data/ml_data/phase3_interleaved_ml_artifact_512mb.bin,chunk_oracle_best_size,4194304,121,507510784,4194304,1190576,0.2838554382324219,lzma_6,5.863700491273284,0.46163034439086914,0.2977449893951416,256,4194304
results/phase3_interleaved/interleaved_4mb_oracle.adc,data/ml_data/phase3_interleaved_ml_artifact_512mb.bin,chunk_oracle_best_size,4194304,122,511705088,4194304,916268,0.21845531463623047,lzma_6,5.340088126936899,0.39285850524902344,0.3747727870941162,256,4194304
results/phase3_interleaved/interleaved_4mb_oracle.adc,data/ml_data/phase3_interleaved_ml_artifact_512mb.bin,chunk_oracle_best_size,4194304,123,515899392,4194304,1103880,0.2631855010986328,lzma_6,5.8381213273306525,0.4634521007537842,0.2979428768157959,256,4194304
results/phase3_interleaved/interleaved_4mb_oracle.adc,data/ml_data/phase3_interleaved_ml_artifact_512mb.bin,chunk_oracle_best_size,4194304,124,520093696,4194304,1183208,0.28209877014160156,lzma_6,5.669020982102055,0.39896249771118164,0.3454561233520508,256,4194304
results/phase3_interleaved/interleaved_4mb_oracle.adc,data/ml_data/phase3_interleaved_ml_artifact_512mb.bin,chunk_oracle_best_size,4194304,125,524288000,4194304,927884,0.22122478485107422,lzma_6,5.383715406414947,0.437497615814209,0.36016106605529785,256,4194304
results/phase3_interleaved/interleaved_4mb_oracle.adc,data/ml_data/phase3_interleaved_ml_artifact_512mb.bin,chunk_oracle_best_size,4194304,126,528482304,4194304,917164,0.21866893768310547,lzma_6,5.392676398894583,0.43261265754699707,0.36014485359191895,256,4194304
results/phase3_interleaved/interleaved_4mb_oracle.adc,data/ml_data/phase3_interleaved_ml_artifact_512mb.bin,chunk_oracle_best_size,4194304,127,532676608,4194304,1101280,0.26256561279296875,lzma_9,5.634585623951959,0.4031336307525635,0.34541821479797363,256,4194304
